id,name,type,description,rarity,defense,resistance,series,skills,slots
"ARMOR_ID_0001","希望面具","helm","为调查东部地区而特别制作的头部防具。面具可以阻挡沙尘，同时还不会影响呼吸。","1","2","[1,0,1,0,0]","希望","HunterSkill_086,1","0,0,0"
"ARMOR_ID_0002","希望铠甲","body","为调查东部地区而特别制作的身体防具。为了能在任何环境下狩猎，设计上下了一番苦工。","1","2","[1,0,1,0,0]","希望","HunterSkill_068,1","0,0,0"
"ARMOR_ID_0003","希望腕甲","arm","为调查东部地区而特别制作的臂部防具。指尖部分较薄且富有弹性，适合进行精密操作。","1","2","[1,0,1,0,0]","希望","HunterSkill_068,1","0,0,0"
"ARMOR_ID_0004","希望腰甲","waist","为调查东部地区而特别制作的腰部防具。经过反复调整，装入的道具可以轻松取出。","1","2","[1,0,1,0,0]","希望","HunterSkill_086,1","0,0,0"
"ARMOR_ID_0005","希望护腿","leg","为调查东部地区而特别制作的脚部防具。其结构经过仔细调整，能走遍各种地形。","1","2","[1,0,1,0,0]","希望","HunterSkill_068,1","0,0,0"
"ARMOR_ID_0006","皮制头饰","helm","以加工后的怪物皮制作而成的头部防具。任何人皆可装备，通用性高。","1","2","[2,0,0,0,0]","皮制","HunterSkill_089,1","0,0,0"
"ARMOR_ID_0007","皮制服饰","body","部分镶嵌了加工怪物皮的身体防具。采用了可轻松穿脱的简易设计。","1","2","[2,0,0,0,0]","皮制","HunterSkill_089,1","0,0,0"
"ARMOR_ID_0008","皮制手套","arm","部分镶嵌了加工怪物皮的臂部防具。虽轻巧但具有十足的防护性。","1","2","[2,0,0,0,0]","皮制","HunterSkill_105,1","0,0,0"
"ARMOR_ID_0009","皮制腰带","waist","部分镶嵌了加工怪物皮的腰部防具。功能性极佳，广受猎人们喜爱。","1","2","[2,0,0,0,0]","皮制","HunterSkill_089,1","0,0,0"
"ARMOR_ID_0010","皮制长裤","leg","部分镶嵌了加工怪物皮的脚部防具。穿得越久越合脚。","1","2","[2,0,0,0,0]","皮制","HunterSkill_089,1","0,0,0"
"ARMOR_ID_0011","锁甲头饰","helm","以铁链编织而成的头部防具。以极为常见的头盔样式，深受猎人们的信赖。","1","2","[0,2,0,0,0]","锁甲","HunterSkill_090,1","0,0,0"
"ARMOR_ID_0012","锁甲服饰","body","以铁链编织而成的身体防具。兼具功能性及防护性的传统铠甲。","1","2","[0,2,0,0,0]","锁甲","HunterSkill_090,1","0,0,0"
"ARMOR_ID_0013","锁甲手套","arm","以铁链编织而成的臂部防具。因使用方便，修理容易，而广受推崇。","1","2","[0,2,0,0,0]","锁甲","HunterSkill_090,1","0,0,0"
"ARMOR_ID_0014","锁甲腰带","waist","以铁链编织而成的腰部防具。混合各种不同素材，极力减少重量制作而成的装备。","1","2","[0,2,0,0,0]","锁甲","HunterSkill_070,1","0,0,0"
"ARMOR_ID_0015","锁甲长裤","leg","以铁链编织而成的脚部防具。铁链的编织方式经过改良，使脚部活动不受阻碍。","1","2","[0,2,0,0,0]","锁甲","HunterSkill_070,1","0,0,0"
"ARMOR_ID_0016","骨制头盔","helm","以怪物骸骨制作的传统头部防具。虽其貌不扬，但保暖性优异。","1","4","[2,0,2,0,2]","骨制","HunterSkill_024,1","0,0,0"
"ARMOR_ID_0017","骨制铠甲","body","以怪物骸骨包覆的传统身体防具。精致骨饰的设计非常独特。","1","4","[2,0,2,0,2]","骨制","HunterSkill_024,1","0,0,0"
"ARMOR_ID_0018","骨制腕甲","arm","以怪物骸骨包覆的传统臂部防具。以多种形状的骸骨巧妙搭配。","1","4","[2,0,2,0,2]","骨制","HunterSkill_086,1","0,0,0"
"ARMOR_ID_0019","骨制腰甲","waist","以怪物骸骨包覆的传统腰部防具。虽具野性的外观，但功能性良好。","1","4","[2,0,2,0,2]","骨制","HunterSkill_024,1","0,0,0"
"ARMOR_ID_0020","骨制护腿","leg","以怪物骸骨包覆的传统脚部防具。以骸骨作为素材，利于步行，不造成负担的防具。","1","4","[2,0,2,0,2]","骨制","HunterSkill_086,1","0,0,0"
"ARMOR_ID_0021","血盗虫眼镜","helm","使用血盗虫素材制作的头部防具。采用最新设计，深受时尚猎人的喜爱。","1","4","[-4,1,1,-2,4]","血盗虫","HunterSkill_162,1,HunterSkill_137,1","0,0,0"
"ARMOR_ID_0022","钳速龙腕甲","arm","使用钳速龙素材制作的臂部防具。前臂上的突起容易勾到东西，装备和收纳时都要倍加小心。","1","4","[4,-2,-2,-2,2]","钳速龙","HunterSkill_164,1,HunterSkill_106,1","0,0,0"
"ARMOR_ID_0023","缠蛙头盔","helm","使用缠蛙素材制作的头部防具。采用了适合在沙漠活动的设计。","1","6","[1,2,-3,-1,1]","缠蛙","HunterSkill_164,1,HunterSkill_071,1","0,0,0"
"ARMOR_ID_0024","缠蛙铠甲","body","使用缠蛙素材制作的身体防具。颈部特别采用了富有弹性的素材。","1","6","[1,2,-3,-1,1]","缠蛙","HunterSkill_164,1,HunterSkill_071,1","0,0,0"
"ARMOR_ID_0025","缠蛙腕甲","arm","使用缠蛙素材制作的臂部防具。构造上强化了手腕的防护，并兼顾了使用武器时的灵活度。","1","6","[1,2,-3,-1,1]","缠蛙","HunterSkill_164,1,HunterSkill_097,1","0,0,0"
"ARMOR_ID_0026","缠蛙腰甲","waist","使用缠蛙素材制作的腰部防具。心形的腰包使用了舌头上的皮。","1","6","[1,2,-3,-1,1]","缠蛙","HunterSkill_164,1,HunterSkill_071,1","0,0,0"
"ARMOR_ID_0027","缠蛙护腿","leg","使用缠蛙素材制作的脚部防具。宽松的设计保证腿部能够活动自如。","1","6","[1,2,-3,-1,1]","缠蛙","HunterSkill_164,1,HunterSkill_097,1","0,0,0"
"ARMOR_ID_0028","炎尾龙头盔","helm","使用炎尾龙素材制作的头部防具。大大的羽毛装饰很受猎人的欢迎。","1","6","[2,-3,0,-1,0]","炎尾龙","HunterSkill_166,1,HunterSkill_102,1","0,0,0"
"ARMOR_ID_0029","炎尾龙铠甲","body","使用炎尾龙素材制作的身体防具。虽然是用于仪式的设计，但防御力很高。","1","6","[2,-3,0,-1,0]","炎尾龙","HunterSkill_166,1,HunterSkill_077,1","0,0,0"
"ARMOR_ID_0030","炎尾龙腕甲","arm","使用炎尾龙素材制作的臂部防具。手套的开口很宽，手腕可以大幅度活动。","1","6","[2,-3,0,-1,0]","炎尾龙","HunterSkill_166,1,HunterSkill_102,1","0,0,0"
"ARMOR_ID_0031","炎尾龙腰甲","waist","使用炎尾龙素材制作的腰部防具。波浪形状的裙摆格外时尚。","1","6","[2,-3,0,-1,0]","炎尾龙","HunterSkill_166,1,HunterSkill_077,1","0,0,0"
"ARMOR_ID_0032","炎尾龙护腿","leg","使用炎尾龙素材制作的脚部防具。绑腿活用了素材的质地，能紧束双腿。","1","6","[2,-3,0,-1,0]","炎尾龙","HunterSkill_166,1,HunterSkill_102,1","0,0,0"
"ARMOR_ID_0033","合金头盔","helm","使用上好矿石素材制作的头部防具。虽然造型粗犷，但拥有以实用为主的高防御性能。","1","6","[-2,1,-2,-2,1]","合金","HunterSkill_031,1","0,0,0"
"ARMOR_ID_0034","合金铠甲","body","使用上好矿石素材制作的身体防具。考虑到便于活动，设计上合理地省略了多余装饰。","1","6","[-2,1,-2,-2,1]","合金","HunterSkill_074,1","0,0,0"
"ARMOR_ID_0035","合金腕甲","arm","使用上好矿石素材制作的臂部防具。重视实用性，精练的设计没有半点多余。","1","6","[-2,1,-2,-2,1]","合金","HunterSkill_074,1","0,0,0"
"ARMOR_ID_0036","合金腰甲","waist","使用上好矿石素材制作的腰部防具。融合的矿物色泽以及精心的设计，非常美丽。","1","6","[-2,1,-2,-2,1]","合金","HunterSkill_074,1","0,0,0"
"ARMOR_ID_0037","合金护腿","leg","使用上好矿石素材制作的脚部防具。可以很好地包覆双腿，做工扎实，是极度讲求实用理念的防具。","1","6","[-2,1,-2,-2,1]","合金","HunterSkill_031,1","0,0,0"
"ARMOR_ID_0038","锯带龙护腿","leg","使用锯带龙素材制作的脚部防具。质轻贴身的皮革带来了绝佳的穿着体验。","1","4","[-3,4,-3,1,1]","锯带龙","HunterSkill_164,1,HunterSkill_078,1","0,0,0"
"ARMOR_ID_0039","巨蜂头盔","helm","使用巨蜂素材制作的头部防具。虽然包覆全体的材料不耐火，但外壳非常坚固。","1","4","[-2,1,1,1,2]","巨蜂","HunterSkill_162,1,HunterSkill_134,1","0,0,0"
"ARMOR_ID_0040","巨蜂铠甲","body","使用巨蜂素材制作的身体防具。以秘法加工而成，可承受强力的物理攻击。","1","4","[-2,1,1,1,2]","巨蜂","HunterSkill_162,1,HunterSkill_134,1","0,0,0"
"ARMOR_ID_0041","巨蜂腕甲","arm","使用巨蜂素材制作的臂部防具。实物比看上去更有份量，因此拥有高防御力。","1","4","[-2,1,1,1,2]","巨蜂","HunterSkill_162,1,HunterSkill_084,1","0,0,0"
"ARMOR_ID_0042","巨蜂腰甲","waist","使用巨蜂素材制作的腰部防具。通过解析甲虫种强力个体的构造制作而成。","1","4","[-2,1,1,1,2]","巨蜂","HunterSkill_162,1,HunterSkill_084,1","0,0,0"
"ARMOR_ID_0043","巨蜂护腿","leg","使用巨蜂素材制作的脚部防具。对甲虫种的素材进行集中加工以达到超越外观的硬度。","1","4","[-2,1,1,1,2]","巨蜂","HunterSkill_162,1,HunterSkill_134,1","0,0,0"
"ARMOR_ID_0044","刺花蜘蛛头盔","helm","使用刺花蜘蛛素材制作的头部防具。漂亮的蔷薇由刺花蜘蛛的甲壳加工而成。","1","8","[-3,3,0,0,3]","刺花蜘蛛","HunterSkill_162,1,HunterSkill_084,1","0,0,0"
"ARMOR_ID_0045","刺花蜘蛛铠甲","body","使用刺花蜘蛛素材制作的身体防具。乍一看好似普通的常服，实则覆盖了坚硬的装甲。","1","8","[-3,3,0,0,3]","刺花蜘蛛","HunterSkill_162,1,HunterSkill_084,1","0,0,0"
"ARMOR_ID_0046","刺花蜘蛛腕甲","arm","使用刺花蜘蛛素材制作的臂部防具。非常华丽，甚至可以在正式场合穿着。","1","8","[-3,3,0,0,3]","刺花蜘蛛","HunterSkill_162,1,HunterSkill_069,1","0,0,0"
"ARMOR_ID_0047","刺花蜘蛛腰甲","waist","使用刺花蜘蛛素材制作的腰部防具。高贵的设计令贵族也趋之若鹜。","1","8","[-3,3,0,0,3]","刺花蜘蛛","HunterSkill_162,1,HunterSkill_069,1","0,0,0"
"ARMOR_ID_0048","刺花蜘蛛护腿","leg","使用刺花蜘蛛素材制作的脚部防具。看不见的地方点缀着蔷薇花纹。","1","8","[-3,3,0,0,3]","刺花蜘蛛","HunterSkill_162,1,HunterSkill_069,1","0,0,0"
"ARMOR_ID_0049","桃毛兽王头盔","helm","使用桃毛兽王素材制作的头部防具。粗犷的造型彰显野性。","2","8","[-3,1,1,-1,2]","桃毛兽王","HunterSkill_168,1,HunterSkill_096,1","0,0,0"
"ARMOR_ID_0050","桃毛兽王铠甲","body","使用桃毛兽王素材制作的身体防具。随处点缀的兽毛彰显野性。","2","8","[-3,1,1,-1,2]","桃毛兽王","HunterSkill_168,1,HunterSkill_096,1","0,0,0"
"ARMOR_ID_0051","桃毛兽王腕甲","arm","使用桃毛兽王素材制作的臂部防具。乍看之下做工粗糙，但防御力绝不马虎。","2","8","[-3,1,1,-1,2]","桃毛兽王","HunterSkill_168,1,HunterSkill_122,1","0,0,0"
"ARMOR_ID_0052","桃毛兽王腰甲","waist","使用桃毛兽王素材制作的腰部防具。附带的那一串口袋意外地实用。","2","8","[-3,1,1,-1,2]","桃毛兽王","HunterSkill_168,1,HunterSkill_122,1","0,0,0"
"ARMOR_ID_0053","桃毛兽王护腿","leg","使用桃毛兽王素材制作的脚部防具。狂野的造型很适合驰骋荒野之人。","2","8","[-3,1,1,-1,2]","桃毛兽王","HunterSkill_168,1,HunterSkill_096,1","0,0,0"
"ARMOR_ID_0054","沙海龙头盔","helm","使用沙海龙素材制作的头部防具。粗糙打磨过的凸起正是沙海龙的象征。","2","12","[-1,2,-3,1,1]","沙海龙","HunterSkill_166,1,HunterSkill_105,1","0,0,0"
"ARMOR_ID_0055","沙海龙铠甲","body","使用沙海龙素材制作的身体防具。肩部经过巧妙设计，虽然厚重却不会阻碍行动。","2","12","[-1,2,-3,1,1]","沙海龙","HunterSkill_166,1,HunterSkill_031,1","0,0,0"
"ARMOR_ID_0056","沙海龙腕甲","arm","使用沙海龙素材制作的臂部防具。卷曲排列的棘刺保证了动作的柔韧。","2","12","[-1,2,-3,1,1]","沙海龙","HunterSkill_166,1,HunterSkill_076,1","0,0,0"
"ARMOR_ID_0057","沙海龙腰甲","waist","使用沙海龙素材制作的腰部防具。红色的腰巾令见者无不斗志昂扬。","2","12","[-1,2,-3,1,1]","沙海龙","HunterSkill_166,1,HunterSkill_076,1","0,0,0"
"ARMOR_ID_0058","沙海龙护腿","leg","使用沙海龙素材制作的脚部防具。甲壳被分割成细小零件，以保证行动便利。","2","12","[-1,2,-3,1,1]","沙海龙","HunterSkill_166,1,HunterSkill_076,1","0,0,0"
"ARMOR_ID_0059","辟兽头盔","helm","使用辟兽素材制作的头部防具。头上狂野的装饰令见者心生动摇。","2","16","[-3,2,-1,-1,4]","辟兽","HunterSkill_175,1,HunterSkill_168,1,HunterSkill_099,1","0,0,0"
"ARMOR_ID_0060","辟兽铠甲","body","使用辟兽素材制作的身体防具。毛束经过仔细清洗与加工，拥有高防御力。","2","16","[-3,2,-1,-1,4]","辟兽","HunterSkill_175,1,HunterSkill_168,1,HunterSkill_099,1","0,0,0"
"ARMOR_ID_0061","辟兽腕甲","arm","使用辟兽素材制作的臂部防具。防具上装配了金属配件，仿佛用以压制其狂暴的力量。","2","16","[-3,2,-1,-1,4]","辟兽","HunterSkill_175,1,HunterSkill_168,1,HunterSkill_070,1","0,0,0"
"ARMOR_ID_0062","辟兽腰甲","waist","使用辟兽素材制作的腰部防具。束着兽毛的腰带在任何障碍面前都不会动摇。","2","16","[-3,2,-1,-1,4]","辟兽","HunterSkill_175,1,HunterSkill_168,1,HunterSkill_097,1","0,0,0"
"ARMOR_ID_0063","辟兽护腿","leg","使用辟兽素材制作的脚部防具。哪怕在沙尘肆虐的沙原中，也能毫无顾忌地纵横驰骋。","2","16","[-3,2,-1,-1,4]","辟兽","HunterSkill_175,1,HunterSkill_168,1,HunterSkill_099,1","0,0,0"
"ARMOR_ID_0064","波衣龙头盔","helm","使用波衣龙素材制作的头部防具。鳍被加工成羽饰。它会将森林的意志传达给佩戴者。","4","26","[-1,4,-3,0,0]","波衣龙","HunterSkill_177,1,HunterSkill_170,1,HunterSkill_059,1,HunterSkill_138,1","0,0,0"
"ARMOR_ID_0065","波衣龙铠甲","body","使用波衣龙素材制作的身体防具。鳞皮被加工成胸部装甲，有着仿佛与森林同在的贴身感。","4","26","[-1,4,-3,0,0]","波衣龙","HunterSkill_177,1,HunterSkill_170,1,HunterSkill_059,1","1,0,0"
"ARMOR_ID_0066","波衣龙腕甲","arm","使用波衣龙素材制作的臂部防具。细小石子串成的装饰带来高度的集中力。","4","26","[-1,4,-3,0,0]","波衣龙","HunterSkill_177,1,HunterSkill_170,1,HunterSkill_138,1","1,0,0"
"ARMOR_ID_0067","波衣龙腰甲","waist","使用波衣龙素材制作的腰部防具。长长的腰巾蕴含着森林的气息，吸收各种冲击。","4","26","[-1,4,-3,0,0]","波衣龙","HunterSkill_177,1,HunterSkill_170,1,HunterSkill_138,1,HunterSkill_088,1","0,0,0"
"ARMOR_ID_0068","波衣龙护腿","leg","使用波衣龙素材制作的脚部防具。足部的细致纹路据说代表着森林的加护。","4","26","[-1,4,-3,0,0]","波衣龙","HunterSkill_177,1,HunterSkill_170,1,HunterSkill_059,1","0,0,0"
"ARMOR_ID_0069","铸铁头盔","helm","以拥有美丽金属光泽的矿石制作而成的头部防具。能够彻底包覆头部。","3","16","[-2,0,3,-1,0]","铸铁","HunterSkill_068,1","0,0,0"
"ARMOR_ID_0070","铸铁铠甲","body","以拥有美丽金属光泽的矿石制作而成的身体防具。毫无缝隙的装甲加上色彩搭配，十分好看。","3","16","[-2,0,3,-1,0]","铸铁","HunterSkill_073,1","0,0,0"
"ARMOR_ID_0071","铸铁腕甲","arm","以拥有美丽金属光泽的矿石制作而成的臂部防具。以精密加工的矿石彻底保护手臂。","3","16","[-2,0,3,-1,0]","铸铁","HunterSkill_086,1","0,0,0"
"ARMOR_ID_0072","铸铁腰甲","waist","以拥有美丽金属光泽的矿石制作而成的腰部防具。是兼具高雅设计和工房最先进技术的杰作。","3","16","[-2,0,3,-1,0]","铸铁","HunterSkill_068,1","0,0,0"
"ARMOR_ID_0073","铸铁护腿","leg","以拥有美丽金属光泽的矿石制作而成的脚部防具。虽是金属构造，但经过改良后利于行动。","3","16","[-2,0,3,-1,0]","铸铁","HunterSkill_073,1","0,0,0"
"ARMOR_ID_0074","盔速龙铠甲","body","使用盔速龙素材制作的身体防具。厚重的甲壳搭配纤细的装饰，深受行家喜爱。","3","16","[4,-2,0,-2,0]","盔速龙","HunterSkill_166,1,HunterSkill_102,2","0,0,0"
"ARMOR_ID_0075","沼喷龙头盔","helm","使用沼喷龙素材制作的头部防具。为了抵御素材自带的毒性，必须佩戴口罩。","3","18","[0,-3,0,0,1]","沼喷龙","HunterSkill_164,1,HunterSkill_098,1","0,0,0"
"ARMOR_ID_0076","沼喷龙铠甲","body","使用沼喷龙素材制作的身体防具。披肩内充满了毒液，但并不会泄漏。应该不会……","3","18","[0,-3,0,0,1]","沼喷龙","HunterSkill_164,1,HunterSkill_098,1","0,0,0"
"ARMOR_ID_0077","沼喷龙腕甲","arm","使用沼喷龙素材制作的臂部防具。虽然可以利用尖爪注入毒素，但很难在狩猎中使用。","3","18","[0,-3,0,0,1]","沼喷龙","HunterSkill_164,1,HunterSkill_098,1,HunterSkill_083,1","0,0,0"
"ARMOR_ID_0078","沼喷龙腰甲","waist","使用沼喷龙素材制作的腰部防具。装配了使用毒液所需的各种器具。","3","18","[0,-3,0,0,1]","沼喷龙","HunterSkill_164,1,HunterSkill_098,1,HunterSkill_083,1","0,0,0"
"ARMOR_ID_0079","沼喷龙护腿","leg","使用沼喷龙素材制作的脚部防具。需要小心，不要弄破备用的毒液包。","3","18","[0,-3,0,0,1]","沼喷龙","HunterSkill_164,1,HunterSkill_098,1","0,0,0"
"ARMOR_ID_0080","煌雷龙头盔","helm","使用煌雷龙素材制作的头部防具。冲天耸立的角，体现了煌雷龙的孤高精神。","4","26","[0,-2,4,-3,0]","煌雷龙","HunterSkill_176,1,HunterSkill_170,1,HunterSkill_063,1","0,0,0"
"ARMOR_ID_0081","煌雷龙铠甲","body","使用煌雷龙素材制作的身体防具。独特的甲壳经过复杂组合后，使其获得了惊人的防御力。","4","26","[0,-2,4,-3,0]","煌雷龙","HunterSkill_176,1,HunterSkill_170,1,HunterSkill_025,1","0,0,0"
"ARMOR_ID_0082","煌雷龙腕甲","arm","使用煌雷龙素材制作的臂部防具。微微带电，因此抓取物品时宛如有吸力一般妥帖。","4","26","[0,-2,4,-3,0]","煌雷龙","HunterSkill_176,1,HunterSkill_170,1,HunterSkill_063,1","1,0,0"
"ARMOR_ID_0083","煌雷龙腰甲","waist","使用煌雷龙素材制作的腰部防具。微光闪烁的带扣令人心生敬畏。","4","26","[0,-2,4,-3,0]","煌雷龙","HunterSkill_176,1,HunterSkill_170,1,HunterSkill_025,1","1,0,0"
"ARMOR_ID_0084","煌雷龙护腿","leg","使用煌雷龙素材制作的脚部防具。装甲有紫电缠绕，能缓和着地及攻击等带来的各种冲击。","4","26","[0,-2,4,-3,0]","煌雷龙","HunterSkill_176,1,HunterSkill_170,1,HunterSkill_063,1,HunterSkill_025,1","0,0,0"
"ARMOR_ID_0085","血眠虫头饰","helm","使用血眠虫素材制作的头部防具。纤薄而柔韧的甲壳反射出妖艳的光泽。","3","16","[-5,0,0,3,3]","血眠虫","HunterSkill_162,1,HunterSkill_085,1","0,0,0"
"ARMOR_ID_0086","影蜘蛛头盔","helm","使用影蜘蛛素材制作的头部防具。精密的设计和扎实的技术赋予了其很高的防御力。","3","20","[-2,2,-2,1,2]","影蜘蛛","HunterSkill_162,1,HunterSkill_116,1","0,0,0"
"ARMOR_ID_0087","影蜘蛛铠甲","body","使用影蜘蛛素材制作的身体防具。采用先进的技术，使其惊人地轻巧无比。","3","20","[-2,2,-2,1,2]","影蜘蛛","HunterSkill_162,1,HunterSkill_189,1,HunterSkill_083,1","0,0,0"
"ARMOR_ID_0088","影蜘蛛腕甲","arm","使用影蜘蛛素材制作的臂部防具。能将指尖细微的动作传递给武器。","3","20","[-2,2,-2,1,2]","影蜘蛛","HunterSkill_162,1,HunterSkill_116,1","0,0,0"
"ARMOR_ID_0089","影蜘蛛腰甲","waist","使用影蜘蛛素材制作的腰部防具。是工房的倾力之作，也具备很高的艺术价值。","3","20","[-2,2,-2,1,2]","影蜘蛛","HunterSkill_162,1,HunterSkill_189,1,HunterSkill_085,1","0,0,0"
"ARMOR_ID_0090","影蜘蛛护腿","leg","使用影蜘蛛素材制作的脚部防具。兼具功能美与高机动力的佳作。","3","20","[-2,2,-2,1,2]","影蜘蛛","HunterSkill_162,1,HunterSkill_116,1","0,0,0"
"ARMOR_ID_0091","风铗龙头盔","helm","使用风铗龙素材制作的头部防具。据说戴上这顶头盔的人会时刻感受到风，与风同在。","3","22","[-3,2,-2,3,0]","风铗龙","HunterSkill_166,1,HunterSkill_075,1,HunterSkill_070,1","0,0,0"
"ARMOR_ID_0092","风铗龙铠甲","body","使用风铗龙素材制作的身体防具。模仿了异国武侠之士所钟爱的服装款式。","3","22","[-3,2,-2,3,0]","风铗龙","HunterSkill_166,1,HunterSkill_075,1,HunterSkill_070,1","0,0,0"
"ARMOR_ID_0093","风铗龙腕甲","arm","使用风铗龙素材制作的臂部防具。指尖部分能呼唤风，连对手都能感受到清爽的风。","3","22","[-3,2,-2,3,0]","风铗龙","HunterSkill_166,1,HunterSkill_075,1,HunterSkill_079,1","0,0,0"
"ARMOR_ID_0094","风铗龙腰甲","waist","使用风铗龙素材制作的腰部防具。修长优美的腰巾轻轻裹挟着风，能吸收受到的冲击。","3","22","[-3,2,-2,3,0]","风铗龙","HunterSkill_166,1,HunterSkill_075,1,HunterSkill_079,1","0,0,0"
"ARMOR_ID_0095","风铗龙护腿","leg","使用风铗龙素材制作的脚部防具。其结构注重行动方便，使穿着者能轻快地踏风而行。","3","22","[-3,2,-2,3,0]","风铗龙","HunterSkill_166,1,HunterSkill_075,1,HunterSkill_079,1","0,0,0"
"ARMOR_ID_0096","赫猿兽头盔","helm","使用赫猿兽素材制作的头部防具。据说一旦戴上，体内深处便会涌起炽热的情感。","3","24","[3,-3,1,-2,0]","赫猿兽","HunterSkill_168,1,HunterSkill_091,1,HunterSkill_095,1","0,0,0"
"ARMOR_ID_0097","赫猿兽铠甲","body","使用赫猿兽素材制作的身体防具。火焰装饰蕴藏着炽热，仿佛要将眼前的敌人焚烧殆尽。","3","24","[3,-3,1,-2,0]","赫猿兽","HunterSkill_168,1,HunterSkill_091,1","0,0,0"
"ARMOR_ID_0098","赫猿兽腕甲","arm","使用赫猿兽素材制作的臂部防具。生动再现了赫猿兽无数次捶向地面的巨拳。","3","24","[3,-3,1,-2,0]","赫猿兽","HunterSkill_168,1,HunterSkill_095,1,HunterSkill_109,1","0,0,0"
"ARMOR_ID_0099","赫猿兽腰甲","waist","使用赫猿兽素材制作的腰部防具。据说有抑制暴怒失控的作用。","3","24","[3,-3,1,-2,0]","赫猿兽","HunterSkill_168,1,HunterSkill_095,1,HunterSkill_087,1","0,0,0"
"ARMOR_ID_0100","赫猿兽护腿","leg","使用赫猿兽素材制作的脚部防具。据说踩踏过的大地会因为热量而开始震颤。","3","24","[3,-3,1,-2,0]","赫猿兽","HunterSkill_168,1,HunterSkill_091,1,HunterSkill_087,1","0,0,0"
"ARMOR_ID_0101","狱焰蛸头盔","helm","使用狱焰蛸素材制作的头部防具。透过面具看到的世界，充斥着黯之火焰与怨念。","4","26","[5,-4,0,1,0]","狱焰蛸","HunterSkill_178,1,HunterSkill_170,1,HunterSkill_060,1","1,0,0"
"ARMOR_ID_0102","狱焰蛸铠甲","body","使用狱焰蛸素材制作的身体防具。触手组成的披风宛如诅咒化作了实体。","4","26","[5,-4,0,1,0]","狱焰蛸","HunterSkill_178,1,HunterSkill_170,1,HunterSkill_060,1,HunterSkill_071,1","0,0,0"
"ARMOR_ID_0103","狱焰蛸腕甲","arm","使用狱焰蛸素材制作的臂部防具。佩戴后的触感仿佛触碰到了黑暗本身。","4","26","[5,-4,0,1,0]","狱焰蛸","HunterSkill_178,1,HunterSkill_170,1,HunterSkill_071,1","1,0,0"
"ARMOR_ID_0104","狱焰蛸腰甲","waist","使用狱焰蛸素材制作的腰部防具。棘刺和尖牙的装饰皆被附上了独特咒法。","4","26","[5,-4,0,1,0]","狱焰蛸","HunterSkill_178,1,HunterSkill_170,1,HunterSkill_060,1","1,0,0"
"ARMOR_ID_0105","狱焰蛸护腿","leg","使用狱焰蛸素材制作的脚部防具。穿上后即可自由穿行于火海之中。","4","26","[5,-4,0,1,0]","狱焰蛸","HunterSkill_178,1,HunterSkill_170,1,HunterSkill_071,1","1,0,0"
"ARMOR_ID_0106","护鹭鹰龙腰甲","waist","使用护鹭鹰龙素材制作的腰部防具。雪白的长羽毛带着淡淡的光芒，非常美丽。","4","22","[0,0,4,0,-3]","护鹭鹰龙","HunterSkill_172,1,HunterSkill_103,1","1,0,0"
"ARMOR_ID_0107","护辟兽头盔","helm","使用护辟兽素材制作的头部防具。戴上它的人会被难以形容的渴望侵袭。","4","26","[-3,2,-1,-2,2]","护辟兽","HunterSkill_175,1,HunterSkill_172,1,HunterSkill_100,1","1,0,0"
"ARMOR_ID_0108","护辟兽铠甲","body","使用护辟兽素材制作的身体防具。穿着时体内会涌现出不同于平时的活力和使命感。","4","26","[-3,2,-1,-2,2]","护辟兽","HunterSkill_175,1,HunterSkill_172,1,HunterSkill_100,1,HunterSkill_120,1","0,0,0"
"ARMOR_ID_0109","护辟兽腕甲","arm","使用护辟兽素材制作的臂部防具。如果不频繁活动双臂，就会觉得静不下心来。","4","26","[-3,2,-1,-2,2]","护辟兽","HunterSkill_175,1,HunterSkill_172,1,HunterSkill_024,1","1,0,0"
"ARMOR_ID_0110","护辟兽腰甲","waist","使用护辟兽素材制作的腰部防具。白色部分即使受损，也会在不知不觉中慢慢修复。","4","26","[-3,2,-1,-2,2]","护辟兽","HunterSkill_175,1,HunterSkill_172,1,HunterSkill_100,1,HunterSkill_024,1","0,0,0"
"ARMOR_ID_0111","护辟兽护腿","leg","使用护辟兽素材制作的脚部防具。用力时，周围的白色部分就会发出淡淡的光。","4","26","[-3,2,-1,-2,2]","护辟兽","HunterSkill_175,1,HunterSkill_172,1,HunterSkill_024,1,HunterSkill_120,1","0,0,0"
"ARMOR_ID_0112","护火龙头盔","helm","使用护火龙素材制作的头部防具。戴上它的人会被难以形容的渴望侵袭。","4","26","[3,1,-2,1,-5]","护火龙","HunterSkill_180,1,HunterSkill_172,1,HunterSkill_062,1,HunterSkill_139,1","0,0,0"
"ARMOR_ID_0113","护火龙铠甲","body","使用护火龙素材制作的身体防具。穿着时体内会涌现出不同于平时的活力和使命感。","4","26","[3,1,-2,1,-5]","护火龙","HunterSkill_180,1,HunterSkill_172,1,HunterSkill_139,1","1,0,0"
"ARMOR_ID_0114","护火龙腕甲","arm","使用护火龙素材制作的臂部防具。如果不频繁活动双臂，就会觉得静不下心来。","4","26","[3,1,-2,1,-5]","护火龙","HunterSkill_180,1,HunterSkill_172,1,HunterSkill_062,1","1,0,0"
"ARMOR_ID_0115","护火龙腰甲","waist","使用护火龙素材制作的腰部防具。白色部分即使受损，也会在不知不觉中慢慢修复。","4","26","[3,1,-2,1,-5]","护火龙","HunterSkill_180,1,HunterSkill_172,1,HunterSkill_139,1","1,0,0"
"ARMOR_ID_0116","护火龙护腿","leg","使用护火龙素材制作的脚部防具。用力时，周围的白色部分就会发出淡淡的光。","4","26","[3,1,-2,1,-5]","护火龙","HunterSkill_180,1,HunterSkill_172,1,HunterSkill_062,1","1,0,0"
"ARMOR_ID_0117","护凶爪龙头盔","helm","使用护凶爪龙素材制作的头部防具。戴上它的人会被难以形容的渴望侵袭。","4","26","[-2,-3,-2,-2,4]","护凶爪龙","HunterSkill_186,1,HunterSkill_172,1,HunterSkill_114,1","1,0,0"
"ARMOR_ID_0118","护凶爪龙铠甲","body","使用护凶爪龙素材制作的身体防具。穿着时体内会涌现出不同于平时的活力和使命感。","4","26","[-2,-3,-2,-2,4]","护凶爪龙","HunterSkill_186,1,HunterSkill_172,1,HunterSkill_119,1","1,0,0"
"ARMOR_ID_0119","护凶爪龙腕甲","arm","使用护凶爪龙素材制作的臂部防具。如果不频繁活动双臂，就会觉得静不下心来。","4","26","[-2,-3,-2,-2,4]","护凶爪龙","HunterSkill_186,1,HunterSkill_172,1,HunterSkill_114,1","1,0,0"
"ARMOR_ID_0120","护凶爪龙腰甲","waist","使用护凶爪龙素材制作的腰部防具。白色部分即使受损，也会在不知不觉中慢慢修复。","4","26","[-2,-3,-2,-2,4]","护凶爪龙","HunterSkill_186,1,HunterSkill_172,1,HunterSkill_114,1,HunterSkill_119,1","0,0,0"
"ARMOR_ID_0121","护凶爪龙护腿","leg","使用护凶爪龙素材制作的脚部防具。用力时，周围的白色部分就会发出淡淡的光。","4","26","[-2,-3,-2,-2,4]","护凶爪龙","HunterSkill_186,1,HunterSkill_172,1,HunterSkill_119,1","1,0,0"
"ARMOR_ID_0122","暗器蛸头盔","helm","使用暗器蛸素材制作的头部防具。是隐匿于黑暗中的暗杀者们的最爱。","4","26","[1,1,1,-3,2]","暗器蛸","HunterSkill_164,1,HunterSkill_064,1","1,0,0"
"ARMOR_ID_0123","暗器蛸铠甲","body","使用暗器蛸素材制作的身体防具。长围巾不仅作为防具，还可以作绳索等用途。","4","26","[1,1,1,-3,2]","暗器蛸","HunterSkill_164,1,HunterSkill_065,1","1,0,0"
"ARMOR_ID_0124","暗器蛸腕甲","arm","使用暗器蛸素材制作的臂部防具。设计极具巧思，即使在黑暗中也能进行细致的工作。","4","26","[1,1,1,-3,2]","暗器蛸","HunterSkill_164,1,HunterSkill_064,1","1,0,0"
"ARMOR_ID_0125","暗器蛸腰甲","waist","使用暗器蛸素材制作的腰部防具。独特质感的皮革即使大幅度摆动也不会发出多余声响。","4","26","[1,1,1,-3,2]","暗器蛸","HunterSkill_164,1,HunterSkill_064,1,HunterSkill_065,1","0,0,0"
"ARMOR_ID_0126","暗器蛸护腿","leg","使用暗器蛸素材制作的脚部防具。经过优化设计，能无声行走在黑暗之中。","4","26","[1,1,1,-3,2]","暗器蛸","HunterSkill_164,1,HunterSkill_065,1","1,0,0"
"ARMOR_ID_0127","护锁刃龙头盔","helm","使用护锁刃龙素材制作的头部防具。虽然视野狭窄，但各种感知会直接涌入大脑。","4","30","[2,0,-1,0,-4]","护锁刃龙","HunterSkill_184,1,HunterSkill_172,1,HunterSkill_146,1","1,0,0"
"ARMOR_ID_0128","护锁刃龙铠甲","body","使用护锁刃龙素材制作的身体防具。奇妙的力量摇曳般地从体内涌起。","4","30","[2,0,-1,0,-4]","护锁刃龙","HunterSkill_184,1,HunterSkill_172,1,HunterSkill_146,1,HunterSkill_082,1","0,0,0"
"ARMOR_ID_0129","护锁刃龙腕甲","arm","使用护锁刃龙素材制作的臂部防具。穿着者会产生一种冲动，不分青红皂白地想要攻击所有接近自己的人。","4","30","[2,0,-1,0,-4]","护锁刃龙","HunterSkill_184,1,HunterSkill_172,1,HunterSkill_146,1","1,0,0"
"ARMOR_ID_0130","护锁刃龙腰甲","waist","使用护锁刃龙素材制作的腰部防具。腰部的锁链保持搏动，仿佛是为寻找下一个猎物而微微蠕动。","4","30","[2,0,-1,0,-4]","护锁刃龙","HunterSkill_184,1,HunterSkill_172,1,HunterSkill_082,1","1,1,0"
"ARMOR_ID_0131","护锁刃龙护腿","leg","使用护锁刃龙素材制作的脚部防具。穿着者的步伐会变得强而有力，将对手追到天涯海角。","4","30","[2,0,-1,0,-4]","护锁刃龙","HunterSkill_184,1,HunterSkill_172,1,HunterSkill_082,1","1,0,0"
"ARMOR_ID_0132","希望面具α","helm","为调查东部地区而特别制作的头部防具。面具可以阻挡沙尘，同时还不会影响呼吸。","5","26","[1,0,1,0,0]","希望α","HunterSkill_068,2","1,0,0"
"ARMOR_ID_0133","希望铠甲α","body","为调查东部地区而特别制作的身体防具。为了能在任何环境下狩猎，设计上下了一番苦工。","5","26","[1,0,1,0,0]","希望α","HunterSkill_083,1","1,1,0"
"ARMOR_ID_0134","希望腕甲α","arm","为调查东部地区而特别制作的臂部防具。指尖部分较薄且富有弹性，适合进行精密操作。","5","26","[1,0,1,0,0]","希望α","HunterSkill_085,1","1,1,0"
"ARMOR_ID_0135","希望腰甲α","waist","为调查东部地区而特别制作的腰部防具。经过反复调整，装入的道具可以轻松取出。","5","26","[1,0,1,0,0]","希望α","HunterSkill_068,1,HunterSkill_086,1","1,0,0"
"ARMOR_ID_0136","希望护腿α","leg","为调查东部地区而特别制作的脚部防具。其结构经过仔细调整，能走遍各种地形。","5","26","[1,0,1,0,0]","希望α","HunterSkill_086,2","1,0,0"
"ARMOR_ID_0142","皮制头饰α","helm","以加工后的怪物皮制作而成的头部防具。任何人皆可装备，通用性高。","5","26","[2,0,0,0,0]","皮制α","HunterSkill_089,2","1,0,0"
"ARMOR_ID_0143","皮制服饰α","body","部分镶嵌了加工怪物皮的身体防具。采用了可轻松穿脱的简易设计。","5","26","[2,0,0,0,0]","皮制α","HunterSkill_089,1,HunterSkill_097,1","1,0,0"
"ARMOR_ID_0144","皮制手套α","arm","部分镶嵌了加工怪物皮的臂部防具。虽轻巧但具有十足的防护性。","5","26","[2,0,0,0,0]","皮制α","HunterSkill_089,1,HunterSkill_105,1","1,0,0"
"ARMOR_ID_0145","皮制腰带α","waist","部分镶嵌了加工怪物皮的腰部防具。功能性极佳，广受猎人们喜爱。","5","26","[2,0,0,0,0]","皮制α","HunterSkill_105,1","1,1,0"
"ARMOR_ID_0146","皮制长裤α","leg","部分镶嵌了加工怪物皮的脚部防具。穿得越久越合脚。","5","26","[2,0,0,0,0]","皮制α","HunterSkill_105,1,HunterSkill_097,1","1,0,0"
"ARMOR_ID_0152","锁甲头饰α","helm","以铁链编织而成的头部防具。以极为常见的头盔样式，深受猎人们的信赖。","5","26","[0,2,0,0,0]","锁甲α","HunterSkill_090,1","1,1,0"
"ARMOR_ID_0153","锁甲服饰α","body","以铁链编织而成的身体防具。兼具功能性及防护性的传统铠甲。","5","26","[0,2,0,0,0]","锁甲α","HunterSkill_090,1,HunterSkill_079,1","1,0,0"
"ARMOR_ID_0154","锁甲手套α","arm","以铁链编织而成的臂部防具。因使用方便，修理容易，而广受推崇。","5","26","[0,2,0,0,0]","锁甲α","HunterSkill_090,1,HunterSkill_070,1","1,0,0"
"ARMOR_ID_0155","锁甲腰带α","waist","以铁链编织而成的腰部防具。混合各种不同素材，极力减少重量制作而成的装备。","5","26","[0,2,0,0,0]","锁甲α","HunterSkill_070,1,HunterSkill_079,1","1,0,0"
"ARMOR_ID_0156","锁甲长裤α","leg","以铁链编织而成的脚部防具。铁链的编织方式经过改良，使脚部活动不受阻碍。","5","26","[0,2,0,0,0]","锁甲α","HunterSkill_070,1","1,1,0"
"ARMOR_ID_0162","血盗虫眼镜α","helm","使用血盗虫素材制作的头部防具。采用最新设计，深受时尚猎人的喜爱。","5","32","[-4,1,1,-2,4]","血盗虫α","HunterSkill_162,1,HunterSkill_137,1,HunterSkill_062,1","0,0,0"
"ARMOR_ID_0163","血盗虫眼镜β","helm","使用血盗虫素材制作的头部防具。采用最新设计，深受时尚猎人的喜爱。","5","32","[-4,1,1,-2,4]","血盗虫β","HunterSkill_163,1,HunterSkill_137,1","2,1,0"
"ARMOR_ID_0164","钳速龙腕甲α","arm","使用钳速龙素材制作的臂部防具。前臂上的突起容易勾到东西，装备和收纳时都要倍加小心。","5","32","[4,-2,-2,-2,2]","钳速龙α","HunterSkill_164,1,HunterSkill_106,1,HunterSkill_114,1","0,0,0"
"ARMOR_ID_0165","钳速龙腕甲β","arm","使用钳速龙素材制作的臂部防具。前臂上的突起容易勾到东西，装备和收纳时都要倍加小心。","5","32","[4,-2,-2,-2,2]","钳速龙β","HunterSkill_165,1,HunterSkill_106,1","2,1,0"
"ARMOR_ID_0166","锯带龙护腿α","leg","使用锯带龙素材制作的脚部防具。质轻贴身的皮革带来了绝佳的穿着体验。","5","32","[-3,4,-3,1,1]","锯带龙α","HunterSkill_164,1,HunterSkill_088,1,HunterSkill_078,2","0,0,0"
"ARMOR_ID_0167","锯带龙护腿β","leg","使用锯带龙素材制作的脚部防具。质轻贴身的皮革带来了绝佳的穿着体验。","5","32","[-3,4,-3,1,1]","锯带龙β","HunterSkill_165,1,HunterSkill_088,1","2,0,0"
"ARMOR_ID_0168","巨蜂头盔α","helm","使用巨蜂素材制作的头部防具。虽然包覆全体的材料不耐火，但外壳非常坚固。","5","32","[-2,1,1,1,2]","巨蜂α","HunterSkill_162,1,HunterSkill_134,1,HunterSkill_116,1","0,0,0"
"ARMOR_ID_0169","巨蜂铠甲α","body","使用巨蜂素材制作的身体防具。以秘法加工而成，可承受强力的物理攻击。","5","32","[-2,1,1,1,2]","巨蜂α","HunterSkill_162,1,HunterSkill_134,1,HunterSkill_075,1","1,0,0"
"ARMOR_ID_0170","巨蜂腕甲α","arm","使用巨蜂素材制作的臂部防具。实物比看上去更有份量，因此拥有高防御力。","5","32","[-2,1,1,1,2]","巨蜂α","HunterSkill_162,1,HunterSkill_084,1,HunterSkill_116,1","0,0,0"
"ARMOR_ID_0171","巨蜂腰甲α","waist","使用巨蜂素材制作的腰部防具。通过解析甲虫种强力个体的构造制作而成。","5","32","[-2,1,1,1,2]","巨蜂α","HunterSkill_162,1,HunterSkill_084,1,HunterSkill_075,1","1,0,0"
"ARMOR_ID_0172","巨蜂护腿α","leg","使用巨蜂素材制作的脚部防具。对甲虫种的素材进行集中加工以达到超越外观的硬度。","5","32","[-2,1,1,1,2]","巨蜂α","HunterSkill_162,1,HunterSkill_134,1,HunterSkill_084,1","1,1,0"
"ARMOR_ID_0173","巨蜂头盔β","helm","使用巨蜂素材制作的头部防具。虽然包覆全体的材料不耐火，但外壳非常坚固。","5","32","[-2,1,1,1,2]","巨蜂β","HunterSkill_163,1,HunterSkill_134,1","2,0,0"
"ARMOR_ID_0174","巨蜂铠甲β","body","使用巨蜂素材制作的身体防具。以秘法加工而成，可承受强力的物理攻击。","5","32","[-2,1,1,1,2]","巨蜂β","HunterSkill_163,1,HunterSkill_134,1","1,1,1"
"ARMOR_ID_0175","巨蜂腕甲β","arm","使用巨蜂素材制作的臂部防具。实物比看上去更有份量，因此拥有高防御力。","5","32","[-2,1,1,1,2]","巨蜂β","HunterSkill_163,1,HunterSkill_084,1","2,0,0"
"ARMOR_ID_0176","巨蜂腰甲β","waist","使用巨蜂素材制作的腰部防具。通过解析甲虫种强力个体的构造制作而成。","5","32","[-2,1,1,1,2]","巨蜂β","HunterSkill_163,1,HunterSkill_084,1","1,1,1"
"ARMOR_ID_0177","巨蜂护腿β","leg","使用巨蜂素材制作的脚部防具。对甲虫种的素材进行集中加工以达到超越外观的硬度。","5","32","[-2,1,1,1,2]","巨蜂β","HunterSkill_163,1,HunterSkill_134,1","2,1,0"
"ARMOR_ID_0178","盔速龙铠甲α","body","使用盔速龙素材制作的身体防具。厚重的甲壳搭配纤细的装饰，深受行家喜爱。","5","32","[4,-2,0,-2,0]","盔速龙α","HunterSkill_166,1,HunterSkill_102,2,HunterSkill_091,1","0,0,0"
"ARMOR_ID_0179","盔速龙铠甲β","body","使用盔速龙素材制作的身体防具。厚重的甲壳搭配纤细的装饰，深受行家喜爱。","5","32","[4,-2,0,-2,0]","盔速龙β","HunterSkill_167,1,HunterSkill_102,2","2,0,0"
"ARMOR_ID_0180","血眠虫头饰α","helm","使用血眠虫素材制作的头部防具。纤薄而柔韧的甲壳反射出妖艳的光泽。","5","32","[-5,0,0,3,3]","血眠虫α","HunterSkill_162,1,HunterSkill_085,2,HunterSkill_111,1","0,0,0"
"ARMOR_ID_0181","血眠虫头饰β","helm","使用血眠虫素材制作的头部防具。纤薄而柔韧的甲壳反射出妖艳的光泽。","5","32","[-5,0,0,3,3]","血眠虫β","HunterSkill_163,1,HunterSkill_085,2","2,1,0"
"ARMOR_ID_0182","怪鸟头盔α","helm","使用怪鸟素材制作的头部防具。做工精细，强度远超人们对怪鸟的印象。","5","36","[3,0,-2,-4,2]","怪鸟α","HunterSkill_166,1,HunterSkill_025,2,HunterSkill_077,2","1,0,0"
"ARMOR_ID_0183","怪鸟铠甲α","body","使用怪鸟素材制作的身体防具。独特的色调令人感受到某处大陆的气息。","5","36","[3,0,-2,-4,2]","怪鸟α","HunterSkill_166,1,HunterSkill_058,1,HunterSkill_077,1","1,0,0"
"ARMOR_ID_0184","怪鸟腕甲α","arm","使用怪鸟素材制作的臂部防具。厚实的桃红色甲壳能够弹开飞龙锐利的牙齿。","5","36","[3,0,-2,-4,2]","怪鸟α","HunterSkill_166,1,HunterSkill_025,1,HunterSkill_058,1","1,0,0"
"ARMOR_ID_0185","怪鸟腰甲α","waist","使用怪鸟素材制作的腰部防具。要小心别被它表面的尖刺伤到。","5","36","[3,0,-2,-4,2]","怪鸟α","HunterSkill_166,1,HunterSkill_058,1,HunterSkill_069,2","0,0,0"
"ARMOR_ID_0186","怪鸟护腿α","leg","使用怪鸟素材制作的脚部防具。追求灵活性的设计十分优秀。","5","36","[3,0,-2,-4,2]","怪鸟α","HunterSkill_166,1,HunterSkill_025,2,HunterSkill_069,1","2,0,0"
"ARMOR_ID_0187","怪鸟头盔β","helm","使用怪鸟素材制作的头部防具。做工精细，强度远超人们对怪鸟的印象。","5","36","[3,0,-2,-4,2]","怪鸟β","HunterSkill_167,1,HunterSkill_025,2","2,1,0"
"ARMOR_ID_0188","怪鸟铠甲β","body","使用怪鸟素材制作的身体防具。独特的色调令人感受到某处大陆的气息。","5","36","[3,0,-2,-4,2]","怪鸟β","HunterSkill_167,1,HunterSkill_058,1","2,0,0"
"ARMOR_ID_0189","怪鸟腕甲β","arm","使用怪鸟素材制作的臂部防具。厚实的桃红色甲壳能够弹开飞龙锐利的牙齿。","5","36","[3,0,-2,-4,2]","怪鸟β","HunterSkill_167,1,HunterSkill_025,1","2,1,1"
"ARMOR_ID_0190","怪鸟腰甲β","waist","使用怪鸟素材制作的腰部防具。要小心别被它表面的尖刺伤到。","5","36","[3,0,-2,-4,2]","怪鸟β","HunterSkill_167,1,HunterSkill_058,1,HunterSkill_069,1","1,0,0"
"ARMOR_ID_0191","怪鸟护腿β","leg","使用怪鸟素材制作的脚部防具。追求灵活性的设计十分优秀。","5","36","[3,0,-2,-4,2]","怪鸟β","HunterSkill_167,1,HunterSkill_025,1,HunterSkill_069,1","2,1,0"
"ARMOR_ID_0192","缠蛙头盔α","helm","使用缠蛙素材制作的头部防具。采用了适合在沙漠活动的设计。","5","36","[1,2,-3,-1,1]","缠蛙α","HunterSkill_164,1,HunterSkill_071,1,HunterSkill_098,1","1,0,0"
"ARMOR_ID_0193","缠蛙铠甲α","body","使用缠蛙素材制作的身体防具。颈部特别采用了富有弹性的素材。","5","36","[1,2,-3,-1,1]","缠蛙α","HunterSkill_164,1,HunterSkill_071,1,HunterSkill_062,1","0,0,0"
"ARMOR_ID_0194","缠蛙腕甲α","arm","使用缠蛙素材制作的臂部防具。构造上强化了手腕的防护，并兼顾了使用武器时的灵活度。","5","36","[1,2,-3,-1,1]","缠蛙α","HunterSkill_164,1,HunterSkill_097,1,HunterSkill_098,1","1,0,0"
"ARMOR_ID_0195","缠蛙腰甲α","waist","使用缠蛙素材制作的腰部防具。心形的腰包使用了舌头上的皮。","5","36","[1,2,-3,-1,1]","缠蛙α","HunterSkill_164,1,HunterSkill_071,1,HunterSkill_097,1","1,0,0"
"ARMOR_ID_0196","缠蛙护腿α","leg","使用缠蛙素材制作的脚部防具。宽松的设计保证腿部能够活动自如。","5","36","[1,2,-3,-1,1]","缠蛙α","HunterSkill_164,1,HunterSkill_097,1,HunterSkill_062,1","0,0,0"
"ARMOR_ID_0197","缠蛙头盔β","helm","使用缠蛙素材制作的头部防具。采用了适合在沙漠活动的设计。","5","36","[1,2,-3,-1,1]","缠蛙β","HunterSkill_165,1,HunterSkill_071,1","2,0,0"
"ARMOR_ID_0198","缠蛙铠甲β","body","使用缠蛙素材制作的身体防具。颈部特别采用了富有弹性的素材。","5","36","[1,2,-3,-1,1]","缠蛙β","HunterSkill_165,1,HunterSkill_071,1","1,1,1"
"ARMOR_ID_0199","缠蛙腕甲β","arm","使用缠蛙素材制作的臂部防具。构造上强化了手腕的防护，并兼顾了使用武器时的灵活度。","5","36","[1,2,-3,-1,1]","缠蛙β","HunterSkill_165,1,HunterSkill_097,1","2,0,0"
"ARMOR_ID_0200","缠蛙腰甲β","waist","使用缠蛙素材制作的腰部防具。心形的腰包使用了舌头上的皮。","5","36","[1,2,-3,-1,1]","缠蛙β","HunterSkill_165,1,HunterSkill_071,1","1,1,0"
"ARMOR_ID_0201","缠蛙护腿β","leg","使用缠蛙素材制作的脚部防具。宽松的设计保证腿部能够活动自如。","5","36","[1,2,-3,-1,1]","缠蛙β","HunterSkill_165,1,HunterSkill_062,1","1,0,0"
"ARMOR_ID_0202","毒怪鸟头盔α","helm","使用毒怪鸟素材制作的头部防具。充分发挥橡胶质素材的优点，防御物理攻击特别有效。","5","36","[-4,3,4,-1,1]","毒怪鸟α","HunterSkill_164,1,HunterSkill_065,1,HunterSkill_136,1","1,0,0"
"ARMOR_ID_0203","毒怪鸟铠甲α","body","使用毒怪鸟素材制作的身体防具。充满弹性的橡胶质皮令它抗冲击性强，性能稳定。","5","36","[-4,3,4,-1,1]","毒怪鸟α","HunterSkill_164,1,HunterSkill_065,1,HunterSkill_083,1","1,0,0"
"ARMOR_ID_0204","毒怪鸟腕甲α","arm","使用毒怪鸟素材制作的臂部防具。得益于素材的特性，少许的攻击几乎无法撼其分毫。","5","36","[-4,3,4,-1,1]","毒怪鸟α","HunterSkill_164,1,HunterSkill_060,2,HunterSkill_083,1","0,0,0"
"ARMOR_ID_0205","毒怪鸟腰甲α","waist","使用毒怪鸟素材制作的腰部防具。设计上充分利用了厚皮的防御力。","5","36","[-4,3,4,-1,1]","毒怪鸟α","HunterSkill_164,1,HunterSkill_065,1,HunterSkill_060,1","1,0,0"
"ARMOR_ID_0206","毒怪鸟护腿α","leg","使用毒怪鸟素材制作的脚部防具。橡胶质的皮带来了金属防具所不具备的穿着感。","5","36","[-4,3,4,-1,1]","毒怪鸟α","HunterSkill_164,1,HunterSkill_060,1,HunterSkill_024,2","0,0,0"
"ARMOR_ID_0207","毒怪鸟头盔β","helm","使用毒怪鸟素材制作的头部防具。充分发挥橡胶质素材的优点，防御物理攻击特别有效。","5","36","[-4,3,4,-1,1]","毒怪鸟β","HunterSkill_165,1,HunterSkill_065,1","1,1,0"
"ARMOR_ID_0208","毒怪鸟铠甲β","body","使用毒怪鸟素材制作的身体防具。充满弹性的橡胶质皮令它抗冲击性强，性能稳定。","5","36","[-4,3,4,-1,1]","毒怪鸟β","HunterSkill_165,1,HunterSkill_065,1","2,0,0"
"ARMOR_ID_0209","毒怪鸟腕甲β","arm","使用毒怪鸟素材制作的臂部防具。得益于素材的特性，少许的攻击几乎无法撼其分毫。","5","36","[-4,3,4,-1,1]","毒怪鸟β","HunterSkill_165,1,HunterSkill_060,2","1,0,0"
"ARMOR_ID_0210","毒怪鸟腰甲β","waist","使用毒怪鸟素材制作的腰部防具。设计上充分利用了厚皮的防御力。","5","36","[-4,3,4,-1,1]","毒怪鸟β","HunterSkill_165,1,HunterSkill_065,1","2,1,0"
"ARMOR_ID_0211","毒怪鸟护腿β","leg","使用毒怪鸟素材制作的脚部防具。橡胶质的皮带来了金属防具所不具备的穿着感。","5","36","[-4,3,4,-1,1]","毒怪鸟β","HunterSkill_165,1,HunterSkill_060,1,HunterSkill_024,1","1,0,0"
"ARMOR_ID_0212","骨制头盔α","helm","以怪物骸骨制作的传统头部防具。虽其貌不扬，但保暖性优异。","5","32","[2,0,2,0,2]","骨制α","HunterSkill_086,1,HunterSkill_071,1","1,0,0"
"ARMOR_ID_0213","骨制铠甲α","body","以怪物骸骨包覆的传统身体防具。精致骨饰的设计非常独特。","5","32","[2,0,2,0,2]","骨制α","HunterSkill_024,1,HunterSkill_086,1","1,0,0"
"ARMOR_ID_0214","骨制腕甲α","arm","以怪物骸骨包覆的传统臂部防具。以多种形状的骸骨巧妙搭配。","5","32","[2,0,2,0,2]","骨制α","HunterSkill_024,1,HunterSkill_071,1","1,0,0"
"ARMOR_ID_0215","骨制腰甲α","waist","以怪物骸骨包覆的传统腰部防具。虽具野性的外观，但功能性良好。","5","32","[2,0,2,0,2]","骨制α","HunterSkill_024,1","1,1,0"
"ARMOR_ID_0216","骨制护腿α","leg","以怪物骸骨包覆的传统脚部防具。以骸骨作为素材，利于步行，不造成负担的防具。","5","32","[2,0,2,0,2]","骨制α","HunterSkill_086,1","1,1,0"
"ARMOR_ID_0222","合金头盔α","helm","使用上好矿石素材制作的头部防具。虽然造型粗犷，但拥有以实用为主的高防御性能。","5","32","[-2,1,-2,-2,1]","合金α","HunterSkill_031,1","1,1,0"
"ARMOR_ID_0223","合金铠甲α","body","使用上好矿石素材制作的身体防具。考虑到便于活动，设计上合理地省略了多余装饰。","5","32","[-2,1,-2,-2,1]","合金α","HunterSkill_102,2","1,0,0"
"ARMOR_ID_0224","合金腕甲α","arm","使用上好矿石素材制作的臂部防具。重视实用性，精练的设计没有半点多余。","5","32","[-2,1,-2,-2,1]","合金α","HunterSkill_074,1","1,1,0"
"ARMOR_ID_0225","合金腰甲α","waist","使用上好矿石素材制作的腰部防具。融合的矿物色泽以及精心的设计，非常美丽。","5","32","[-2,1,-2,-2,1]","合金α","HunterSkill_074,1,HunterSkill_031,1","1,0,0"
"ARMOR_ID_0226","合金护腿α","leg","使用上好矿石素材制作的脚部防具。可以很好地包覆双腿，做工扎实，是极度讲求实用理念的防具。","5","32","[-2,1,-2,-2,1]","合金α","HunterSkill_031,1,HunterSkill_102,1","1,0,0"
"ARMOR_ID_0232","炎尾龙头盔α","helm","使用炎尾龙素材制作的头部防具。大大的羽毛装饰很受猎人的欢迎。","5","36","[2,-3,0,-1,0]","炎尾龙α","HunterSkill_166,1,HunterSkill_102,1,HunterSkill_063,1","1,0,0"
"ARMOR_ID_0233","炎尾龙铠甲α","body","使用炎尾龙素材制作的身体防具。虽然是用于仪式的设计，但防御力很高。","5","36","[2,-3,0,-1,0]","炎尾龙α","HunterSkill_166,1,HunterSkill_077,1,HunterSkill_063,1","0,0,0"
"ARMOR_ID_0234","炎尾龙腕甲α","arm","使用炎尾龙素材制作的臂部防具。手套的开口很宽，手腕可以大幅度活动。","5","36","[2,-3,0,-1,0]","炎尾龙α","HunterSkill_166,1,HunterSkill_102,1,HunterSkill_077,1","1,1,0"
"ARMOR_ID_0235","炎尾龙腰甲α","waist","使用炎尾龙素材制作的腰部防具。波浪形状的裙摆格外时尚。","5","36","[2,-3,0,-1,0]","炎尾龙α","HunterSkill_166,1,HunterSkill_077,1,HunterSkill_063,1","0,0,0"
"ARMOR_ID_0236","炎尾龙护腿α","leg","使用炎尾龙素材制作的脚部防具。绑腿活用了素材的质地，能紧束双腿。","5","36","[2,-3,0,-1,0]","炎尾龙α","HunterSkill_166,1,HunterSkill_102,1,HunterSkill_076,1","1,0,0"
"ARMOR_ID_0237","炎尾龙头盔β","helm","使用炎尾龙素材制作的头部防具。大大的羽毛装饰很受猎人的欢迎。","5","36","[2,-3,0,-1,0]","炎尾龙β","HunterSkill_167,1,HunterSkill_063,1","2,0,0"
"ARMOR_ID_0238","炎尾龙铠甲β","body","使用炎尾龙素材制作的身体防具。虽然是用于仪式的设计，但防御力很高。","5","36","[2,-3,0,-1,0]","炎尾龙β","HunterSkill_167,1,HunterSkill_063,1","1,0,0"
"ARMOR_ID_0239","炎尾龙腕甲β","arm","使用炎尾龙素材制作的臂部防具。手套的开口很宽，手腕可以大幅度活动。","5","36","[2,-3,0,-1,0]","炎尾龙β","HunterSkill_167,1,HunterSkill_102,1","2,1,0"
"ARMOR_ID_0240","炎尾龙腰甲β","waist","使用炎尾龙素材制作的腰部防具。波浪形状的裙摆格外时尚。","5","36","[2,-3,0,-1,0]","炎尾龙β","HunterSkill_167,1,HunterSkill_077,2","2,0,0"
"ARMOR_ID_0241","炎尾龙护腿β","leg","使用炎尾龙素材制作的脚部防具。绑腿活用了素材的质地，能紧束双腿。","5","36","[2,-3,0,-1,0]","炎尾龙β","HunterSkill_167,1,HunterSkill_102,1","1,1,1"
"ARMOR_ID_0242","刺花蜘蛛头盔α","helm","使用刺花蜘蛛素材制作的头部防具。漂亮的蔷薇由刺花蜘蛛的甲壳加工而成。","5","36","[-3,3,0,0,3]","刺花蜘蛛α","HunterSkill_162,1,HunterSkill_084,1,HunterSkill_111,1","0,0,0"
"ARMOR_ID_0243","刺花蜘蛛铠甲α","body","使用刺花蜘蛛素材制作的身体防具。乍一看好似普通的常服，实则覆盖了坚硬的装甲。","5","36","[-3,3,0,0,3]","刺花蜘蛛α","HunterSkill_162,1,HunterSkill_069,2,HunterSkill_075,1","0,0,0"
"ARMOR_ID_0244","刺花蜘蛛腕甲α","arm","使用刺花蜘蛛素材制作的臂部防具。非常华丽，甚至可以在正式场合穿着。","5","36","[-3,3,0,0,3]","刺花蜘蛛α","HunterSkill_162,1,HunterSkill_069,1,HunterSkill_111,1","0,0,0"
"ARMOR_ID_0245","刺花蜘蛛腰甲α","waist","使用刺花蜘蛛素材制作的腰部防具。高贵的设计令贵族也趋之若鹜。","5","36","[-3,3,0,0,3]","刺花蜘蛛α","HunterSkill_162,1,HunterSkill_084,2","2,0,0"
"ARMOR_ID_0246","刺花蜘蛛护腿α","leg","使用刺花蜘蛛素材制作的脚部防具。看不见的地方点缀着蔷薇花纹。","5","36","[-3,3,0,0,3]","刺花蜘蛛α","HunterSkill_162,1,HunterSkill_075,1,HunterSkill_111,1","0,0,0"
"ARMOR_ID_0247","刺花蜘蛛头盔β","helm","使用刺花蜘蛛素材制作的头部防具。漂亮的蔷薇由刺花蜘蛛的甲壳加工而成。","5","36","[-3,3,0,0,3]","刺花蜘蛛β","HunterSkill_163,1,HunterSkill_111,1","1,0,0"
"ARMOR_ID_0248","刺花蜘蛛铠甲β","body","使用刺花蜘蛛素材制作的身体防具。乍一看好似普通的常服，实则覆盖了坚硬的装甲。","5","36","[-3,3,0,0,3]","刺花蜘蛛β","HunterSkill_163,1,HunterSkill_069,1,HunterSkill_075,1","1,0,0"
"ARMOR_ID_0249","刺花蜘蛛腕甲β","arm","使用刺花蜘蛛素材制作的臂部防具。非常华丽，甚至可以在正式场合穿着。","5","36","[-3,3,0,0,3]","刺花蜘蛛β","HunterSkill_163,1,HunterSkill_069,1","2,1,0"
"ARMOR_ID_0250","刺花蜘蛛腰甲β","waist","使用刺花蜘蛛素材制作的腰部防具。高贵的设计令贵族也趋之若鹜。","5","36","[-3,3,0,0,3]","刺花蜘蛛β","HunterSkill_163,1,HunterSkill_084,1","2,1,0"
"ARMOR_ID_0251","刺花蜘蛛护腿β","leg","使用刺花蜘蛛素材制作的脚部防具。看不见的地方点缀着蔷薇花纹。","5","36","[-3,3,0,0,3]","刺花蜘蛛β","HunterSkill_163,1,HunterSkill_075,1","1,1,1"
"ARMOR_ID_0252","沼喷龙头盔α","helm","使用沼喷龙素材制作的头部防具。为了抵御素材自带的毒性，必须佩戴口罩。","5","36","[0,-3,0,0,1]","沼喷龙α","HunterSkill_164,1,HunterSkill_098,2","1,1,0"
"ARMOR_ID_0253","沼喷龙铠甲α","body","使用沼喷龙素材制作的身体防具。披肩内充满了毒液，但并不会泄漏。应该不会……","5","36","[0,-3,0,0,1]","沼喷龙α","HunterSkill_164,1,HunterSkill_083,2,HunterSkill_098,1","1,0,0"
"ARMOR_ID_0254","沼喷龙腕甲α","arm","使用沼喷龙素材制作的臂部防具。虽然可以利用尖爪注入毒素，但很难在狩猎中使用。","5","36","[0,-3,0,0,1]","沼喷龙α","HunterSkill_164,1,HunterSkill_083,1,HunterSkill_072,1","1,0,0"
"ARMOR_ID_0255","沼喷龙腰甲α","waist","使用沼喷龙素材制作的腰部防具。装配了使用毒液所需的各种器具。","5","36","[0,-3,0,0,1]","沼喷龙α","HunterSkill_164,1,HunterSkill_098,1,HunterSkill_111,1","0,0,0"
"ARMOR_ID_0256","沼喷龙护腿α","leg","使用沼喷龙素材制作的脚部防具。需要小心，不要弄破备用的毒液包。","5","36","[0,-3,0,0,1]","沼喷龙α","HunterSkill_164,1,HunterSkill_098,2,HunterSkill_072,1","0,0,0"
"ARMOR_ID_0257","沼喷龙头盔β","helm","使用沼喷龙素材制作的头部防具。为了抵御素材自带的毒性，必须佩戴口罩。","5","36","[0,-3,0,0,1]","沼喷龙β","HunterSkill_165,1,HunterSkill_098,1","2,1,0"
"ARMOR_ID_0258","沼喷龙铠甲β","body","使用沼喷龙素材制作的身体防具。披肩内充满了毒液，但并不会泄漏。应该不会……","5","36","[0,-3,0,0,1]","沼喷龙β","HunterSkill_165,1,HunterSkill_083,2","2,0,0"
"ARMOR_ID_0259","沼喷龙腕甲β","arm","使用沼喷龙素材制作的臂部防具。虽然可以利用尖爪注入毒素，但很难在狩猎中使用。","5","36","[0,-3,0,0,1]","沼喷龙β","HunterSkill_165,1,HunterSkill_072,1","2,0,0"
"ARMOR_ID_0260","沼喷龙腰甲β","waist","使用沼喷龙素材制作的腰部防具。装配了使用毒液所需的各种器具。","5","36","[0,-3,0,0,1]","沼喷龙β","HunterSkill_165,1,HunterSkill_111,1","1,0,0"
"ARMOR_ID_0261","沼喷龙护腿β","leg","使用沼喷龙素材制作的脚部防具。需要小心，不要弄破备用的毒液包。","5","36","[0,-3,0,0,1]","沼喷龙β","HunterSkill_165,1,HunterSkill_098,2","2,0,0"
"ARMOR_ID_0262","桃毛兽王头盔α","helm","使用桃毛兽王素材制作的头部防具。粗犷的造型彰显野性。","5","36","[-3,1,1,-1,2]","桃毛兽王α","HunterSkill_168,1,HunterSkill_139,1,HunterSkill_099,1","1,0,0"
"ARMOR_ID_0263","桃毛兽王铠甲α","body","使用桃毛兽王素材制作的身体防具。随处点缀的兽毛彰显野性。","5","36","[-3,1,1,-1,2]","桃毛兽王α","HunterSkill_168,1,HunterSkill_139,2,HunterSkill_114,1","0,0,0"
"ARMOR_ID_0264","桃毛兽王腕甲α","arm","使用桃毛兽王素材制作的臂部防具。乍看之下做工粗糙，但防御力绝不马虎。","5","36","[-3,1,1,-1,2]","桃毛兽王α","HunterSkill_168,1,HunterSkill_096,1,HunterSkill_071,1","0,0,0"
"ARMOR_ID_0265","桃毛兽王腰甲α","waist","使用桃毛兽王素材制作的腰部防具。附带的那一串口袋意外地实用。","5","36","[-3,1,1,-1,2]","桃毛兽王α","HunterSkill_168,1,HunterSkill_096,1,HunterSkill_099,1","1,0,0"
"ARMOR_ID_0266","桃毛兽王护腿α","leg","使用桃毛兽王素材制作的脚部防具。狂野的造型很适合驰骋荒野之人。","5","36","[-3,1,1,-1,2]","桃毛兽王α","HunterSkill_168,1,HunterSkill_096,1,HunterSkill_114,1","0,0,0"
"ARMOR_ID_0267","桃毛兽王头盔β","helm","使用桃毛兽王素材制作的头部防具。粗犷的造型彰显野性。","5","36","[-3,1,1,-1,2]","桃毛兽王β","HunterSkill_169,1,HunterSkill_139,1","2,0,0"
"ARMOR_ID_0268","桃毛兽王铠甲β","body","使用桃毛兽王素材制作的身体防具。随处点缀的兽毛彰显野性。","5","36","[-3,1,1,-1,2]","桃毛兽王β","HunterSkill_169,1,HunterSkill_139,2","1,1,1"
"ARMOR_ID_0269","桃毛兽王腕甲β","arm","使用桃毛兽王素材制作的臂部防具。乍看之下做工粗糙，但防御力绝不马虎。","5","36","[-3,1,1,-1,2]","桃毛兽王β","HunterSkill_169,1,HunterSkill_096,1","1,0,0"
"ARMOR_ID_0270","桃毛兽王腰甲β","waist","使用桃毛兽王素材制作的腰部防具。附带的那一串口袋意外地实用。","5","36","[-3,1,1,-1,2]","桃毛兽王β","HunterSkill_169,1,HunterSkill_096,1","2,0,0"
"ARMOR_ID_0271","桃毛兽王护腿β","leg","使用桃毛兽王素材制作的脚部防具。狂野的造型很适合驰骋荒野之人。","5","36","[-3,1,1,-1,2]","桃毛兽王β","HunterSkill_169,1,HunterSkill_114,1","2,0,0"
"ARMOR_ID_0272","沙海龙头盔α","helm","使用沙海龙素材制作的头部防具。粗糙打磨过的凸起正是沙海龙的象征。","5","38","[-1,2,-3,1,1]","沙海龙α","HunterSkill_166,1,HunterSkill_090,1,HunterSkill_075,1","1,0,0"
"ARMOR_ID_0273","沙海龙铠甲α","body","使用沙海龙素材制作的身体防具。肩部经过巧妙设计，虽然厚重却不会阻碍行动。","5","38","[-1,2,-3,1,1]","沙海龙α","HunterSkill_166,1,HunterSkill_090,1,HunterSkill_065,1","1,0,0"
"ARMOR_ID_0274","沙海龙腕甲α","arm","使用沙海龙素材制作的臂部防具。卷曲排列的棘刺保证了动作的柔韧。","5","38","[-1,2,-3,1,1]","沙海龙α","HunterSkill_166,1,HunterSkill_076,1,HunterSkill_065,1","0,0,0"
"ARMOR_ID_0275","沙海龙腰甲α","waist","使用沙海龙素材制作的腰部防具。红色的腰巾令见者无不斗志昂扬。","5","38","[-1,2,-3,1,1]","沙海龙α","HunterSkill_166,1,HunterSkill_076,1,HunterSkill_075,1","0,0,0"
"ARMOR_ID_0276","沙海龙护腿α","leg","使用沙海龙素材制作的脚部防具。甲壳被分割成细小零件，以保证行动便利。","5","38","[-1,2,-3,1,1]","沙海龙α","HunterSkill_166,1,HunterSkill_076,1,HunterSkill_090,1","1,1,0"
"ARMOR_ID_0277","沙海龙头盔β","helm","使用沙海龙素材制作的头部防具。粗糙打磨过的凸起正是沙海龙的象征。","5","38","[-1,2,-3,1,1]","沙海龙β","HunterSkill_167,1,HunterSkill_075,1","2,0,0"
"ARMOR_ID_0278","沙海龙铠甲β","body","使用沙海龙素材制作的身体防具。肩部经过巧妙设计，虽然厚重却不会阻碍行动。","5","38","[-1,2,-3,1,1]","沙海龙β","HunterSkill_167,1,HunterSkill_090,1","1,1,1"
"ARMOR_ID_0279","沙海龙腕甲β","arm","使用沙海龙素材制作的臂部防具。卷曲排列的棘刺保证了动作的柔韧。","5","38","[-1,2,-3,1,1]","沙海龙β","HunterSkill_167,1,HunterSkill_076,1","2,0,0"
"ARMOR_ID_0280","沙海龙腰甲β","waist","使用沙海龙素材制作的腰部防具。红色的腰巾令见者无不斗志昂扬。","5","38","[-1,2,-3,1,1]","沙海龙β","HunterSkill_167,1,HunterSkill_075,1","1,1,0"
"ARMOR_ID_0281","沙海龙护腿β","leg","使用沙海龙素材制作的脚部防具。甲壳被分割成细小零件，以保证行动便利。","5","38","[-1,2,-3,1,1]","沙海龙β","HunterSkill_167,1,HunterSkill_076,1","1,1,1"
"ARMOR_ID_0282","雌火龙头盔α","helm","使用雌火龙素材制成的头部防具。将女王的气质、华丽、强大，全部合而为一的艳丽装备。","5","38","[2,0,-2,0,-3]","雌火龙α","HunterSkill_166,1,HunterSkill_068,1,HunterSkill_070,1","2,0,0"
"ARMOR_ID_0283","雌火龙铠甲α","body","使用雌火龙素材制成的身体防具。具有无愧于大地女王名号的能力。普通金属无法对其造成损伤。","5","38","[2,0,-2,0,-3]","雌火龙α","HunterSkill_166,1,HunterSkill_111,2","0,0,0"
"ARMOR_ID_0284","雌火龙腕甲α","arm","使用雌火龙的素材制成的臂部防具。覆盖手臂的华丽绿色鳞片，在消业障的地狱之火中更能衬托出美感。","5","38","[2,0,-2,0,-3]","雌火龙α","HunterSkill_166,1,HunterSkill_111,1,HunterSkill_068,2","0,0,0"
"ARMOR_ID_0285","雌火龙腰甲α","waist","使用雌火龙素材制成的腰部防具。散发出女王充满智慧的绿色光芒，就连凶暴的怪物都会畏惧三分。","5","38","[2,0,-2,0,-3]","雌火龙α","HunterSkill_166,1,HunterSkill_111,1,HunterSkill_138,1","0,0,0"
"ARMOR_ID_0286","雌火龙护腿α","leg","使用雌火龙素材制成的脚部防具。大地女王的脚力包藏其中，感觉大地犹如自己的伙伴。","5","38","[2,0,-2,0,-3]","雌火龙α","HunterSkill_166,1,HunterSkill_111,1,HunterSkill_070,2","0,0,0"
"ARMOR_ID_0287","雌火龙头盔β","helm","使用雌火龙素材制成的头部防具。将女王的气质、华丽、强大，全部合而为一的艳丽装备。","5","38","[2,0,-2,0,-3]","雌火龙β","HunterSkill_167,1,HunterSkill_068,1","2,1,0"
"ARMOR_ID_0288","雌火龙铠甲β","body","使用雌火龙素材制成的身体防具。具有无愧于大地女王名号的能力。普通金属无法对其造成损伤。","5","38","[2,0,-2,0,-3]","雌火龙β","HunterSkill_167,1,HunterSkill_111,1","1,1,1"
"ARMOR_ID_0289","雌火龙腕甲β","arm","使用雌火龙的素材制成的臂部防具。覆盖手臂的华丽绿色鳞片，在消业障的地狱之火中更能衬托出美感。","5","38","[2,0,-2,0,-3]","雌火龙β","HunterSkill_167,1,HunterSkill_111,1,HunterSkill_068,1","1,0,0"
"ARMOR_ID_0290","雌火龙腰甲β","waist","使用雌火龙素材制成的腰部防具。散发出女王充满智慧的绿色光芒，就连凶暴的怪物都会畏惧三分。","5","38","[2,0,-2,0,-3]","雌火龙β","HunterSkill_167,1,HunterSkill_111,1","2,0,0"
"ARMOR_ID_0291","雌火龙护腿β","leg","使用雌火龙素材制成的脚部防具。大地女王的脚力包藏其中，感觉大地犹如自己的伙伴。","5","38","[2,0,-2,0,-3]","雌火龙β","HunterSkill_167,1,HunterSkill_111,1,HunterSkill_070,1","1,0,0"
"ARMOR_ID_0292","影蜘蛛头盔α","helm","使用影蜘蛛素材制作的头部防具。精密的设计和扎实的技术赋予了其很高的防御力。","5","38","[-2,2,-2,1,2]","影蜘蛛α","HunterSkill_162,1,HunterSkill_189,1,HunterSkill_083,2","0,0,0"
"ARMOR_ID_0293","影蜘蛛铠甲α","body","使用影蜘蛛素材制作的身体防具。采用先进的技术，使其惊人地轻巧无比。","5","38","[-2,2,-2,1,2]","影蜘蛛α","HunterSkill_162,1,HunterSkill_116,1,HunterSkill_062,1","0,0,0"
"ARMOR_ID_0294","影蜘蛛腕甲α","arm","使用影蜘蛛素材制作的臂部防具。能将指尖细微的动作传递给武器。","5","38","[-2,2,-2,1,2]","影蜘蛛α","HunterSkill_162,1,HunterSkill_116,1,HunterSkill_083,1","1,0,0"
"ARMOR_ID_0295","影蜘蛛腰甲α","waist","使用影蜘蛛素材制作的腰部防具。是工房的倾力之作，也具备很高的艺术价值。","5","38","[-2,2,-2,1,2]","影蜘蛛α","HunterSkill_162,1,HunterSkill_189,1,HunterSkill_085,2","0,0,0"
"ARMOR_ID_0296","影蜘蛛护腿α","leg","使用影蜘蛛素材制作的脚部防具。兼具功能美与高机动力的佳作。","5","38","[-2,2,-2,1,2]","影蜘蛛α","HunterSkill_162,1,HunterSkill_116,1,HunterSkill_085,1","1,0,0"
"ARMOR_ID_0297","影蜘蛛头盔β","helm","使用影蜘蛛素材制作的头部防具。精密的设计和扎实的技术赋予了其很高的防御力。","5","38","[-2,2,-2,1,2]","影蜘蛛β","HunterSkill_163,1,HunterSkill_189,1","2,0,0"
"ARMOR_ID_0298","影蜘蛛铠甲β","body","使用影蜘蛛素材制作的身体防具。采用先进的技术，使其惊人地轻巧无比。","5","38","[-2,2,-2,1,2]","影蜘蛛β","HunterSkill_163,1,HunterSkill_116,1","1,1,1"
"ARMOR_ID_0299","影蜘蛛腕甲β","arm","使用影蜘蛛素材制作的臂部防具。能将指尖细微的动作传递给武器。","5","38","[-2,2,-2,1,2]","影蜘蛛β","HunterSkill_163,1,HunterSkill_116,1","2,0,0"
"ARMOR_ID_0300","影蜘蛛腰甲β","waist","使用影蜘蛛素材制作的腰部防具。是工房的倾力之作，也具备很高的艺术价值。","5","38","[-2,2,-2,1,2]","影蜘蛛β","HunterSkill_163,1,HunterSkill_189,1","1,1,0"
"ARMOR_ID_0301","影蜘蛛护腿β","leg","使用影蜘蛛素材制作的脚部防具。兼具功能美与高机动力的佳作。","5","38","[-2,2,-2,1,2]","影蜘蛛β","HunterSkill_163,1,HunterSkill_085,1","2,1,0"
"ARMOR_ID_0302","辟兽头盔α","helm","使用辟兽素材制作的头部防具。头上狂野的装饰令见者心生动摇。","6","48","[-3,2,-1,-1,4]","辟兽α","HunterSkill_175,1,HunterSkill_168,1,HunterSkill_099,2,HunterSkill_086,1","2,1,0"
"ARMOR_ID_0303","辟兽铠甲α","body","使用辟兽素材制作的身体防具。毛束经过仔细清洗与加工，拥有高防御力。","6","48","[-3,2,-1,-1,4]","辟兽α","HunterSkill_175,1,HunterSkill_168,1,HunterSkill_063,1,HunterSkill_065,1","1,0,0"
"ARMOR_ID_0304","辟兽腕甲α","arm","使用辟兽素材制作的臂部防具。防具上装配了金属配件，仿佛用以压制其狂暴的力量。","6","48","[-3,2,-1,-1,4]","辟兽α","HunterSkill_175,1,HunterSkill_168,1,HunterSkill_086,2,HunterSkill_065,1","2,0,0"
"ARMOR_ID_0305","辟兽腰甲α","waist","使用辟兽素材制作的腰部防具。束着兽毛的腰带在任何障碍面前都不会动摇。","6","48","[-3,2,-1,-1,4]","辟兽α","HunterSkill_175,1,HunterSkill_168,1,HunterSkill_063,2","1,0,0"
"ARMOR_ID_0306","辟兽护腿α","leg","使用辟兽素材制作的脚部防具。哪怕在沙尘肆虐的沙原中，也能毫无顾忌地纵横驰骋。","6","48","[-3,2,-1,-1,4]","辟兽α","HunterSkill_175,1,HunterSkill_168,1,HunterSkill_099,1,HunterSkill_069,2","2,1,0"
"ARMOR_ID_0307","辟兽头盔β","helm","使用辟兽素材制作的头部防具。头上狂野的装饰令见者心生动摇。","6","48","[-3,2,-1,-1,4]","辟兽β","HunterSkill_175,1,HunterSkill_169,1,HunterSkill_099,1,HunterSkill_086,1","2,1,1"
"ARMOR_ID_0308","辟兽铠甲β","body","使用辟兽素材制作的身体防具。毛束经过仔细清洗与加工，拥有高防御力。","6","48","[-3,2,-1,-1,4]","辟兽β","HunterSkill_175,1,HunterSkill_169,1,HunterSkill_063,1","1,1,1"
"ARMOR_ID_0309","辟兽腕甲β","arm","使用辟兽素材制作的臂部防具。防具上装配了金属配件，仿佛用以压制其狂暴的力量。","6","48","[-3,2,-1,-1,4]","辟兽β","HunterSkill_175,1,HunterSkill_169,1,HunterSkill_086,1,HunterSkill_065,1","2,1,0"
"ARMOR_ID_0310","辟兽腰甲β","waist","使用辟兽素材制作的腰部防具。束着兽毛的腰带在任何障碍面前都不会动摇。","6","48","[-3,2,-1,-1,4]","辟兽β","HunterSkill_175,1,HunterSkill_169,1,HunterSkill_063,1","2,2,0"
"ARMOR_ID_0311","辟兽护腿β","leg","使用辟兽素材制作的脚部防具。哪怕在沙尘肆虐的沙原中，也能毫无顾忌地纵横驰骋。","6","48","[-3,2,-1,-1,4]","辟兽β","HunterSkill_175,1,HunterSkill_169,1,HunterSkill_099,1,HunterSkill_069,1","2,1,1"
"ARMOR_ID_0312","风铗龙头盔α","helm","使用风铗龙素材制作的头部防具。据说戴上这顶头盔的人会时刻感受到风，与风同在。","5","38","[-3,2,-2,3,0]","风铗龙α","HunterSkill_166,1,HunterSkill_075,1,HunterSkill_076,1","0,0,0"
"ARMOR_ID_0313","风铗龙铠甲α","body","使用风铗龙素材制作的身体防具。模仿了异国武侠之士所钟爱的服装款式。","5","38","[-3,2,-2,3,0]","风铗龙α","HunterSkill_166,1,HunterSkill_079,2,HunterSkill_075,1","1,0,0"
"ARMOR_ID_0314","风铗龙腕甲α","arm","使用风铗龙素材制作的臂部防具。指尖部分能呼唤风，连对手都能感受到清爽的风。","5","38","[-3,2,-2,3,0]","风铗龙α","HunterSkill_166,1,HunterSkill_075,1,HunterSkill_059,1","0,0,0"
"ARMOR_ID_0315","风铗龙腰甲α","waist","使用风铗龙素材制作的腰部防具。修长优美的腰巾轻轻裹挟着风，能吸收受到的冲击。","5","38","[-3,2,-2,3,0]","风铗龙α","HunterSkill_166,1,HunterSkill_075,2","0,0,0"
"ARMOR_ID_0316","风铗龙护腿α","leg","使用风铗龙素材制作的脚部防具。其结构注重行动方便，使穿着者能轻快地踏风而行。","5","38","[-3,2,-2,3,0]","风铗龙α","HunterSkill_166,1,HunterSkill_079,1,HunterSkill_059,1","1,0,0"
"ARMOR_ID_0317","风铗龙头盔β","helm","使用风铗龙素材制作的头部防具。据说戴上这顶头盔的人会时刻感受到风，与风同在。","5","38","[-3,2,-2,3,0]","风铗龙β","HunterSkill_167,1,HunterSkill_075,1","1,1,0"
"ARMOR_ID_0318","风铗龙铠甲β","body","使用风铗龙素材制作的身体防具。模仿了异国武侠之士所钟爱的服装款式。","5","38","[-3,2,-2,3,0]","风铗龙β","HunterSkill_167,1,HunterSkill_079,1,HunterSkill_075,1","2,0,0"
"ARMOR_ID_0319","风铗龙腕甲β","arm","使用风铗龙素材制作的臂部防具。指尖部分能呼唤风，连对手都能感受到清爽的风。","5","38","[-3,2,-2,3,0]","风铗龙β","HunterSkill_167,1,HunterSkill_075,1","1,1,0"
"ARMOR_ID_0320","风铗龙腰甲β","waist","使用风铗龙素材制作的腰部防具。修长优美的腰巾轻轻裹挟着风，能吸收受到的冲击。","5","38","[-3,2,-2,3,0]","风铗龙β","HunterSkill_167,1,HunterSkill_075,1","2,0,0"
"ARMOR_ID_0321","风铗龙护腿β","leg","使用风铗龙素材制作的脚部防具。其结构注重行动方便，使穿着者能轻快地踏风而行。","5","38","[-3,2,-2,3,0]","风铗龙β","HunterSkill_167,1,HunterSkill_059,1","2,0,0"
"ARMOR_ID_0322","护雷颚龙头盔α","helm","使用护雷颚龙素材制作的头部防具。戴上它的人会被难以形容的渴望侵袭。","6","48","[-1,-1,2,-3,-2]","护雷颚龙α","HunterSkill_187,1,HunterSkill_172,1,HunterSkill_058,2,HunterSkill_113,1","0,0,0"
"ARMOR_ID_0323","护雷颚龙铠甲α","body","使用护雷颚龙素材制作的身体防具。穿着时体内会涌现出不同于平时的活力和使命感。","6","48","[-1,-1,2,-3,-2]","护雷颚龙α","HunterSkill_187,1,HunterSkill_172,1,HunterSkill_064,1,HunterSkill_113,1","2,0,0"
"ARMOR_ID_0324","护雷颚龙腕甲α","arm","使用护雷颚龙素材制作的臂部防具。如果不频繁活动双臂，就会觉得静不下心来。","6","48","[-1,-1,2,-3,-2]","护雷颚龙α","HunterSkill_187,1,HunterSkill_172,1,HunterSkill_064,1,HunterSkill_058,1","1,0,0"
"ARMOR_ID_0325","护雷颚龙腰甲α","waist","使用护雷颚龙素材制作的腰部防具。白色部分即使受损，也会在不知不觉中慢慢修复。","6","48","[-1,-1,2,-3,-2]","护雷颚龙α","HunterSkill_187,1,HunterSkill_172,1,HunterSkill_065,1,HunterSkill_064,1","1,1,0"
"ARMOR_ID_0326","护雷颚龙护腿α","leg","使用护雷颚龙素材制作的脚部防具。用力时，周围的白色部分就会发出淡淡的光。","6","48","[-1,-1,2,-3,-2]","护雷颚龙α","HunterSkill_187,1,HunterSkill_172,1,HunterSkill_113,1,HunterSkill_065,2","1,0,0"
"ARMOR_ID_0327","护雷颚龙头盔β","helm","使用护雷颚龙素材制作的头部防具。戴上它的人会被难以形容的渴望侵袭。","6","48","[-1,-1,2,-3,-2]","护雷颚龙β","HunterSkill_187,1,HunterSkill_173,1,HunterSkill_058,2","2,0,0"
"ARMOR_ID_0328","护雷颚龙铠甲β","body","使用护雷颚龙素材制作的身体防具。穿着时体内会涌现出不同于平时的活力和使命感。","6","48","[-1,-1,2,-3,-2]","护雷颚龙β","HunterSkill_187,1,HunterSkill_173,1,HunterSkill_064,1","2,1,1"
"ARMOR_ID_0329","护雷颚龙腕甲β","arm","使用护雷颚龙素材制作的臂部防具。如果不频繁活动双臂，就会觉得静不下心来。","6","48","[-1,-1,2,-3,-2]","护雷颚龙β","HunterSkill_187,1,HunterSkill_173,1,HunterSkill_064,1","2,2,0"
"ARMOR_ID_0330","护雷颚龙腰甲β","waist","使用护雷颚龙素材制作的腰部防具。白色部分即使受损，也会在不知不觉中慢慢修复。","6","48","[-1,-1,2,-3,-2]","护雷颚龙β","HunterSkill_187,1,HunterSkill_173,1,HunterSkill_065,1","2,2,0"
"ARMOR_ID_0331","护雷颚龙护腿β","leg","使用护雷颚龙素材制作的脚部防具。用力时，周围的白色部分就会发出淡淡的光。","6","48","[-1,-1,2,-3,-2]","护雷颚龙β","HunterSkill_187,1,HunterSkill_173,1,HunterSkill_113,1,HunterSkill_065,1","2,1,0"
"ARMOR_ID_0332","铸铁头盔α","helm","以拥有美丽金属光泽的矿石制作而成的头部防具。能够彻底包覆头部。","6","44","[-2,0,3,-1,0]","铸铁α","HunterSkill_068,2,HunterSkill_060,1","2,0,0"
"ARMOR_ID_0333","铸铁铠甲α","body","以拥有美丽金属光泽的矿石制作而成的身体防具。毫无缝隙的装甲加上色彩搭配，十分好看。","6","44","[-2,0,3,-1,0]","铸铁α","HunterSkill_073,1,HunterSkill_060,1","1,1,0"
"ARMOR_ID_0334","铸铁腕甲α","arm","以拥有美丽金属光泽的矿石制作而成的臂部防具。以精密加工的矿石彻底保护手臂。","6","44","[-2,0,3,-1,0]","铸铁α","HunterSkill_086,2,HunterSkill_060,1","2,0,0"
"ARMOR_ID_0335","铸铁腰甲α","waist","以拥有美丽金属光泽的矿石制作而成的腰部防具。是兼具高雅设计和工房最先进技术的杰作。","6","44","[-2,0,3,-1,0]","铸铁α","HunterSkill_068,1,HunterSkill_060,1","1,1,1"
"ARMOR_ID_0336","铸铁护腿α","leg","以拥有美丽金属光泽的矿石制作而成的脚部防具。虽是金属构造，但经过改良后利于行动。","6","44","[-2,0,3,-1,0]","铸铁α","HunterSkill_073,1,HunterSkill_060,1","2,0,0"
"ARMOR_ID_0342","护鹭鹰龙腰甲α","waist","使用护鹭鹰龙素材制作的腰部防具。雪白的长羽毛带着淡淡的光芒，非常美丽。","6","44","[0,0,4,0,-3]","护鹭鹰龙α","HunterSkill_172,1,HunterSkill_103,1,HunterSkill_072,2","1,0,0"
"ARMOR_ID_0343","护鹭鹰龙腰甲β","waist","使用护鹭鹰龙素材制作的腰部防具。雪白的长羽毛带着淡淡的光芒，非常美丽。","6","44","[0,0,4,0,-3]","护鹭鹰龙β","HunterSkill_173,1,HunterSkill_103,1,HunterSkill_072,1","2,1,0"
"ARMOR_ID_0344","赫猿兽头盔α","helm","使用赫猿兽素材制作的头部防具。据说一旦戴上，体内深处便会涌起炽热的情感。","6","48","[3,-3,1,-2,0]","赫猿兽α","HunterSkill_168,1,HunterSkill_060,2,HunterSkill_095,1","1,0,0"
"ARMOR_ID_0345","赫猿兽铠甲α","body","使用赫猿兽素材制作的身体防具。火焰装饰蕴藏着炽热，仿佛要将眼前的敌人焚烧殆尽。","6","48","[3,-3,1,-2,0]","赫猿兽α","HunterSkill_168,1,HunterSkill_060,2,HunterSkill_087,1","1,0,0"
"ARMOR_ID_0346","赫猿兽腕甲α","arm","使用赫猿兽素材制作的臂部防具。生动再现了赫猿兽无数次捶向地面的巨拳。","6","48","[3,-3,1,-2,0]","赫猿兽α","HunterSkill_168,1,HunterSkill_091,1,HunterSkill_095,2","2,0,0"
"ARMOR_ID_0347","赫猿兽腰甲α","waist","使用赫猿兽素材制作的腰部防具。据说有抑制暴怒失控的作用。","6","48","[3,-3,1,-2,0]","赫猿兽α","HunterSkill_168,1,HunterSkill_091,2,HunterSkill_087,2","1,0,0"
"ARMOR_ID_0348","赫猿兽护腿α","leg","使用赫猿兽素材制作的脚部防具。据说踩踏过的大地会因为热量而开始震颤。","6","48","[3,-3,1,-2,0]","赫猿兽α","HunterSkill_168,1,HunterSkill_091,2,HunterSkill_060,1","0,0,0"
"ARMOR_ID_0349","赫猿兽头盔β","helm","使用赫猿兽素材制作的头部防具。据说一旦戴上，体内深处便会涌起炽热的情感。","6","48","[3,-3,1,-2,0]","赫猿兽β","HunterSkill_169,1,HunterSkill_060,1,HunterSkill_095,1","2,1,0"
"ARMOR_ID_0350","赫猿兽铠甲β","body","使用赫猿兽素材制作的身体防具。火焰装饰蕴藏着炽热，仿佛要将眼前的敌人焚烧殆尽。","6","48","[3,-3,1,-2,0]","赫猿兽β","HunterSkill_169,1,HunterSkill_060,2","2,0,0"
"ARMOR_ID_0351","赫猿兽腕甲β","arm","使用赫猿兽素材制作的臂部防具。生动再现了赫猿兽无数次捶向地面的巨拳。","6","48","[3,-3,1,-2,0]","赫猿兽β","HunterSkill_169,1,HunterSkill_091,1,HunterSkill_095,1","2,1,0"
"ARMOR_ID_0352","赫猿兽腰甲β","waist","使用赫猿兽素材制作的腰部防具。据说有抑制暴怒失控的作用。","6","48","[3,-3,1,-2,0]","赫猿兽β","HunterSkill_169,1,HunterSkill_091,2,HunterSkill_087,1","2,0,0"
"ARMOR_ID_0353","赫猿兽护腿β","leg","使用赫猿兽素材制作的脚部防具。据说踩踏过的大地会因为热量而开始震颤。","6","48","[3,-3,1,-2,0]","赫猿兽β","HunterSkill_169,1,HunterSkill_091,2","1,1,0"
"ARMOR_ID_0354","雪狮子王头盔α","helm","使用雪狮子王素材制作的头部防具。造型取自异国之神，充满威严。","6","48","[-4,1,0,4,0]","雪狮子王α","HunterSkill_182,1,HunterSkill_168,1,HunterSkill_098,2,HunterSkill_110,1","1,1,0"
"ARMOR_ID_0355","雪狮子王铠甲α","body","使用雪狮子王素材制作的身体防具。细致的装饰营造出东方风情。","6","48","[-4,1,0,4,0]","雪狮子王α","HunterSkill_182,1,HunterSkill_168,1,HunterSkill_058,2,HunterSkill_097,2","0,0,0"
"ARMOR_ID_0356","雪狮子王腕甲α","arm","使用雪狮子王素材制作的臂部防具。精心织入了坚硬的兽毛，光泽感令人印象深刻。","6","48","[-4,1,0,4,0]","雪狮子王α","HunterSkill_182,1,HunterSkill_168,1,HunterSkill_110,1,HunterSkill_130,2","2,0,0"
"ARMOR_ID_0357","雪狮子王腰甲α","waist","使用雪狮子王素材制作的腰部防具。其编织技术据说来自于东方神明居住的国度。","6","48","[-4,1,0,4,0]","雪狮子王α","HunterSkill_182,1,HunterSkill_168,1,HunterSkill_058,2,HunterSkill_098,1","1,0,0"
"ARMOR_ID_0358","雪狮子王护腿α","leg","使用雪狮子王素材制作的脚部防具。引人注目的异国风情设计源于东方的祭祀服装。","6","48","[-4,1,0,4,0]","雪狮子王α","HunterSkill_182,1,HunterSkill_168,1,HunterSkill_058,1,HunterSkill_110,1","1,1,0"
"ARMOR_ID_0359","雪狮子王头盔β","helm","使用雪狮子王素材制作的头部防具。造型取自异国之神，充满威严。","6","48","[-4,1,0,4,0]","雪狮子王β","HunterSkill_182,1,HunterSkill_169,1,HunterSkill_098,2","2,1,1"
"ARMOR_ID_0360","雪狮子王铠甲β","body","使用雪狮子王素材制作的身体防具。细致的装饰营造出东方风情。","6","48","[-4,1,0,4,0]","雪狮子王β","HunterSkill_182,1,HunterSkill_169,1,HunterSkill_058,2","2,0,0"
"ARMOR_ID_0361","雪狮子王腕甲β","arm","使用雪狮子王素材制作的臂部防具。精心织入了坚硬的兽毛，光泽感令人印象深刻。","6","48","[-4,1,0,4,0]","雪狮子王β","HunterSkill_182,1,HunterSkill_169,1,HunterSkill_110,1","2,2,0"
"ARMOR_ID_0362","雪狮子王腰甲β","waist","使用雪狮子王素材制作的腰部防具。其编织技术据说来自于东方神明居住的国度。","6","48","[-4,1,0,4,0]","雪狮子王β","HunterSkill_182,1,HunterSkill_169,1,HunterSkill_058,2","1,1,0"
"ARMOR_ID_0363","雪狮子王护腿β","leg","使用雪狮子王素材制作的脚部防具。引人注目的异国风情设计源于东方的祭祀服装。","6","48","[-4,1,0,4,0]","雪狮子王β","HunterSkill_182,1,HunterSkill_169,1,HunterSkill_058,1","2,2,0"
"ARMOR_ID_0364","护辟兽头盔α","helm","使用护辟兽素材制作的头部防具。戴上它的人会被难以形容的渴望侵袭。","6","48","[-3,2,-1,-2,2]","护辟兽α","HunterSkill_175,1,HunterSkill_172,1,HunterSkill_100,1,HunterSkill_105,2","2,1,0"
"ARMOR_ID_0365","护辟兽铠甲α","body","使用护辟兽素材制作的身体防具。穿着时体内会涌现出不同于平时的活力和使命感。","6","48","[-3,2,-1,-2,2]","护辟兽α","HunterSkill_175,1,HunterSkill_172,1,HunterSkill_025,2,HunterSkill_120,1","2,1,0"
"ARMOR_ID_0366","护辟兽腕甲α","arm","使用护辟兽素材制作的臂部防具。如果不频繁活动双臂，就会觉得静不下心来。","6","48","[-3,2,-1,-2,2]","护辟兽α","HunterSkill_175,1,HunterSkill_172,1,HunterSkill_100,1,HunterSkill_120,2","1,1,1"
"ARMOR_ID_0367","护辟兽腰甲α","waist","使用护辟兽素材制作的腰部防具。白色部分即使受损，也会在不知不觉中慢慢修复。","6","48","[-3,2,-1,-2,2]","护辟兽α","HunterSkill_175,1,HunterSkill_172,1,HunterSkill_100,2,HunterSkill_105,1","2,0,0"
"ARMOR_ID_0368","护辟兽护腿α","leg","使用护辟兽素材制作的脚部防具。用力时，周围的白色部分就会发出淡淡的光。","6","48","[-3,2,-1,-2,2]","护辟兽α","HunterSkill_175,1,HunterSkill_172,1,HunterSkill_100,1,HunterSkill_025,2","2,0,0"
"ARMOR_ID_0369","护辟兽头盔β","helm","使用护辟兽素材制作的头部防具。戴上它的人会被难以形容的渴望侵袭。","6","48","[-3,2,-1,-2,2]","护辟兽β","HunterSkill_175,1,HunterSkill_173,1,HunterSkill_100,1","2,2,1"
"ARMOR_ID_0370","护辟兽铠甲β","body","使用护辟兽素材制作的身体防具。穿着时体内会涌现出不同于平时的活力和使命感。","6","48","[-3,2,-1,-2,2]","护辟兽β","HunterSkill_175,1,HunterSkill_173,1,HunterSkill_025,2","2,2,0"
"ARMOR_ID_0371","护辟兽腕甲β","arm","使用护辟兽素材制作的臂部防具。如果不频繁活动双臂，就会觉得静不下心来。","6","48","[-3,2,-1,-2,2]","护辟兽β","HunterSkill_175,1,HunterSkill_173,1,HunterSkill_100,1","2,2,1"
"ARMOR_ID_0372","护辟兽腰甲β","waist","使用护辟兽素材制作的腰部防具。白色部分即使受损，也会在不知不觉中慢慢修复。","6","48","[-3,2,-1,-2,2]","护辟兽β","HunterSkill_175,1,HunterSkill_173,1,HunterSkill_100,2","2,1,0"
"ARMOR_ID_0373","护辟兽护腿β","leg","使用护辟兽素材制作的脚部防具。用力时，周围的白色部分就会发出淡淡的光。","6","48","[-3,2,-1,-2,2]","护辟兽β","HunterSkill_175,1,HunterSkill_173,1,HunterSkill_100,1,HunterSkill_025,1","2,1,0"
"ARMOR_ID_0374","护火龙头盔α","helm","使用护火龙素材制作的头部防具。戴上它的人会被难以形容的渴望侵袭。","6","48","[3,1,-2,1,-5]","护火龙α","HunterSkill_180,1,HunterSkill_172,1,HunterSkill_062,1,HunterSkill_134,2","1,1,0"
"ARMOR_ID_0375","护火龙铠甲α","body","使用护火龙素材制作的身体防具。穿着时体内会涌现出不同于平时的活力和使命感。","6","48","[3,1,-2,1,-5]","护火龙α","HunterSkill_180,1,HunterSkill_172,1,HunterSkill_062,1,HunterSkill_139,2","1,0,0"
"ARMOR_ID_0376","护火龙腕甲α","arm","使用护火龙素材制作的臂部防具。如果不频繁活动双臂，就会觉得静不下心来。","6","48","[3,1,-2,1,-5]","护火龙α","HunterSkill_180,1,HunterSkill_172,1,HunterSkill_062,1,HunterSkill_139,1,HunterSkill_134,1","2,0,0"
"ARMOR_ID_0377","护火龙腰甲α","waist","使用护火龙素材制作的腰部防具。白色部分即使受损，也会在不知不觉中慢慢修复。","6","48","[3,1,-2,1,-5]","护火龙α","HunterSkill_180,1,HunterSkill_172,1,HunterSkill_062,1,HunterSkill_073,1","1,1,0"
"ARMOR_ID_0378","护火龙护腿α","leg","使用护火龙素材制作的脚部防具。用力时，周围的白色部分就会发出淡淡的光。","6","48","[3,1,-2,1,-5]","护火龙α","HunterSkill_180,1,HunterSkill_172,1,HunterSkill_062,1,HunterSkill_073,2","1,0,0"
"ARMOR_ID_0379","护火龙头盔β","helm","使用护火龙素材制作的头部防具。戴上它的人会被难以形容的渴望侵袭。","6","48","[3,1,-2,1,-5]","护火龙β","HunterSkill_180,1,HunterSkill_173,1,HunterSkill_062,1","2,2,0"
"ARMOR_ID_0380","护火龙铠甲β","body","使用护火龙素材制作的身体防具。穿着时体内会涌现出不同于平时的活力和使命感。","6","48","[3,1,-2,1,-5]","护火龙β","HunterSkill_180,1,HunterSkill_173,1,HunterSkill_062,1,HunterSkill_139,1","2,0,0"
"ARMOR_ID_0381","护火龙腕甲β","arm","使用护火龙素材制作的臂部防具。如果不频繁活动双臂，就会觉得静不下心来。","6","48","[3,1,-2,1,-5]","护火龙β","HunterSkill_180,1,HunterSkill_173,1,HunterSkill_062,1","2,1,1"
"ARMOR_ID_0382","护火龙腰甲β","waist","使用护火龙素材制作的腰部防具。白色部分即使受损，也会在不知不觉中慢慢修复。","6","48","[3,1,-2,1,-5]","护火龙β","HunterSkill_180,1,HunterSkill_173,1,HunterSkill_073,1","2,2,1"
"ARMOR_ID_0383","护火龙护腿β","leg","使用护火龙素材制作的脚部防具。用力时，周围的白色部分就会发出淡淡的光。","6","48","[3,1,-2,1,-5]","护火龙β","HunterSkill_180,1,HunterSkill_173,1,HunterSkill_062,1,HunterSkill_073,1","2,0,0"
"ARMOR_ID_0384","铠龙头盔α","helm","使用铠龙素材制作的头部防具。坚若磐石的装甲可以有效抵御怪物的攻击。","6","52","[4,-3,1,0,-2]","铠龙α","HunterSkill_181,1,HunterSkill_166,1,HunterSkill_059,1,HunterSkill_074,1","2,1,0"
"ARMOR_ID_0385","铠龙铠甲α","body","使用铠龙素材制作的身体防具。若受到普通程度的攻击，反而会让攻击者自己受伤。","6","52","[4,-3,1,0,-2]","铠龙α","HunterSkill_181,1,HunterSkill_166,1,HunterSkill_059,1,HunterSkill_070,2","2,1,0"
"ARMOR_ID_0386","铠龙腕甲α","arm","使用铠龙素材制作的臂部防具。强而有力的造型展现了其过人的防御力。","6","52","[4,-3,1,0,-2]","铠龙α","HunterSkill_181,1,HunterSkill_166,1,HunterSkill_059,2,HunterSkill_102,1","1,0,0"
"ARMOR_ID_0387","铠龙腰甲α","waist","使用铠龙素材制作的腰部防具。它的厚度和重量正代表着强大的防御力。","6","52","[4,-3,1,0,-2]","铠龙α","HunterSkill_181,1,HunterSkill_166,1,HunterSkill_059,1,HunterSkill_102,2","2,0,0"
"ARMOR_ID_0388","铠龙护腿α","leg","使用铠龙素材制作的脚部防具。犹如紧闭的城门，挡住一切攻击。","6","52","[4,-3,1,0,-2]","铠龙α","HunterSkill_181,1,HunterSkill_166,1,HunterSkill_074,2,HunterSkill_070,1","2,1,0"
"ARMOR_ID_0389","铠龙头盔β","helm","使用铠龙素材制作的头部防具。坚若磐石的装甲可以有效抵御怪物的攻击。","6","52","[4,-3,1,0,-2]","铠龙β","HunterSkill_181,1,HunterSkill_167,1,HunterSkill_059,1","2,2,0"
"ARMOR_ID_0390","铠龙铠甲β","body","使用铠龙素材制作的身体防具。若受到普通程度的攻击，反而会让攻击者自己受伤。","6","52","[4,-3,1,0,-2]","铠龙β","HunterSkill_181,1,HunterSkill_167,1,HunterSkill_059,1,HunterSkill_070,1","2,2,0"
"ARMOR_ID_0391","铠龙腕甲β","arm","使用铠龙素材制作的臂部防具。强而有力的造型展现了其过人的防御力。","6","52","[4,-3,1,0,-2]","铠龙β","HunterSkill_181,1,HunterSkill_167,1,HunterSkill_059,2","2,0,0"
"ARMOR_ID_0392","铠龙腰甲β","waist","使用铠龙素材制作的腰部防具。它的厚度和重量正代表着强大的防御力。","6","52","[4,-3,1,0,-2]","铠龙β","HunterSkill_181,1,HunterSkill_167,1,HunterSkill_059,1,HunterSkill_102,1","2,1,0"
"ARMOR_ID_0393","铠龙护腿β","leg","使用铠龙素材制作的脚部防具。犹如紧闭的城门，挡住一切攻击。","6","52","[4,-3,1,0,-2]","铠龙β","HunterSkill_181,1,HunterSkill_167,1,HunterSkill_074,1,HunterSkill_070,1","2,2,0"
"ARMOR_ID_0394","护凶爪龙头盔α","helm","使用护凶爪龙素材制作的头部防具。戴上它的人会被难以形容的渴望侵袭。","6","48","[-2,-3,-2,-2,4]","护凶爪龙α","HunterSkill_186,1,HunterSkill_172,1,HunterSkill_114,2,HunterSkill_072,1","0,0,0"
"ARMOR_ID_0395","护凶爪龙铠甲α","body","使用护凶爪龙素材制作的身体防具。穿着时体内会涌现出不同于平时的活力和使命感。","6","48","[-2,-3,-2,-2,4]","护凶爪龙α","HunterSkill_186,1,HunterSkill_172,1,HunterSkill_072,1,HunterSkill_119,2","2,0,0"
"ARMOR_ID_0396","护凶爪龙腕甲α","arm","使用护凶爪龙素材制作的臂部防具。如果不频繁活动双臂，就会觉得静不下心来。","6","48","[-2,-3,-2,-2,4]","护凶爪龙α","HunterSkill_186,1,HunterSkill_172,1,HunterSkill_114,2,HunterSkill_068,1","0,0,0"
"ARMOR_ID_0397","护凶爪龙腰甲α","waist","使用护凶爪龙素材制作的腰部防具。白色部分即使受损，也会在不知不觉中慢慢修复。","6","48","[-2,-3,-2,-2,4]","护凶爪龙α","HunterSkill_186,1,HunterSkill_172,1,HunterSkill_114,1,HunterSkill_119,1","2,0,0"
"ARMOR_ID_0398","护凶爪龙护腿α","leg","使用护凶爪龙素材制作的脚部防具。用力时，周围的白色部分就会发出淡淡的光。","6","48","[-2,-3,-2,-2,4]","护凶爪龙α","HunterSkill_186,1,HunterSkill_172,1,HunterSkill_072,1,HunterSkill_068,2","2,0,0"
"ARMOR_ID_0399","护凶爪龙头盔β","helm","使用护凶爪龙素材制作的头部防具。戴上它的人会被难以形容的渴望侵袭。","6","48","[-2,-3,-2,-2,4]","护凶爪龙β","HunterSkill_186,1,HunterSkill_173,1,HunterSkill_114,2","2,0,0"
"ARMOR_ID_0400","护凶爪龙铠甲β","body","使用护凶爪龙素材制作的身体防具。穿着时体内会涌现出不同于平时的活力和使命感。","6","48","[-2,-3,-2,-2,4]","护凶爪龙β","HunterSkill_186,1,HunterSkill_173,1,HunterSkill_072,1","2,2,0"
"ARMOR_ID_0401","护凶爪龙腕甲β","arm","使用护凶爪龙素材制作的臂部防具。如果不频繁活动双臂，就会觉得静不下心来。","6","48","[-2,-3,-2,-2,4]","护凶爪龙β","HunterSkill_186,1,HunterSkill_173,1,HunterSkill_114,1,HunterSkill_068,1","2,1,0"
"ARMOR_ID_0402","护凶爪龙腰甲β","waist","使用护凶爪龙素材制作的腰部防具。白色部分即使受损，也会在不知不觉中慢慢修复。","6","48","[-2,-3,-2,-2,4]","护凶爪龙β","HunterSkill_186,1,HunterSkill_173,1,HunterSkill_114,1","2,1,0"
"ARMOR_ID_0403","护凶爪龙护腿β","leg","使用护凶爪龙素材制作的脚部防具。用力时，周围的白色部分就会发出淡淡的光。","6","48","[-2,-3,-2,-2,4]","护凶爪龙β","HunterSkill_186,1,HunterSkill_173,1,HunterSkill_072,1,HunterSkill_068,1","2,1,0"
"ARMOR_ID_0404","火龙头盔α","helm","使用火龙素材制成的头部防具。对猎人而言是如同王冠般的顶级品。拥有压倒性的防御力。","6","48","[3,1,-2,1,-3]","火龙α","HunterSkill_180,1,HunterSkill_166,1,HunterSkill_075,2,HunterSkill_025,1","1,1,0"
"ARMOR_ID_0405","火龙铠甲α","body","使用火龙素材制成的身体防具。完美无缺的性能令人敬畏。是受到天空支配者眷顾的装备。","6","48","[3,1,-2,1,-3]","火龙α","HunterSkill_180,1,HunterSkill_166,1,HunterSkill_115,2,HunterSkill_025,1","1,0,0"
"ARMOR_ID_0406","火龙腕甲α","arm","使用火龙素材制成的臂部防具。蕴藏天空王者之力。双手使出的一击将划破天空。","6","48","[3,1,-2,1,-3]","火龙α","HunterSkill_180,1,HunterSkill_166,1,HunterSkill_025,2,HunterSkill_075,1","1,1,0"
"ARMOR_ID_0407","火龙腰甲α","waist","使用火龙素材制成的腰部防具。充满霸气的红色让人发挥犹如自己化为飞龙般的力量。","6","48","[3,1,-2,1,-3]","火龙α","HunterSkill_180,1,HunterSkill_166,1,HunterSkill_115,2,HunterSkill_075,1","0,0,0"
"ARMOR_ID_0408","火龙护腿α","leg","使用火龙素材制成的脚部防具。素材质地坚固却能身轻如燕，让人以为是在天空飞舞的火龙。","6","48","[3,1,-2,1,-3]","火龙α","HunterSkill_180,1,HunterSkill_166,1,HunterSkill_075,2,HunterSkill_115,1","2,0,0"
"ARMOR_ID_0409","火龙头盔β","helm","使用火龙素材制成的头部防具。对猎人而言是如同王冠般的顶级品。拥有压倒性的防御力。","6","48","[3,1,-2,1,-3]","火龙β","HunterSkill_180,1,HunterSkill_167,1,HunterSkill_075,1,HunterSkill_025,1","2,2,0"
"ARMOR_ID_0410","火龙铠甲β","body","使用火龙素材制成的身体防具。完美无缺的性能令人敬畏。是受到天空支配者眷顾的装备。","6","48","[3,1,-2,1,-3]","火龙β","HunterSkill_180,1,HunterSkill_167,1,HunterSkill_115,2","1,1,0"
"ARMOR_ID_0411","火龙腕甲β","arm","使用火龙素材制成的臂部防具。蕴藏天空王者之力。双手使出的一击将划破天空。","6","48","[3,1,-2,1,-3]","火龙β","HunterSkill_180,1,HunterSkill_167,1,HunterSkill_025,2","2,1,1"
"ARMOR_ID_0412","火龙腰甲β","waist","使用火龙素材制成的腰部防具。充满霸气的红色让人发挥犹如自己化为飞龙般的力量。","6","48","[3,1,-2,1,-3]","火龙β","HunterSkill_180,1,HunterSkill_167,1,HunterSkill_115,2","2,0,0"
"ARMOR_ID_0413","火龙护腿β","leg","使用火龙素材制成的脚部防具。素材质地坚固却能身轻如燕，让人以为是在天空飞舞的火龙。","6","48","[3,1,-2,1,-3]","火龙β","HunterSkill_180,1,HunterSkill_167,1,HunterSkill_075,2","2,2,1"
"ARMOR_ID_0414","暗器蛸头盔α","helm","使用暗器蛸素材制作的头部防具。是隐匿于黑暗中的暗杀者们的最爱。","6","48","[1,1,1,-3,2]","暗器蛸α","HunterSkill_188,1,HunterSkill_164,1,HunterSkill_115,2,HunterSkill_116,1","1,0,0"
"ARMOR_ID_0415","暗器蛸铠甲α","body","使用暗器蛸素材制作的身体防具。长围巾不仅作为防具，还可以作绳索等用途。","6","48","[1,1,1,-3,2]","暗器蛸α","HunterSkill_188,1,HunterSkill_164,1,HunterSkill_100,3,HunterSkill_116,1","0,0,0"
"ARMOR_ID_0416","暗器蛸腕甲α","arm","使用暗器蛸素材制作的臂部防具。设计极具巧思，即使在黑暗中也能进行细致的工作。","6","48","[1,1,1,-3,2]","暗器蛸α","HunterSkill_188,1,HunterSkill_164,1,HunterSkill_072,2","2,1,0"
"ARMOR_ID_0417","暗器蛸腰甲α","waist","使用暗器蛸素材制作的腰部防具。独特质感的皮革即使大幅度摆动也不会发出多余声响。","6","48","[1,1,1,-3,2]","暗器蛸α","HunterSkill_188,1,HunterSkill_164,1,HunterSkill_072,1,HunterSkill_100,2","2,0,0"
"ARMOR_ID_0418","暗器蛸护腿α","leg","使用暗器蛸素材制作的脚部防具。经过优化设计，能无声行走在黑暗之中。","6","48","[1,1,1,-3,2]","暗器蛸α","HunterSkill_188,1,HunterSkill_164,1,HunterSkill_115,1,HunterSkill_116,1","2,1,0"
"ARMOR_ID_0419","暗器蛸头盔β","helm","使用暗器蛸素材制作的头部防具。是隐匿于黑暗中的暗杀者们的最爱。","6","48","[1,1,1,-3,2]","暗器蛸β","HunterSkill_188,1,HunterSkill_165,1,HunterSkill_115,2","2,1,0"
"ARMOR_ID_0420","暗器蛸铠甲β","body","使用暗器蛸素材制作的身体防具。长围巾不仅作为防具，还可以作绳索等用途。","6","48","[1,1,1,-3,2]","暗器蛸β","HunterSkill_188,1,HunterSkill_165,1,HunterSkill_100,3","1,1,0"
"ARMOR_ID_0421","暗器蛸腕甲β","arm","使用暗器蛸素材制作的臂部防具。设计极具巧思，即使在黑暗中也能进行细致的工作。","6","48","[1,1,1,-3,2]","暗器蛸β","HunterSkill_188,1,HunterSkill_165,1,HunterSkill_072,1","2,2,1"
"ARMOR_ID_0422","暗器蛸腰甲β","waist","使用暗器蛸素材制作的腰部防具。独特质感的皮革即使大幅度摆动也不会发出多余声响。","6","48","[1,1,1,-3,2]","暗器蛸β","HunterSkill_188,1,HunterSkill_165,1,HunterSkill_072,1,HunterSkill_100,1","2,1,1"
"ARMOR_ID_0423","暗器蛸护腿β","leg","使用暗器蛸素材制作的脚部防具。经过优化设计，能无声行走在黑暗之中。","6","48","[1,1,1,-3,2]","暗器蛸β","HunterSkill_188,1,HunterSkill_165,1,HunterSkill_115,1","2,2,1"
"ARMOR_ID_0424","杜宾头盔α","helm","来历不明的漆黑骸骨制作的头部防具。其姿态让人联想到拥有强大力量的龙。","7","56","[-2,0,-1,-1,4]","杜宾α","HunterSkill_025,1,HunterSkill_065,1","3,0,0"
"ARMOR_ID_0425","杜宾铠甲α","body","来历不明的漆黑骸骨制作的身体防具。不会随着时间风化，拥有无可匹敌的强度。","7","56","[-2,0,-1,-1,4]","杜宾α","HunterSkill_025,1,HunterSkill_024,1","3,2,0"
"ARMOR_ID_0426","杜宾腕甲α","arm","来历不明的漆黑骸骨制作的臂部防具。极高的防御力可能代表其生前曾是拥有强大力量的龙。","7","56","[-2,0,-1,-1,4]","杜宾α","HunterSkill_025,1,HunterSkill_065,2","3,0,0"
"ARMOR_ID_0427","杜宾腰甲α","waist","来历不明的漆黑骸骨制作的腰部防具。漆黑骸骨的主人可能是曾君临大地的龙王。","7","56","[-2,0,-1,-1,4]","杜宾α","HunterSkill_025,1,HunterSkill_024,2","3,1,0"
"ARMOR_ID_0428","杜宾护腿α","leg","来历不明的漆黑骸骨制作的脚部防具。以拥有龙耐性的稀有素材制作而成。","7","56","[-2,0,-1,-1,4]","杜宾α","HunterSkill_025,1,HunterSkill_096,2","2,2,0"
"ARMOR_ID_0434","花纹钢头盔α","helm","传说会引领持有者完成霸业的钢铁盔甲。由稀有素材制作而成，世上独一无二。","7","56","[4,-2,0,0,0]","花纹钢α","HunterSkill_098,1,HunterSkill_068,2","3,1,0"
"ARMOR_ID_0435","花纹钢铠甲α","body","传说会引领持有者完成霸业的钢铁盔甲。飞来上千箭矢也能完全抵挡的究极防具。","7","56","[4,-2,0,0,0]","花纹钢α","HunterSkill_098,1,HunterSkill_069,2","2,2,0"
"ARMOR_ID_0436","花纹钢腕甲α","arm","传说会引领持有者完成霸业的钢铁盔甲。被认为是传说的梦幻防具。","7","56","[4,-2,0,0,0]","花纹钢α","HunterSkill_098,1,HunterSkill_068,1","3,1,0"
"ARMOR_ID_0437","花纹钢腰甲α","waist","传说会引领持有者完成霸业的钢铁盔甲。即便是长寿的龙人族在一生中也甚少亲眼目睹。","7","56","[4,-2,0,0,0]","花纹钢α","HunterSkill_098,1,HunterSkill_069,1","3,2,0"
"ARMOR_ID_0438","花纹钢护腿α","leg","传说会引领持有者完成霸业的钢铁盔甲。全身充满了勇猛的雄心。","7","56","[4,-2,0,0,0]","花纹钢α","HunterSkill_098,1,HunterSkill_097,2","3,0,0"
"ARMOR_ID_0444","冻峰龙头盔α","helm","使用冻峰龙素材制作的头部防具。重现了亡国皇室的头盔，据说其眼神中蕴藏寒气。","7","60","[-3,2,-1,2,-1]","冻峰龙α","HunterSkill_179,1,HunterSkill_170,1,HunterSkill_058,1,HunterSkill_062,1","1,0,0"
"ARMOR_ID_0445","冻峰龙铠甲α","body","使用冻峰龙素材制作的身体防具。复仇之心冷静地藏于胸中，多层装甲能吸收无数苦难。","7","60","[-3,2,-1,2,-1]","冻峰龙α","HunterSkill_179,1,HunterSkill_170,1,HunterSkill_144,1,HunterSkill_189,2","3,1,0"
"ARMOR_ID_0446","冻峰龙腕甲α","arm","使用冻峰龙素材制作的臂部防具。蕴藏寒气的双手将触摸到的一切统统冻结。","7","60","[-3,2,-1,2,-1]","冻峰龙α","HunterSkill_179,1,HunterSkill_170,1,HunterSkill_058,2,HunterSkill_144,1","0,0,0"
"ARMOR_ID_0447","冻峰龙腰甲α","waist","使用冻峰龙素材制作的腰部防具。巧夺天工的精致装饰，展现了昔日的王室威风。","7","60","[-3,2,-1,2,-1]","冻峰龙α","HunterSkill_179,1,HunterSkill_170,1,HunterSkill_062,1,HunterSkill_074,2","1,1,0"
"ARMOR_ID_0448","冻峰龙护腿α","leg","使用冻峰龙素材制作的脚部防具。踏过的足迹结出冰霜，将行进的土地化作冻土。","7","60","[-3,2,-1,2,-1]","冻峰龙α","HunterSkill_179,1,HunterSkill_170,1,HunterSkill_058,2,HunterSkill_074,1","1,0,0"
"ARMOR_ID_0449","冻峰龙头盔β","helm","使用冻峰龙素材制作的头部防具。重现了亡国皇室的头盔，据说其眼神中蕴藏寒气。","7","60","[-3,2,-1,2,-1]","冻峰龙β","HunterSkill_179,1,HunterSkill_171,1,HunterSkill_058,1","2,2,0"
"ARMOR_ID_0450","冻峰龙铠甲β","body","使用冻峰龙素材制作的身体防具。复仇之心冷静地藏于胸中，多层装甲能吸收无数苦难。","7","60","[-3,2,-1,2,-1]","冻峰龙β","HunterSkill_179,1,HunterSkill_171,1,HunterSkill_144,1,HunterSkill_189,1","3,2,0"
"ARMOR_ID_0451","冻峰龙腕甲β","arm","使用冻峰龙素材制作的臂部防具。蕴藏寒气的双手将触摸到的一切统统冻结。","7","60","[-3,2,-1,2,-1]","冻峰龙β","HunterSkill_179,1,HunterSkill_171,1,HunterSkill_058,1,HunterSkill_144,1","3,0,0"
"ARMOR_ID_0452","冻峰龙腰甲β","waist","使用冻峰龙素材制作的腰部防具。巧夺天工的精致装饰，展现了昔日的王室威风。","7","60","[-3,2,-1,2,-1]","冻峰龙β","HunterSkill_179,1,HunterSkill_171,1,HunterSkill_062,1,HunterSkill_074,1","1,1,1"
"ARMOR_ID_0453","冻峰龙护腿β","leg","使用冻峰龙素材制作的脚部防具。踏过的足迹结出冰霜，将行进的土地化作冻土。","7","60","[-3,2,-1,2,-1]","冻峰龙β","HunterSkill_179,1,HunterSkill_171,1,HunterSkill_058,2","2,0,0"
"ARMOR_ID_0454","煌雷龙头盔α","helm","使用煌雷龙素材制作的头部防具。冲天耸立的角，体现了煌雷龙的孤高精神。","7","60","[0,-2,4,-3,0]","煌雷龙α","HunterSkill_176,1,HunterSkill_170,1,HunterSkill_063,2,HunterSkill_076,1","0,0,0"
"ARMOR_ID_0455","煌雷龙铠甲α","body","使用煌雷龙素材制作的身体防具。独特的甲壳经过复杂组合后，使其获得了惊人的防御力。","7","60","[0,-2,4,-3,0]","煌雷龙α","HunterSkill_176,1,HunterSkill_170,1,HunterSkill_064,2,HunterSkill_065,1","1,1,0"
"ARMOR_ID_0456","煌雷龙腕甲α","arm","使用煌雷龙素材制作的臂部防具。微微带电，因此抓取物品时宛如有吸力一般妥帖。","7","60","[0,-2,4,-3,0]","煌雷龙α","HunterSkill_176,1,HunterSkill_170,1,HunterSkill_063,2,HunterSkill_086,1","2,0,0"
"ARMOR_ID_0457","煌雷龙腰甲α","waist","使用煌雷龙素材制作的腰部防具。微光闪烁的带扣令人心生敬畏。","7","60","[0,-2,4,-3,0]","煌雷龙α","HunterSkill_176,1,HunterSkill_170,1,HunterSkill_065,2,HunterSkill_086,2","2,0,0"
"ARMOR_ID_0458","煌雷龙护腿α","leg","使用煌雷龙素材制作的脚部防具。装甲有紫电缠绕，能缓和着地及攻击等带来的各种冲击。","7","60","[0,-2,4,-3,0]","煌雷龙α","HunterSkill_176,1,HunterSkill_170,1,HunterSkill_063,1,HunterSkill_064,1","3,0,0"
"ARMOR_ID_0459","煌雷龙头盔β","helm","使用煌雷龙素材制作的头部防具。冲天耸立的角，体现了煌雷龙的孤高精神。","7","60","[0,-2,4,-3,0]","煌雷龙β","HunterSkill_176,1,HunterSkill_171,1,HunterSkill_063,1,HunterSkill_076,1","3,0,0"
"ARMOR_ID_0460","煌雷龙铠甲β","body","使用煌雷龙素材制作的身体防具。独特的甲壳经过复杂组合后，使其获得了惊人的防御力。","7","60","[0,-2,4,-3,0]","煌雷龙β","HunterSkill_176,1,HunterSkill_171,1,HunterSkill_064,1,HunterSkill_065,1","2,1,1"
"ARMOR_ID_0461","煌雷龙腕甲β","arm","使用煌雷龙素材制作的臂部防具。微微带电，因此抓取物品时宛如有吸力一般妥帖。","7","60","[0,-2,4,-3,0]","煌雷龙β","HunterSkill_176,1,HunterSkill_171,1,HunterSkill_063,2","3,0,0"
"ARMOR_ID_0462","煌雷龙腰甲β","waist","使用煌雷龙素材制作的腰部防具。微光闪烁的带扣令人心生敬畏。","7","60","[0,-2,4,-3,0]","煌雷龙β","HunterSkill_176,1,HunterSkill_171,1,HunterSkill_065,1,HunterSkill_086,2","3,1,0"
"ARMOR_ID_0463","煌雷龙护腿β","leg","使用煌雷龙素材制作的脚部防具。装甲有紫电缠绕，能缓和着地及攻击等带来的各种冲击。","7","60","[0,-2,4,-3,0]","煌雷龙β","HunterSkill_176,1,HunterSkill_171,1,HunterSkill_063,1","3,1,1"
"ARMOR_ID_0464","波衣龙头盔α","helm","使用波衣龙素材制作的头部防具。鳍被加工成羽饰。它会将森林的意志传达给佩戴者。","7","60","[-1,4,-3,0,0]","波衣龙α","HunterSkill_177,1,HunterSkill_170,1,HunterSkill_138,2,HunterSkill_072,1","2,1,0"
"ARMOR_ID_0465","波衣龙铠甲α","body","使用波衣龙素材制作的身体防具。鳞皮被加工成胸部装甲，有着仿佛与森林同在的贴身感。","7","60","[-1,4,-3,0,0]","波衣龙α","HunterSkill_177,1,HunterSkill_170,1,HunterSkill_138,2,HunterSkill_088,1","3,0,0"
"ARMOR_ID_0466","波衣龙腕甲α","arm","使用波衣龙素材制作的臂部防具。细小石子串成的装饰带来高度的集中力。","7","60","[-1,4,-3,0,0]","波衣龙α","HunterSkill_177,1,HunterSkill_170,1,HunterSkill_059,2,HunterSkill_031,1","2,1,0"
"ARMOR_ID_0467","波衣龙腰甲α","waist","使用波衣龙素材制作的腰部防具。长长的腰巾蕴含着森林的气息，吸收各种冲击。","7","60","[-1,4,-3,0,0]","波衣龙α","HunterSkill_177,1,HunterSkill_170,1,HunterSkill_059,2,HunterSkill_088,1","2,1,0"
"ARMOR_ID_0468","波衣龙护腿α","leg","使用波衣龙素材制作的脚部防具。足部的细致纹路据说代表着森林的加护。","7","60","[-1,4,-3,0,0]","波衣龙α","HunterSkill_177,1,HunterSkill_170,1,HunterSkill_059,1,HunterSkill_138,1","3,0,0"
"ARMOR_ID_0469","波衣龙头盔β","helm","使用波衣龙素材制作的头部防具。鳍被加工成羽饰。它会将森林的意志传达给佩戴者。","7","60","[-1,4,-3,0,0]","波衣龙β","HunterSkill_177,1,HunterSkill_171,1,HunterSkill_138,1,HunterSkill_072,1","3,2,0"
"ARMOR_ID_0470","波衣龙铠甲β","body","使用波衣龙素材制作的身体防具。鳞皮被加工成胸部装甲，有着仿佛与森林同在的贴身感。","7","60","[-1,4,-3,0,0]","波衣龙β","HunterSkill_177,1,HunterSkill_171,1,HunterSkill_138,2","3,1,0"
"ARMOR_ID_0471","波衣龙腕甲β","arm","使用波衣龙素材制作的臂部防具。细小石子串成的装饰带来高度的集中力。","7","60","[-1,4,-3,0,0]","波衣龙β","HunterSkill_177,1,HunterSkill_171,1,HunterSkill_059,1,HunterSkill_031,1","3,1,1"
"ARMOR_ID_0472","波衣龙腰甲β","waist","使用波衣龙素材制作的腰部防具。长长的腰巾蕴含着森林的气息，吸收各种冲击。","7","60","[-1,4,-3,0,0]","波衣龙β","HunterSkill_177,1,HunterSkill_171,1,HunterSkill_059,2","3,1,0"
"ARMOR_ID_0473","波衣龙护腿β","leg","使用波衣龙素材制作的脚部防具。足部的细致纹路据说代表着森林的加护。","7","60","[-1,4,-3,0,0]","波衣龙β","HunterSkill_177,1,HunterSkill_171,1,HunterSkill_059,1","3,1,1"
"ARMOR_ID_0474","狱焰蛸头盔α","helm","使用狱焰蛸素材制作的头部防具。透过面具看到的世界，充斥着黯之火焰与怨念。","7","60","[5,-4,0,1,0]","狱焰蛸α","HunterSkill_178,1,HunterSkill_170,1,HunterSkill_060,2,HunterSkill_110,1","1,1,0"
"ARMOR_ID_0475","狱焰蛸铠甲α","body","使用狱焰蛸素材制作的身体防具。触手组成的披风宛如诅咒化作了实体。","7","60","[5,-4,0,1,0]","狱焰蛸α","HunterSkill_178,1,HunterSkill_170,1,HunterSkill_060,1,HunterSkill_114,1","1,1,0"
"ARMOR_ID_0476","狱焰蛸腕甲α","arm","使用狱焰蛸素材制作的臂部防具。佩戴后的触感仿佛触碰到了黑暗本身。","7","60","[5,-4,0,1,0]","狱焰蛸α","HunterSkill_178,1,HunterSkill_170,1,HunterSkill_071,2,HunterSkill_110,2","2,0,0"
"ARMOR_ID_0477","狱焰蛸腰甲α","waist","使用狱焰蛸素材制作的腰部防具。棘刺和尖牙的装饰皆被附上了独特咒法。","7","60","[5,-4,0,1,0]","狱焰蛸α","HunterSkill_178,1,HunterSkill_170,1,HunterSkill_060,2,HunterSkill_071,1","2,0,0"
"ARMOR_ID_0478","狱焰蛸护腿α","leg","使用狱焰蛸素材制作的脚部防具。穿上后即可自由穿行于火海之中。","7","60","[5,-4,0,1,0]","狱焰蛸α","HunterSkill_178,1,HunterSkill_170,1,HunterSkill_114,1,HunterSkill_073,2","3,0,0"
"ARMOR_ID_0479","狱焰蛸头盔β","helm","使用狱焰蛸素材制作的头部防具。透过面具看到的世界，充斥着黯之火焰与怨念。","7","60","[5,-4,0,1,0]","狱焰蛸β","HunterSkill_178,1,HunterSkill_171,1,HunterSkill_060,1,HunterSkill_110,1","2,2,0"
"ARMOR_ID_0480","狱焰蛸铠甲β","body","使用狱焰蛸素材制作的身体防具。触手组成的披风宛如诅咒化作了实体。","7","60","[5,-4,0,1,0]","狱焰蛸β","HunterSkill_178,1,HunterSkill_171,1,HunterSkill_060,1","3,1,1"
"ARMOR_ID_0481","狱焰蛸腕甲β","arm","使用狱焰蛸素材制作的臂部防具。佩戴后的触感仿佛触碰到了黑暗本身。","7","60","[5,-4,0,1,0]","狱焰蛸β","HunterSkill_178,1,HunterSkill_171,1,HunterSkill_071,2,HunterSkill_110,1","3,1,0"
"ARMOR_ID_0482","狱焰蛸腰甲β","waist","使用狱焰蛸素材制作的腰部防具。棘刺和尖牙的装饰皆被附上了独特咒法。","7","60","[5,-4,0,1,0]","狱焰蛸β","HunterSkill_178,1,HunterSkill_171,1,HunterSkill_060,2","3,0,0"
"ARMOR_ID_0483","狱焰蛸护腿β","leg","使用狱焰蛸素材制作的脚部防具。穿上后即可自由穿行于火海之中。","7","60","[5,-4,0,1,0]","狱焰蛸β","HunterSkill_178,1,HunterSkill_171,1,HunterSkill_114,1,HunterSkill_073,1","3,1,0"
"ARMOR_ID_0484","黑蚀龙头盔α","helm","使用黑蚀龙素材制作的头部防具。黑暗的魔盔中，潜藏着黑蚀龙神秘的力量。","7","60","[-2,3,-1,2,-1]","黑蚀龙α","HunterSkill_183,1,HunterSkill_166,1,HunterSkill_075,2,HunterSkill_113,1","2,0,0"
"ARMOR_ID_0485","黑蚀龙铠甲α","body","使用黑蚀龙素材制作的身体防具。被瘴气侵蚀的猎物，终将无力抵抗黄泉的召唤。","7","60","[-2,3,-1,2,-1]","黑蚀龙α","HunterSkill_183,1,HunterSkill_166,1,HunterSkill_075,2,HunterSkill_195,1","3,0,0"
"ARMOR_ID_0486","黑蚀龙腕甲α","arm","使用黑蚀龙素材制作的臂部防具。漆黑的魔手会将捕获的猎物拖入冥界的深渊。","7","60","[-2,3,-1,2,-1]","黑蚀龙α","HunterSkill_183,1,HunterSkill_166,1,HunterSkill_075,1,HunterSkill_025,2","2,1,0"
"ARMOR_ID_0487","黑蚀龙腰甲α","waist","使用黑蚀龙素材制作的腰部防具。被此飘扬黑衣所诱惑者，将迎来毁灭的结局。","7","60","[-2,3,-1,2,-1]","黑蚀龙α","HunterSkill_183,1,HunterSkill_166,1,HunterSkill_025,2,HunterSkill_195,1","3,1,0"
"ARMOR_ID_0488","黑蚀龙护腿α","leg","使用黑蚀龙素材制作的脚部防具。能以风暴般的脚力席卷狩猎场。","7","60","[-2,3,-1,2,-1]","黑蚀龙α","HunterSkill_183,1,HunterSkill_166,1,HunterSkill_195,1,HunterSkill_102,2","3,1,0"
"ARMOR_ID_0489","黑蚀龙头盔β","helm","使用黑蚀龙素材制作的头部防具。黑暗的魔盔中，潜藏着黑蚀龙神秘的力量。","7","60","[-2,3,-1,2,-1]","黑蚀龙β","HunterSkill_183,1,HunterSkill_167,1,HunterSkill_075,1,HunterSkill_113,1","3,1,0"
"ARMOR_ID_0490","黑蚀龙铠甲β","body","使用黑蚀龙素材制作的身体防具。被瘴气侵蚀的猎物，终将无力抵抗黄泉的召唤。","7","60","[-2,3,-1,2,-1]","黑蚀龙β","HunterSkill_183,1,HunterSkill_167,1,HunterSkill_075,2","3,1,0"
"ARMOR_ID_0491","黑蚀龙腕甲β","arm","使用黑蚀龙素材制作的臂部防具。漆黑的魔手会将捕获的猎物拖入冥界的深渊。","7","60","[-2,3,-1,2,-1]","黑蚀龙β","HunterSkill_183,1,HunterSkill_167,1,HunterSkill_075,1,HunterSkill_025,1","2,2,0"
"ARMOR_ID_0492","黑蚀龙腰甲β","waist","使用黑蚀龙素材制作的腰部防具。被此飘扬黑衣所诱惑者，将迎来毁灭的结局。","7","60","[-2,3,-1,2,-1]","黑蚀龙β","HunterSkill_183,1,HunterSkill_167,1,HunterSkill_025,2","3,2,0"
"ARMOR_ID_0493","黑蚀龙护腿β","leg","使用黑蚀龙素材制作的脚部防具。能以风暴般的脚力席卷狩猎场。","7","60","[-2,3,-1,2,-1]","黑蚀龙β","HunterSkill_183,1,HunterSkill_167,1,HunterSkill_195,1,HunterSkill_102,1","3,1,1"
"ARMOR_ID_0494","锁刃龙头盔α","helm","使用锁刃龙素材制作的头部防具。模仿了曾经震撼世界的亡国骑士的头盔。","8","66","[2,0,-1,0,-3]","锁刃龙α","HunterSkill_185,1,HunterSkill_168,1,HunterSkill_191,1,HunterSkill_190,2","0,0,0"
"ARMOR_ID_0495","锁刃龙铠甲α","body","使用锁刃龙素材制作的身体防具。据说勇猛的骑士折服了所有对手的内心。","8","66","[2,0,-1,0,-3]","锁刃龙α","HunterSkill_185,1,HunterSkill_168,1,HunterSkill_062,1,HunterSkill_190,1","2,0,0"
"ARMOR_ID_0496","锁刃龙腕甲α","arm","使用锁刃龙素材制作的臂部防具。据说其手一挥，就能让数万大军为之臣服。","8","66","[2,0,-1,0,-3]","锁刃龙α","HunterSkill_185,1,HunterSkill_168,1,HunterSkill_191,1,HunterSkill_070,1","2,2,0"
"ARMOR_ID_0497","锁刃龙腰甲α","waist","使用锁刃龙素材制作的腰部防具。以复兴亡国为使命的骑士，面对任何艰难困苦都不会屈服。","8","66","[2,0,-1,0,-3]","锁刃龙α","HunterSkill_185,1,HunterSkill_168,1,HunterSkill_062,2,HunterSkill_070,2","1,0,0"
"ARMOR_ID_0498","锁刃龙护腿α","leg","使用锁刃龙素材制作的脚部防具。其脚步踏遍众多战场，克服无数牺牲，最终夺取了胜利。","8","66","[2,0,-1,0,-3]","锁刃龙α","HunterSkill_185,1,HunterSkill_168,1,HunterSkill_191,1,HunterSkill_031,2","2,1,0"
"ARMOR_ID_0499","锁刃龙头盔β","helm","使用锁刃龙素材制作的头部防具。模仿了曾经震撼世界的亡国骑士的头盔。","8","66","[2,0,-1,0,-3]","锁刃龙β","HunterSkill_185,1,HunterSkill_169,1,HunterSkill_191,1","3,2,1"
"ARMOR_ID_0500","锁刃龙铠甲β","body","使用锁刃龙素材制作的身体防具。据说勇猛的骑士折服了所有对手的内心。","8","66","[2,0,-1,0,-3]","锁刃龙β","HunterSkill_185,1,HunterSkill_169,1,HunterSkill_062,1","3,2,0"
"ARMOR_ID_0501","锁刃龙腕甲β","arm","使用锁刃龙素材制作的臂部防具。据说其手一挥，就能让数万大军为之臣服。","8","66","[2,0,-1,0,-3]","锁刃龙β","HunterSkill_185,1,HunterSkill_169,1,HunterSkill_191,1","2,2,1"
"ARMOR_ID_0502","锁刃龙腰甲β","waist","使用锁刃龙素材制作的腰部防具。以复兴亡国为使命的骑士，面对任何艰难困苦都不会屈服。","8","66","[2,0,-1,0,-3]","锁刃龙β","HunterSkill_185,1,HunterSkill_169,1,HunterSkill_062,2,HunterSkill_070,1","1,1,0"
"ARMOR_ID_0503","锁刃龙护腿β","leg","使用锁刃龙素材制作的脚部防具。其脚步踏遍众多战场，克服无数牺牲，最终夺取了胜利。","8","66","[2,0,-1,0,-3]","锁刃龙β","HunterSkill_185,1,HunterSkill_169,1,HunterSkill_191,1,HunterSkill_031,1","3,1,0"
"ARMOR_ID_0504","护锁刃龙头盔α","helm","使用护锁刃龙素材制作的头部防具。虽然视野狭窄，但各种感知会直接涌入大脑。","8","66","[2,0,-1,0,-4]","护锁刃龙α","HunterSkill_184,1,HunterSkill_172,1,HunterSkill_146,1,HunterSkill_091,2","1,1,0"
"ARMOR_ID_0505","护锁刃龙铠甲α","body","使用护锁刃龙素材制作的身体防具。奇妙的力量摇曳般地从体内涌起。","8","66","[2,0,-1,0,-4]","护锁刃龙α","HunterSkill_184,1,HunterSkill_172,1,HunterSkill_146,2,HunterSkill_082,2","0,0,0"
"ARMOR_ID_0506","护锁刃龙腕甲α","arm","使用护锁刃龙素材制作的臂部防具。穿着者会产生一种冲动，不分青红皂白地想要攻击所有接近自己的人。","8","66","[2,0,-1,0,-4]","护锁刃龙α","HunterSkill_184,1,HunterSkill_172,1,HunterSkill_062,2,HunterSkill_082,1","1,0,0"
"ARMOR_ID_0507","护锁刃龙腰甲α","waist","使用护锁刃龙素材制作的腰部防具。腰部的锁链保持搏动，仿佛是为寻找下一个猎物而微微蠕动。","8","66","[2,0,-1,0,-4]","护锁刃龙α","HunterSkill_184,1,HunterSkill_172,1,HunterSkill_146,2,HunterSkill_190,1","0,0,0"
"ARMOR_ID_0508","护锁刃龙护腿α","leg","使用护锁刃龙素材制作的脚部防具。穿着者的步伐会变得强而有力，将对手追到天涯海角。","8","66","[2,0,-1,0,-4]","护锁刃龙α","HunterSkill_184,1,HunterSkill_172,1,HunterSkill_190,2,HunterSkill_062,1","0,0,0"
"ARMOR_ID_0509","护锁刃龙头盔β","helm","使用护锁刃龙素材制作的头部防具。虽然视野狭窄，但各种感知会直接涌入大脑。","8","66","[2,0,-1,0,-4]","护锁刃龙β","HunterSkill_184,1,HunterSkill_173,1,HunterSkill_146,1,HunterSkill_091,1","3,1,0"
"ARMOR_ID_0510","护锁刃龙铠甲β","body","使用护锁刃龙素材制作的身体防具。奇妙的力量摇曳般地从体内涌起。","8","66","[2,0,-1,0,-4]","护锁刃龙β","HunterSkill_184,1,HunterSkill_173,1,HunterSkill_146,1,HunterSkill_082,2","3,0,0"
"ARMOR_ID_0511","护锁刃龙腕甲β","arm","使用护锁刃龙素材制作的臂部防具。穿着者会产生一种冲动，不分青红皂白地想要攻击所有接近自己的人。","8","66","[2,0,-1,0,-4]","护锁刃龙β","HunterSkill_184,1,HunterSkill_173,1,HunterSkill_062,2","1,1,1"
"ARMOR_ID_0512","护锁刃龙腰甲β","waist","使用护锁刃龙素材制作的腰部防具。腰部的锁链保持搏动，仿佛是为寻找下一个猎物而微微蠕动。","8","66","[2,0,-1,0,-4]","护锁刃龙β","HunterSkill_184,1,HunterSkill_173,1,HunterSkill_146,2","2,1,0"
"ARMOR_ID_0513","护锁刃龙护腿β","leg","使用护锁刃龙素材制作的脚部防具。穿着者的步伐会变得强而有力，将对手追到天涯海角。","8","66","[2,0,-1,0,-4]","护锁刃龙β","HunterSkill_184,1,HunterSkill_173,1,HunterSkill_190,1,HunterSkill_062,1","2,1,0"
"ARMOR_ID_0514","库纳法头饰α","helm","风音村沙之民的头部防具。这是先锋团团长代代相传的装束，特征是装饰有大大的角。","6","44","[1,1,4,1,1]","库纳法α","HunterSkill_174,1,HunterSkill_098,2,HunterSkill_130,1","2,0,0"
"ARMOR_ID_0515","库纳法披肩α","body","风音村沙之民的身体防具。缝有鹭鹰龙羽毛的披肩，在村里代代相承。","6","44","[1,1,4,1,1]","库纳法α","HunterSkill_174,1,HunterSkill_099,2,HunterSkill_130,1","2,0,0"
"ARMOR_ID_0516","库纳法腰带α","waist","风音村沙之民的腰部防具。腰巾上的花纹含有各种各样的愿望与祈求。","6","44","[1,1,4,1,1]","库纳法α","HunterSkill_174,1,HunterSkill_071,2,HunterSkill_130,1","2,0,0"
"ARMOR_ID_0517","库纳法套裤α","leg","风音村沙之民的脚部防具。保护双腿的装饰由盾突龙的毛制成。","6","44","[1,1,4,1,1]","库纳法α","HunterSkill_174,1,HunterSkill_098,2,HunterSkill_130,1","2,0,0"
"ARMOR_ID_0518","阿孜兹头饰α","helm","阿孜兹村使用的头部防具。骨簪上带有骨氏族传统的精致装饰。","6","44","[4,1,1,1,1]","阿孜兹α","HunterSkill_174,1,HunterSkill_064,2","2,0,0"
"ARMOR_ID_0519","阿孜兹围裙α","body","阿孜兹村使用的身体防具。围裙上缝有硕大的硬币以提高强度，证明制作者十分有经验。","6","44","[4,1,1,1,1]","阿孜兹α","HunterSkill_174,1,HunterSkill_100,3","1,1,0"
"ARMOR_ID_0520","阿孜兹长裤α","leg","阿孜兹村使用的脚部防具。使用从油中精炼出的素材所制，这种素材有如橡胶，使其具有防水效果。","6","44","[4,1,1,1,1]","阿孜兹α","HunterSkill_174,1,HunterSkill_090,3","2,1,1"
"ARMOR_ID_0521","酥加腰带α","waist","交汇之峰居民的腰部防具。受到守护加持的腰带上，插着用于祭祀的礼仪刀具。","6","44","[1,1,1,4,1]","酥加α","HunterSkill_174,1,HunterSkill_068,3","2,1,1"
"ARMOR_ID_0522","西尔德头巾α","helm","守护者村的头部防具。使用了特殊的茧状纤维，不仅防护效果强，透气性也高。","6","44","[1,1,1,1,4]","西尔德α","HunterSkill_174,1,HunterSkill_089,3","2,1,1"
"ARMOR_ID_0523","西尔德大衣α","body","守护者村的身体防具。布料厚实，但很轻巧，方便活动，完全不影响日常劳作。","6","44","[1,1,1,1,4]","西尔德α","HunterSkill_174,1,HunterSkill_098,4","2,0,0"
"ARMOR_ID_0524","死神首脑α","helm","被认为会带来死亡、被诅咒的头部防具。装备时，偶尔能听见被杀者临终痛苦的喊叫……","6","44","[3,2,-2,3,4]","死神α","HunterSkill_174,1,HunterSkill_060,1,HunterSkill_116,1","2,0,0"
"ARMOR_ID_0525","死神肌肉α","body","被认为会带来死亡的身体防具。冰冷得令人毛骨悚然，轻得无法想象是这世上之物。","6","44","[3,2,-2,3,4]","死神α","HunterSkill_174,1,HunterSkill_060,1,HunterSkill_116,1","2,0,0"
"ARMOR_ID_0526","死神双手α","arm","飘散着死亡气息的臂部防具。会有种好像死神寄宿于体内的感觉……","6","44","[3,2,-2,3,4]","死神α","HunterSkill_174,1,HunterSkill_060,1,HunterSkill_116,1","2,0,0"
"ARMOR_ID_0527","死神脐带α","waist","飘散着死亡气息的腰部防具。时刻都会感受到背后来自死神的视线……","6","44","[3,2,-2,3,4]","死神α","HunterSkill_174,1,HunterSkill_060,1,HunterSkill_139,2","2,1,0"
"ARMOR_ID_0528","死神脚跟α","leg","模仿死神制作的脚部防具。听见黑衣的脚步声之际，便是生命终结之时。","6","44","[3,2,-2,3,4]","死神α","HunterSkill_174,1,HunterSkill_060,1,HunterSkill_086,2","2,1,0"
"ARMOR_ID_0529","燕尾蝶护头α","helm","大角凤蝶的头部防具。虽然质感膨松柔软，却是个能吸收冲击力的优秀防具。","6","44","[-1,-1,2,0,2]","燕尾蝶α","HunterSkill_174,1,HunterSkill_025,1,HunterSkill_075,1,HunterSkill_076,1","2,0,0"
"ARMOR_ID_0530","燕尾蝶上身α","body","大角凤蝶的身体防具。拥有不可思议的魅力，任何动作皆能优雅展现。","6","44","[-1,-1,2,0,2]","燕尾蝶α","HunterSkill_174,1,HunterSkill_025,1,HunterSkill_075,1,HunterSkill_076,1","2,0,0"
"ARMOR_ID_0531","燕尾蝶护袖α","arm","大角凤蝶的臂部防具。外观华丽，且触感宛如丝绸般柔软。","6","44","[-1,-1,2,0,2]","燕尾蝶α","HunterSkill_174,1,HunterSkill_025,1,HunterSkill_075,1,HunterSkill_070,2","2,0,0"
"ARMOR_ID_0532","燕尾蝶护腰具α","waist","大角凤蝶的腰部防具。绚烂夺目的装备，绽放出宛如贵妇的风采。","6","44","[-1,-1,2,0,2]","燕尾蝶α","HunterSkill_174,1,HunterSkill_025,1,HunterSkill_075,1,HunterSkill_076,1","2,0,0"
"ARMOR_ID_0533","燕尾蝶脚α","leg","大角凤蝶的脚部防具。穿戴轻盈，色彩鲜艳，无论哪方面皆属极品。","6","44","[-1,-1,2,0,2]","燕尾蝶α","HunterSkill_174,1,HunterSkill_025,1,HunterSkill_075,1,HunterSkill_069,2","2,0,0"
"ARMOR_ID_0534","独角仙护头α","helm","大角凤蝶的头部防具。坚硬勇猛的角乃昆虫王的象征。","6","44","[-1,-1,2,0,2]","独角仙α","HunterSkill_174,1,HunterSkill_100,1,HunterSkill_111,1,HunterSkill_085,1","2,0,0"
"ARMOR_ID_0535","独角仙上身α","body","大角凤蝶的身体防具。坚固的程度甚至让人无法想象素材取自昆虫。","6","44","[-1,-1,2,0,2]","独角仙α","HunterSkill_174,1,HunterSkill_100,1,HunterSkill_111,1,HunterSkill_084,1","2,0,0"
"ARMOR_ID_0536","独角仙护袖α","arm","大角凤蝶的臂部防具。在众人的梦想与心愿驱动下，拥有昆虫王之力的铠甲诞生了。","6","44","[-1,-1,2,0,2]","独角仙α","HunterSkill_174,1,HunterSkill_100,1,HunterSkill_111,1,HunterSkill_083,1","2,0,0"
"ARMOR_ID_0537","独角仙护腰具α","waist","大角凤蝶的腰部防具。穿戴者将化为驰骋世界的钢铁子弹。","6","44","[-1,-1,2,0,2]","独角仙α","HunterSkill_174,1,HunterSkill_100,1,HunterSkill_146,1,HunterSkill_084,1","2,0,0"
"ARMOR_ID_0538","独角仙脚α","leg","大角凤蝶的脚部防具。即使被飞龙踩踏也不为所动，完美的装甲极具魅力。","6","44","[-1,-1,2,0,2]","独角仙α","HunterSkill_174,1,HunterSkill_100,1,HunterSkill_146,1,HunterSkill_083,1","2,0,0"
"ARMOR_ID_0539","矿石头盔α","helm","使用大量矿石制作而成的重型头部防具。当然也具备良好的透气性。","6","44","[0,-1,-2,3,0]","矿石α","HunterSkill_174,1,HunterSkill_086,3,HunterSkill_091,1","2,0,0"
"ARMOR_ID_0540","矿石铠甲α","body","使用大量矿石制作而成的重型身体防具。被设计成能够分散受到的冲击的形状。","6","44","[0,-1,-2,3,0]","矿石α","HunterSkill_174,1,HunterSkill_120,3,HunterSkill_091,1","2,0,0"
"ARMOR_ID_0541","矿石腕甲α","arm","使用大量矿石制作而成的重型臂部防具。半吊子的攻击无法对其造成损伤。","6","44","[0,-1,-2,3,0]","矿石α","HunterSkill_174,1,HunterSkill_087,3,HunterSkill_091,1","2,0,0"
"ARMOR_ID_0542","矿石腰甲α","waist","使用大量矿石制作而成的腰部防具。通过加重装甲打造出坚固无比的装备。","6","44","[0,-1,-2,3,0]","矿石α","HunterSkill_174,1,HunterSkill_095,3,HunterSkill_088,2","2,0,0"
"ARMOR_ID_0543","矿石护腿α","leg","使用大量矿石制作而成的重型脚部防具。卖点在于受到怪物攻击也不会损坏的坚固性。","6","44","[0,-1,-2,3,0]","矿石α","HunterSkill_174,1,HunterSkill_102,3,HunterSkill_119,3","2,0,0"
"ARMOR_ID_0544","战斗头盔α","helm","为老手猎人制作的头部防具。被视为一流猎手的象征，新手猎人不敢随意穿戴。","6","44","[2,-1,-1,0,0]","战斗α","HunterSkill_174,1,HunterSkill_065,2","2,0,0"
"ARMOR_ID_0545","战斗铠甲α","body","为老手猎人制作的身体防具。不仅造型时尚，更兼具易用性和可靠的防御力。","6","44","[2,-1,-1,0,0]","战斗α","HunterSkill_174,1,HunterSkill_105,3,HunterSkill_085,2","2,0,0"
"ARMOR_ID_0546","战斗腕甲α","arm","为老手猎人制作的臂部防具。注重行动的便利性，极为实用。","6","44","[2,-1,-1,0,0]","战斗α","HunterSkill_174,1,HunterSkill_099,3","2,0,0"
"ARMOR_ID_0547","战斗腰甲α","waist","为老手猎人制作的腰部防具。不仅设计令人印象深刻，而且应用了轻型素材，性能出类拔萃。","6","44","[2,-1,-1,0,0]","战斗α","HunterSkill_174,1,HunterSkill_097,3,HunterSkill_189,2","2,0,0"
"ARMOR_ID_0548","战斗护腿α","leg","为老手猎人制作的脚部防具。被誉为工匠技术的结晶，在各方面都毫不妥协，是人人都憧憬的上级装备。","6","44","[2,-1,-1,0,0]","战斗α","HunterSkill_174,1,HunterSkill_024,3,HunterSkill_025,2","2,0,0"
"ARMOR_ID_0549","花瓣绽放α","helm","有着飘香氛围的头部防具。芳香会唤起乡愁，令人不禁回忆往昔。","6","44","[0,1,3,0,0]","花瓣α","HunterSkill_174,1,HunterSkill_134,3,HunterSkill_083,2","2,0,0"
"ARMOR_ID_0550","花瓣枝干α","body","带着芳香的身体防具。被笼罩在香气里，人们回忆过去，泛起泪光。","6","44","[0,1,3,0,0]","花瓣α","HunterSkill_174,1,HunterSkill_138,3","2,0,0"
"ARMOR_ID_0551","花瓣枝叶α","arm","有着飘香氛围的臂部防具。淡淡的颜色与令人怀念的香气，让老猎人为之落泪。","6","44","[0,1,3,0,0]","花瓣α","HunterSkill_174,1,HunterSkill_070,3,HunterSkill_084,2","2,0,0"
"ARMOR_ID_0552","花瓣叶片α","waist","有着飘香氛围的腰部防具。柔软的质感和芳香的气息交织，带来令人怀念的气氛。","6","44","[0,1,3,0,0]","花瓣α","HunterSkill_174,1,HunterSkill_069,3,HunterSkill_119,2","2,0,0"
"ARMOR_ID_0553","花瓣扎根α","leg","有着飘香氛围的脚部防具。轻柔飘散的甜美香气，据说连飞龙都会为之沉醉。","6","44","[0,1,3,0,0]","花瓣α","HunterSkill_174,1,HunterSkill_096,3","2,0,0"
"ARMOR_ID_0554","机械头盔α","helm","使用神秘发掘品制作的头部防具。据说优秀的工匠们为了设计它而讨论了七天七夜。","6","44","[1,-2,-2,2,3]","机械α","HunterSkill_173,1,HunterSkill_146,1,HunterSkill_072,1","2,1,0"
"ARMOR_ID_0555","机械铠甲α","body","使用神秘发掘品制作的身体防具。加工未知金属对熟练的工匠而言也是巨大的挑战。","6","44","[1,-2,-2,2,3]","机械α","HunterSkill_173,1,HunterSkill_146,1,HunterSkill_144,1","2,1,1"
"ARMOR_ID_0556","机械腕甲α","arm","使用神秘发掘品制作的臂部防具。工匠兢兢业业地进行修复，极大地提高了其可动性。","6","44","[1,-2,-2,2,3]","机械α","HunterSkill_173,1,HunterSkill_146,1,HunterSkill_082,2","2,0,0"
"ARMOR_ID_0557","机械腰甲α","waist","使用神秘发掘品制作的腰部防具。这个部件原本的作用已经不得而知。","6","44","[1,-2,-2,2,3]","机械α","HunterSkill_173,1,HunterSkill_146,1,HunterSkill_073,2","2,0,0"
"ARMOR_ID_0558","机械护腿α","leg","使用神秘发掘品制作的脚部防具。装备在脚上便能大幅提升脚力。","6","44","[1,-2,-2,2,3]","机械α","HunterSkill_173,1,HunterSkill_146,1,HunterSkill_074,2","2,0,0"
"ARMOR_ID_0559","咬鱼靴α","leg","使用咬鱼素材制作的脚部防具。由于加工便利，猎人之外也有不少拥趸。","6","44","[0,5,0,0,0]","咬鱼α","HunterSkill_164,1,HunterSkill_078,1,HunterSkill_126,1","1,1,1"
"ARMOR_ID_0560","调查团头盔α","helm","曾参与新大陆调查的猎人所使用的头部防具。做工扎实，不易损坏。","6","44","[2,2,0,0,0]","调查团α","HunterSkill_058,1,HunterSkill_064,1","1,0,0"
"ARMOR_ID_0561","调查团铠甲α","body","曾参与新大陆调查的猎人所使用的身体防具。经过精心设计，可适应各种气候。","6","44","[2,2,0,0,0]","调查团α","HunterSkill_058,1,HunterSkill_068,2","1,0,0"
"ARMOR_ID_0562","调查团腕甲α","arm","曾参与新大陆调查的猎人所使用的臂部防具。既轻巧又坚固。","6","44","[2,2,0,0,0]","调查团α","HunterSkill_058,1,HunterSkill_031,2","1,0,0"
"ARMOR_ID_0563","调查团腰甲α","waist","曾参与新大陆调查的猎人所使用的腰部防具。制作时更注重坚固度。","6","44","[2,2,0,0,0]","调查团α","HunterSkill_058,1,HunterSkill_138,1","1,0,0"
"ARMOR_ID_0564","调查团护腿α","leg","曾参与新大陆调查的猎人所使用的脚部防具。在崎岖不平的路面上行走也毫不费力。","6","44","[2,2,0,0,0]","调查团α","HunterSkill_058,1,HunterSkill_072,1","1,0,0"
"ARMOR_ID_0570","花妖猩α","helm","花妖猩布偶。精巧再现了花朵的拟态，据说在绯红森林中甚至能吸引到昆虫。","5","36","[-3,2,-2,2,2]","花妖猩α","HunterSkill_168,1,HunterSkill_137,1,HunterSkill_116,1","1,0,0"
"ARMOR_ID_0575","公会王牌耳环α","helm","星之队猎人的头部防具。耳环带有特殊加护，仅有身经百战的猎人才有资格佩戴。","8","60","[2,2,2,2,2]","公会王牌α","HunterSkill_059,1,HunterSkill_111,1,HunterSkill_025,1","3,0,0"
"ARMOR_ID_0576","公会王牌铠甲α","body","星之队猎人的身体防具。粗看很朴素，其实各处都加入了细致的装饰。","8","60","[2,2,2,2,2]","公会王牌α","HunterSkill_059,1,HunterSkill_111,1,HunterSkill_025,1","3,0,0"
"ARMOR_ID_0577","公会王牌腕甲α","arm","星之队猎人的臂部防具。前臂主要采用皮革制作，便于使用武器。","8","60","[2,2,2,2,2]","公会王牌α","HunterSkill_059,1,HunterSkill_111,1,HunterSkill_025,1","3,0,0"
"ARMOR_ID_0578","公会王牌腰甲α","waist","星之队猎人的腰部防具。经过精心调整，能在需要时随时轻易取出所需之物。","8","60","[2,2,2,2,2]","公会王牌α","HunterSkill_059,1,HunterSkill_111,1,HunterSkill_025,1","3,0,0"
"ARMOR_ID_0579","公会王牌靴α","leg","星之队猎人的脚部防具。经过精细调整，能走遍各种地形。","8","60","[2,2,2,2,2]","公会王牌α","HunterSkill_059,1,HunterSkill_111,1,HunterSkill_025,1","3,0,0"
"ARMOR_ID_0635","咬鱼靴","leg","使用咬鱼素材制作的脚部防具。由于加工便利，猎人之外也有不少拥趸。","1","4","[0,5,0,0,0]","咬鱼","HunterSkill_164,1,HunterSkill_078,1","0,0,0"
"ARMOR_ID_0656","龙王的独眼α","helm","光是戴上它就能令人感受到稳重及倍增的压迫感。想要尝试反派角色就不妨一试。","8","60","[0,0,0,0,0]","龙王的独眼α","HunterSkill_110,3","0,0,0"
"ARMOR_ID_0658","调查队耳饰α","helm","以调查队纹章为灵感制作的耳饰。叶子象征了猎人所追求的和谐与秩序，散发出美丽的光辉。","5","40","[1,1,1,1,1]","调查队耳饰α","HunterSkill_082,1,HunterSkill_113,1","1,0,0"
"ARMOR_ID_0659","公会十字头饰α","helm","赠与斗技大会胜利者的头部防具。闪烁金色光芒的头冠，是对英雄伟大智慧的赞美。","5","36","[0,0,0,0,0]","公会十字α","HunterSkill_227,1,HunterSkill_072,1,HunterSkill_102,1,HunterSkill_189,2","1,0,0"
"ARMOR_ID_0660","公会十字战衣α","body","赠与斗技大会胜利者的身体防具。背后的斗篷是最强之人的证明，只有被公会认可的英雄才有资格获得。","5","36","[0,0,0,0,0]","公会十字α","HunterSkill_227,1,HunterSkill_072,1,HunterSkill_074,1","2,1,0"
"ARMOR_ID_0661","公会十字腕甲α","arm","赠与斗技大会胜利者的臂部防具。专为当之无愧的强大英雄而设计，因此结构非常复杂。","5","36","[0,0,0,0,0]","公会十字α","HunterSkill_227,1,HunterSkill_102,2,HunterSkill_074,1,HunterSkill_189,1","2,0,0"
"ARMOR_ID_0662","公会十字腰甲α","waist","赠与斗技大会胜利者的腰部防具。每一处细节的装饰都精益求精，彰显着英雄的威严与骄傲。","5","36","[0,0,0,0,0]","公会十字α","HunterSkill_227,1,HunterSkill_072,1,HunterSkill_073,2","2,0,0"
"ARMOR_ID_0663","公会十字靴α","leg","赠与斗技大会胜利者的脚部防具。这是一件不惜重金，花费大量人工专门为英雄打造的装备。","5","36","[0,0,0,0,0]","公会十字α","HunterSkill_227,1,HunterSkill_074,1,HunterSkill_073,1","2,2,0"
"ARMOR_ID_0664","职员遮阳帽α","helm","大集会所编辑者专用的头部防具。以特殊工艺编织而成，有着远超外观的防御力。","6","48","[2,2,2,2,2]","职员α","HunterSkill_227,1,HunterSkill_068,2,HunterSkill_069,1,HunterSkill_130,2","2,1,0"
"ARMOR_ID_0665","职员服装α","body","大集会所编辑者专用的身体防具。寄托着制作者的美好心愿，希望将异国他乡的集会所也妆点得华美绚丽。","6","48","[2,2,2,2,2]","职员α","HunterSkill_227,1,HunterSkill_068,1,HunterSkill_134,2","2,1,0"
"ARMOR_ID_0666","职员腕甲α","arm","大集会所编辑者专用的臂部防具。为了方便接待来宾及处理各种事务，并没有加入过多的时尚元素。","6","48","[2,2,2,2,2]","职员α","HunterSkill_227,1,HunterSkill_138,2,HunterSkill_134,1,HunterSkill_130,1","2,1,0"
"ARMOR_ID_0667","职员腰带α","waist","大集会所编辑者专用的腰部防具。在保证实用性的同时，添加大量装饰性细节，彰显持有者非凡的品味。","6","48","[2,2,2,2,2]","职员α","HunterSkill_227,1,HunterSkill_138,2,HunterSkill_069,2","1,0,0"
"ARMOR_ID_0668","职员鞋α","leg","大集会所编辑者专用的脚部防具。这双鞋兼顾功能性与设计感，即使长时间站立工作也不易感觉疲劳。","6","48","[2,2,2,2,2]","职员α","HunterSkill_227,1,HunterSkill_138,1,HunterSkill_130,2","2,2,0"
"ARMOR_ID_0669","大胃王耳饰α","helm","赠与斗技大会强者的耳饰，荣誉的象征。彰显着猎人满怀对食物的热情前往狩猎的决心。","5","36","[0,0,0,0,0]","大胃王耳饰α","HunterSkill_227,1,HunterSkill_071,2,HunterSkill_099,2","1,0,0"
"ARMOR_ID_0670","奉献耳饰α","helm","赠与斗技大会猛士的耳饰，荣誉的象征。亦是其与战友同舟共济共度难关的证明。","6","48","[0,0,0,0,0]","奉献耳饰α","HunterSkill_227,1,HunterSkill_098,4","2,0,0"
"ARMOR_ID_0671","泡狐龙头盔α","helm","以泡狐龙素材制作的头部防具。婚礼装束其之一，配得上这世间最郎才女貌，佳偶天成的新人。","6","48","[0,2,-3,1,-1]","泡狐龙α","HunterSkill_200,1,HunterSkill_168,1,HunterSkill_076,1,HunterSkill_088,2","3,0,0"
"ARMOR_ID_0672","泡狐龙铠甲α","body","以泡狐龙素材制作的身体防具。婚礼装束其之二，由侍奉神明的织女辛劳百夜织就。","6","48","[0,2,-3,1,-1]","泡狐龙α","HunterSkill_200,1,HunterSkill_168,1,HunterSkill_114,2,HunterSkill_025,1","1,0,0"
"ARMOR_ID_0673","泡狐龙腕甲α","arm","以泡狐龙素材制作的臂部防具。婚礼装束其之三，倾国倾城之姿连一国之君也无法自持。","6","48","[0,2,-3,1,-1]","泡狐龙α","HunterSkill_200,1,HunterSkill_168,1,HunterSkill_076,2,HunterSkill_075,2","1,0,0"
"ARMOR_ID_0674","泡狐龙腰甲α","waist","以泡狐龙素材制作的腰部防具。婚礼装束其之四，华美无匹，令见者无不凝神屏息。","6","48","[0,2,-3,1,-1]","泡狐龙α","HunterSkill_200,1,HunterSkill_168,1,HunterSkill_114,1,HunterSkill_025,2","2,1,0"
"ARMOR_ID_0675","泡狐龙护腿α","leg","以泡狐龙素材制作的脚部防具。婚礼装束其之五，传闻为之失神者将被勾入黄泉。","6","48","[0,2,-3,1,-1]","泡狐龙α","HunterSkill_200,1,HunterSkill_168,1,HunterSkill_114,2,HunterSkill_059,1","1,0,0"
"ARMOR_ID_0676","泡狐龙头盔β","helm","以泡狐龙素材制作的头部防具。婚礼装束其之一，配得上这世间最郎才女貌，佳偶天成的新人。","6","48","[0,2,-3,1,-1]","泡狐龙β","HunterSkill_200,1,HunterSkill_169,1,HunterSkill_088,2","3,2,0"
"ARMOR_ID_0677","泡狐龙铠甲β","body","以泡狐龙素材制作的身体防具。婚礼装束其之二，由侍奉神明的织女辛劳百夜织就。","6","48","[0,2,-3,1,-1]","泡狐龙β","HunterSkill_200,1,HunterSkill_169,1,HunterSkill_114,1,HunterSkill_025,1","2,2,0"
"ARMOR_ID_0678","泡狐龙腕甲β","arm","以泡狐龙素材制作的臂部防具。婚礼装束其之三，倾国倾城之姿连一国之君也无法自持。","6","48","[0,2,-3,1,-1]","泡狐龙β","HunterSkill_200,1,HunterSkill_169,1,HunterSkill_076,1,HunterSkill_075,2","3,0,0"
"ARMOR_ID_0679","泡狐龙腰甲β","waist","以泡狐龙素材制作的腰部防具。婚礼装束其之四，华美无匹，令见者无不凝神屏息。","6","48","[0,2,-3,1,-1]","泡狐龙β","HunterSkill_200,1,HunterSkill_169,1,HunterSkill_025,2","3,2,1"
"ARMOR_ID_0680","泡狐龙护腿β","leg","以泡狐龙素材制作的脚部防具。婚礼装束其之五，传闻为之失神者将被勾入黄泉。","6","48","[0,2,-3,1,-1]","泡狐龙β","HunterSkill_200,1,HunterSkill_169,1,HunterSkill_114,2","3,0,0"
"ARMOR_ID_0681","纯洁龙冠α","helm","寄宿着白炽龙灵魂的头部防具。内心涌动出毁灭一切的冲动时，纯洁的灵魂将始终与之抗争。","8","68","[-2,2,2,0,-4]","纯洁龙α","HunterSkill_203,1,HunterSkill_172,1,HunterSkill_058,1,HunterSkill_070,2","3,2,0"
"ARMOR_ID_0682","纯洁龙铠α","body","寄宿着白炽龙灵魂的身体防具。内心涌动出蹂躏一切的悸动时，纯洁的胸怀却会选择包容。","8","68","[-2,2,2,0,-4]","纯洁龙α","HunterSkill_203,1,HunterSkill_172,1,HunterSkill_058,2,HunterSkill_110,1","1,0,0"
"ARMOR_ID_0683","纯洁龙臂甲α","arm","寄宿着白炽龙灵魂的臂部防具。内心涌动出破坏一切的欲望时，纯洁的力量会将之牢牢压制。","8","68","[-2,2,2,0,-4]","纯洁龙α","HunterSkill_203,1,HunterSkill_172,1,HunterSkill_190,2,HunterSkill_113,1","2,0,0"
"ARMOR_ID_0684","纯洁龙腰甲α","waist","寄宿着白炽龙灵魂的腰部防具。内心涌动出抹杀万物生灵的漆黑憎恶时，纯洁的精神将总会奋起反抗。","8","68","[-2,2,2,0,-4]","纯洁龙α","HunterSkill_203,1,HunterSkill_172,1,HunterSkill_058,2,HunterSkill_113,2","0,0,0"
"ARMOR_ID_0685","纯洁龙靴α","leg","寄宿着白炽龙灵魂的脚部防具。内心涌动出驱逐一切并践踏世界的意志时，纯洁的双腿将寸土不让。","8","68","[-2,2,2,0,-4]","纯洁龙α","HunterSkill_203,1,HunterSkill_172,1,HunterSkill_190,1,HunterSkill_110,2,HunterSkill_070,1","2,1,0"
"ARMOR_ID_0686","纯洁龙冠β","helm","寄宿着白炽龙灵魂的头部防具。内心涌动出毁灭一切的冲动时，纯洁的灵魂将始终与之抗争。","8","68","[-2,2,2,0,-4]","纯洁龙β","HunterSkill_203,1,HunterSkill_173,1,HunterSkill_058,1,HunterSkill_070,1","3,2,1"
"ARMOR_ID_0687","纯洁龙铠β","body","寄宿着白炽龙灵魂的身体防具。内心涌动出蹂躏一切的悸动时，纯洁的胸怀却会选择包容。","8","68","[-2,2,2,0,-4]","纯洁龙β","HunterSkill_203,1,HunterSkill_173,1,HunterSkill_058,2","3,0,0"
"ARMOR_ID_0688","纯洁龙臂甲β","arm","寄宿着白炽龙灵魂的臂部防具。内心涌动出破坏一切的欲望时，纯洁的力量会将之牢牢压制。","8","68","[-2,2,2,0,-4]","纯洁龙β","HunterSkill_203,1,HunterSkill_173,1,HunterSkill_190,2","3,1,0"
"ARMOR_ID_0689","纯洁龙腰甲β","waist","寄宿着白炽龙灵魂的腰部防具。内心涌动出抹杀万物生灵的漆黑憎恶时，纯洁的精神将总会奋起反抗。","8","68","[-2,2,2,0,-4]","纯洁龙β","HunterSkill_203,1,HunterSkill_173,1,HunterSkill_058,2,HunterSkill_113,1","2,0,0"
"ARMOR_ID_0690","纯洁龙靴β","leg","寄宿着白炽龙灵魂的脚部防具。内心涌动出驱逐一切并践踏世界的意志时，纯洁的双腿将寸土不让。","8","68","[-2,2,2,0,-4]","纯洁龙β","HunterSkill_203,1,HunterSkill_173,1,HunterSkill_190,1,HunterSkill_110,1,HunterSkill_070,1","3,2,0"
"ARMOR_ID_0691","海龙头盔α","helm","使用海龙素材制作的头部防具。深邃的苍蓝激起静谧的斗志。","7","64","[-3,2,4,-1,-2]","海龙α","HunterSkill_212,1,HunterSkill_164,1,HunterSkill_064,2,HunterSkill_063,1","2,1,0"
"ARMOR_ID_0692","海龙铠甲α","body","使用海龙素材制作的身体防具。包裹前胸的苍蓝护甲，能化解各种冲击。","7","64","[-3,2,4,-1,-2]","海龙α","HunterSkill_212,1,HunterSkill_164,1,HunterSkill_062,1,HunterSkill_065,1,HunterSkill_080,2","2,1,0"
"ARMOR_ID_0693","海龙腕甲α","arm","使用海龙素材制作的臂部防具。承袭海龙的巨力，强度已远超防具的范畴。","7","64","[-3,2,4,-1,-2]","海龙α","HunterSkill_212,1,HunterSkill_164,1,HunterSkill_062,1,HunterSkill_065,2,HunterSkill_088,1","2,0,0"
"ARMOR_ID_0694","海龙腰甲α","waist","使用海龙素材制作的腰部防具。厚重的护甲能减轻各种冲击，是引以为傲的苍蓝勋章。","7","64","[-3,2,4,-1,-2]","海龙α","HunterSkill_212,1,HunterSkill_164,1,HunterSkill_062,1,HunterSkill_064,1,HunterSkill_088,1","2,1,1"
"ARMOR_ID_0695","海龙护腿α","leg","使用海龙素材制作的脚部防具。能让装备者的感官变得敏锐，从而释放出最大限度的潜力。","7","64","[-3,2,4,-1,-2]","海龙α","HunterSkill_212,1,HunterSkill_164,1,HunterSkill_062,2,HunterSkill_063,1,HunterSkill_080,1","0,0,0"
"ARMOR_ID_0696","海龙头盔β","helm","使用海龙素材制作的头部防具。深邃的苍蓝激起静谧的斗志。","7","64","[-3,2,4,-1,-2]","海龙β","HunterSkill_212,1,HunterSkill_165,1,HunterSkill_064,2","3,2,1"
"ARMOR_ID_0697","海龙铠甲β","body","使用海龙素材制作的身体防具。包裹前胸的苍蓝护甲，能化解各种冲击。","7","64","[-3,2,4,-1,-2]","海龙β","HunterSkill_212,1,HunterSkill_165,1,HunterSkill_062,1,HunterSkill_065,1","2,2,1"
"ARMOR_ID_0698","海龙腕甲β","arm","使用海龙素材制作的臂部防具。承袭海龙的巨力，强度已远超防具的范畴。","7","64","[-3,2,4,-1,-2]","海龙β","HunterSkill_212,1,HunterSkill_165,1,HunterSkill_062,1,HunterSkill_065,2","3,0,0"
"ARMOR_ID_0699","海龙腰甲β","waist","使用海龙素材制作的腰部防具。厚重的护甲能减轻各种冲击，是引以为傲的苍蓝勋章。","7","64","[-3,2,4,-1,-2]","海龙β","HunterSkill_212,1,HunterSkill_165,1,HunterSkill_062,1,HunterSkill_064,1","2,2,1"
"ARMOR_ID_0700","海龙护腿β","leg","使用海龙素材制作的脚部防具。能让装备者的感官变得敏锐，从而释放出最大限度的潜力。","7","64","[-3,2,4,-1,-2]","海龙β","HunterSkill_212,1,HunterSkill_165,1,HunterSkill_062,2,HunterSkill_063,1","1,0,0"
"ARMOR_ID_0701","千刃龙头盔α","helm","使用千刃龙素材制作的头部防具。立下成千功勋的金色之军，沐浴朝阳，凯旋而归。","7","64","[4,0,-3,-2,0]","千刃龙α","HunterSkill_215,1,HunterSkill_166,1,HunterSkill_115,1,HunterSkill_119,1,HunterSkill_110,1","3,0,0"
"ARMOR_ID_0702","千刃龙铠甲α","body","使用千刃龙素材制作的身体防具。承载成千英魂的金色之军，经过酣畅鏖战，取得胜绩。","7","64","[4,0,-3,-2,0]","千刃龙α","HunterSkill_215,1,HunterSkill_166,1,HunterSkill_075,2,HunterSkill_058,1,HunterSkill_110,1","1,0,0"
"ARMOR_ID_0703","千刃龙腕甲α","arm","使用千刃龙素材制作的臂部防具。破敌成千的金色之军，至高之荣，终入手中。","7","64","[4,0,-3,-2,0]","千刃龙α","HunterSkill_215,1,HunterSkill_166,1,HunterSkill_115,2,HunterSkill_076,1","2,0,0"
"ARMOR_ID_0704","千刃龙腰甲α","waist","使用千刃龙素材制作的腰部防具。制胜千战的金色之军，踏遍地极，征服万物。","7","64","[4,0,-3,-2,0]","千刃龙α","HunterSkill_215,1,HunterSkill_166,1,HunterSkill_075,2,HunterSkill_058,1,HunterSkill_119,1","2,0,0"
"ARMOR_ID_0705","千刃龙护腿α","leg","使用千刃龙素材制作的脚部防具。征战千地的金色之军，踏上荣耀，走向辉煌。","7","64","[4,0,-3,-2,0]","千刃龙α","HunterSkill_215,1,HunterSkill_166,1,HunterSkill_115,2,HunterSkill_058,1,HunterSkill_119,1","0,0,0"
"ARMOR_ID_0706","千刃龙头盔β","helm","使用千刃龙素材制作的头部防具。立下成千功勋的金色之军，沐浴朝阳，凯旋而归。","7","64","[4,0,-3,-2,0]","千刃龙β","HunterSkill_215,1,HunterSkill_167,1,HunterSkill_115,1,HunterSkill_119,1","3,1,1"
"ARMOR_ID_0707","千刃龙铠甲β","body","使用千刃龙素材制作的身体防具。承载成千英魂的金色之军，经过酣畅鏖战，取得胜绩。","7","64","[4,0,-3,-2,0]","千刃龙β","HunterSkill_215,1,HunterSkill_167,1,HunterSkill_075,2,HunterSkill_058,1","2,1,0"
"ARMOR_ID_0708","千刃龙腕甲β","arm","使用千刃龙素材制作的臂部防具。破敌成千的金色之军，至高之荣，终入手中。","7","64","[4,0,-3,-2,0]","千刃龙β","HunterSkill_215,1,HunterSkill_167,1,HunterSkill_115,2","3,1,0"
"ARMOR_ID_0709","千刃龙腰甲β","waist","使用千刃龙素材制作的腰部防具。制胜千战的金色之军，踏遍地极，征服万物。","7","64","[4,0,-3,-2,0]","千刃龙β","HunterSkill_215,1,HunterSkill_167,1,HunterSkill_075,1,HunterSkill_058,1","3,1,1"
"ARMOR_ID_0710","千刃龙护腿β","leg","使用千刃龙素材制作的脚部防具。征战千地的金色之军，踏上荣耀，走向辉煌。","7","64","[4,0,-3,-2,0]","千刃龙β","HunterSkill_215,1,HunterSkill_167,1,HunterSkill_115,2,HunterSkill_058,1","1,0,0"
"ARMOR_ID_0711","巨戟龙头盔α","helm","使用巨戟龙素材制作的头部防具。始终凝视世间幽冥的双眸，迸溅出绝望的炽焰。","8","68","[-4,3,0,3,-5]","巨戟龙α","HunterSkill_239,1,HunterSkill_203,1,HunterSkill_059,2,HunterSkill_190,2","3,1,0"
"ARMOR_ID_0712","巨戟龙铠甲α","body","使用巨戟龙素材制作的身体防具。漆黑冥界的使者，将所背负的罪业尽数挥洒于大地。","8","68","[-4,3,0,3,-5]","巨戟龙α","HunterSkill_239,1,HunterSkill_188,1,HunterSkill_115,2,HunterSkill_071,2,HunterSkill_088,1","3,2,0"
"ARMOR_ID_0713","巨戟龙腕甲α","arm","使用巨戟龙素材制作的臂部防具。漆黑的巨指将阳光掐灭，暗之帷幕笼罩世界。","8","68","[-4,3,0,3,-5]","巨戟龙α","HunterSkill_239,1,HunterSkill_187,1,HunterSkill_064,2,HunterSkill_058,1","2,1,0"
"ARMOR_ID_0714","巨戟龙腰甲α","waist","使用巨戟龙素材制作的腰部防具。异形使者于夜幕之下编织丝网，将猎物拖拽至掌心。","8","68","[-4,3,0,3,-5]","巨戟龙α","HunterSkill_239,1,HunterSkill_186,1,HunterSkill_114,2,HunterSkill_059,1","2,1,1"
"ARMOR_ID_0715","巨戟龙护腿α","leg","使用巨戟龙素材制作的脚部防具。长眠地底的冥界使者，垂泻着漆黑暗影，侵蚀大地。","8","68","[-4,3,0,3,-5]","巨戟龙α","HunterSkill_239,1,HunterSkill_175,1,HunterSkill_059,2,HunterSkill_058,1","3,2,1"
"ARMOR_ID_0716","巨戟龙头盔β","helm","使用巨戟龙素材制作的头部防具。始终凝视世间幽冥的双眸，迸溅出绝望的炽焰。","8","68","[-4,3,0,3,-5]","巨戟龙β","HunterSkill_239,1,HunterSkill_184,1,HunterSkill_059,2,HunterSkill_190,2","3,1,0"
"ARMOR_ID_0717","巨戟龙铠甲β","body","使用巨戟龙素材制作的身体防具。漆黑冥界的使者，将所背负的罪业尽数挥洒于大地。","8","68","[-4,3,0,3,-5]","巨戟龙β","HunterSkill_239,1,HunterSkill_180,1,HunterSkill_115,2,HunterSkill_071,2,HunterSkill_088,1","3,2,0"
"ARMOR_ID_0718","巨戟龙腕甲β","arm","使用巨戟龙素材制作的臂部防具。漆黑的巨指将阳光掐灭，暗之帷幕笼罩世界。","8","68","[-4,3,0,3,-5]","巨戟龙β","HunterSkill_239,1,HunterSkill_182,1,HunterSkill_064,2,HunterSkill_058,1","2,1,0"
"ARMOR_ID_0719","巨戟龙腰甲β","waist","使用巨戟龙素材制作的腰部防具。异形使者于夜幕之下编织丝网，将猎物拖拽至掌心。","8","68","[-4,3,0,3,-5]","巨戟龙β","HunterSkill_239,1,HunterSkill_200,1,HunterSkill_114,2,HunterSkill_059,1","2,1,1"
"ARMOR_ID_0720","巨戟龙护腿β","leg","使用巨戟龙素材制作的脚部防具。长眠地底的冥界使者，垂泻着漆黑暗影，侵蚀大地。","8","68","[-4,3,0,3,-5]","巨戟龙β","HunterSkill_239,1,HunterSkill_181,1,HunterSkill_059,2,HunterSkill_058,1","3,2,1"
"ARMOR_ID_0721","煌雷龙头盔γ","helm","以特殊的煌雷龙素材制作的头部防具。苍蓝色的角直指天际，彰显着历战王者无双的威严。","8","68","[0,-2,4,-3,0]","煌雷龙γ","HunterSkill_176,1,HunterSkill_205,1,HunterSkill_062,1,HunterSkill_064,1,HunterSkill_065,1","3,0,0"
"ARMOR_ID_0722","煌雷龙铠甲γ","body","以特殊的煌雷龙素材制作的身体防具。苍蓝色的铠甲彰显着历战王者无双的勇猛。","8","68","[0,-2,4,-3,0]","煌雷龙γ","HunterSkill_176,1,HunterSkill_205,1,HunterSkill_063,3","1,0,0"
"ARMOR_ID_0723","煌雷龙腕甲γ","arm","以特殊的煌雷龙素材制作的臂部防具。苍蓝色的护臂彰显着历战王者无双的霸气。","8","68","[0,-2,4,-3,0]","煌雷龙γ","HunterSkill_176,1,HunterSkill_205,1,HunterSkill_076,2","3,3,0"
"ARMOR_ID_0724","煌雷龙腰甲γ","waist","以特殊的煌雷龙素材制作的腰部防具。苍蓝色的整体设计彰显着历战王者的百折不挠。","8","68","[0,-2,4,-3,0]","煌雷龙γ","HunterSkill_176,1,HunterSkill_205,1,HunterSkill_063,2,HunterSkill_064,2","0,0,0"
"ARMOR_ID_0725","煌雷龙护腿γ","leg","以特殊的煌雷龙素材制作的脚部防具。苍蓝色的护腿彰显着历战王者的孤高。","8","68","[0,-2,4,-3,0]","煌雷龙γ","HunterSkill_176,1,HunterSkill_205,1,HunterSkill_065,2,HunterSkill_086,3","3,0,0"
"ARMOR_ID_0726","波衣龙头盔γ","helm","使用特殊的波衣龙素材制作的头部防具。多彩艳丽的羽饰彰显着历战王者应有的凛凛威严。","8","68","[-1,4,-3,0,0]","波衣龙γ","HunterSkill_177,1,HunterSkill_205,1,HunterSkill_059,2,HunterSkill_072,1","2,2,0"
"ARMOR_ID_0727","波衣龙铠甲γ","body","使用特殊的波衣龙素材制作的身体防具。多彩艳丽的鳞皮彰显着历战王者应有的勇猛气概。","8","68","[-1,4,-3,0,0]","波衣龙γ","HunterSkill_177,1,HunterSkill_205,1,HunterSkill_059,3,HunterSkill_072,2","0,0,0"
"ARMOR_ID_0728","波衣龙腕甲γ","arm","使用特殊的波衣龙素材制作的臂部防具。多彩艳丽的装饰彰显着历战王者应有的无双霸气。","8","68","[-1,4,-3,0,0]","波衣龙γ","HunterSkill_177,1,HunterSkill_205,1,HunterSkill_138,3,HunterSkill_058,1","2,0,0"
"ARMOR_ID_0729","波衣龙腰甲γ","waist","使用特殊的波衣龙素材制作的腰部防具。多彩艳丽的腰巾彰显着历战王者应有的不屈意志。","8","68","[-1,4,-3,0,0]","波衣龙γ","HunterSkill_177,1,HunterSkill_205,1,HunterSkill_138,2","3,3,0"
"ARMOR_ID_0730","波衣龙护腿γ","leg","使用特殊的波衣龙素材制作的脚部防具。多彩艳丽的花纹彰显着历战王者应有的孤高威仪。","8","68","[-1,4,-3,0,0]","波衣龙γ","HunterSkill_177,1,HunterSkill_205,1,HunterSkill_031,3,HunterSkill_058,1","3,1,1"
"ARMOR_ID_0731","狱焰蛸头盔γ","helm","使用特殊的狱焰蛸素材制作的头部防具。蠕动的猩红色面具彰显着历战王者应有的凛凛威严。","8","68","[5,-4,0,1,0]","狱焰蛸γ","HunterSkill_178,1,HunterSkill_205,1,HunterSkill_114,3","1,1,1"
"ARMOR_ID_0732","狱焰蛸铠甲γ","body","使用特殊的狱焰蛸素材制作的身体防具。蠕动的猩红色外套彰显着历战王者应有的勇猛气概。","8","68","[5,-4,0,1,0]","狱焰蛸γ","HunterSkill_178,1,HunterSkill_205,1,HunterSkill_110,2","3,3,0"
"ARMOR_ID_0733","狱焰蛸腕甲γ","arm","使用特殊的狱焰蛸素材制作的臂部防具。蠕动的猩红色护腕具彰显着历战王者应有的无双霸气。","8","68","[5,-4,0,1,0]","狱焰蛸γ","HunterSkill_178,1,HunterSkill_205,1,HunterSkill_060,3","3,1,1"
"ARMOR_ID_0734","狱焰蛸腰甲γ","waist","使用特殊的狱焰蛸素材制作的腰部防具。蠕动的猩红色装饰彰显着历战王者应有的不屈意志。","8","68","[5,-4,0,1,0]","狱焰蛸γ","HunterSkill_178,1,HunterSkill_205,1,HunterSkill_114,2,HunterSkill_116,1","2,0,0"
"ARMOR_ID_0735","狱焰蛸护腿γ","leg","使用特殊的狱焰蛸素材制作的脚部防具。蠕动的猩红色面具彰显着历战王者应有的孤高威仪。","8","68","[5,-4,0,1,0]","狱焰蛸γ","HunterSkill_178,1,HunterSkill_205,1,HunterSkill_060,2,HunterSkill_110,1,HunterSkill_071,3","2,0,0"
"ARMOR_ID_0736","冻峰龙头盔γ","helm","使用特殊的冻峰龙素材制作的头部防具。散发白色光辉的头盔彰显着历战王者应有的凛凛威严。","8","68","[-3,2,-1,2,-1]","冻峰龙γ","HunterSkill_179,1,HunterSkill_205,1,HunterSkill_111,2","3,3,0"
"ARMOR_ID_0737","冻峰龙铠甲γ","body","使用特殊的冻峰龙素材制作的身体防具。散发白色光辉的多层装甲彰显着历战王者无双的勇猛。","8","68","[-3,2,-1,2,-1]","冻峰龙γ","HunterSkill_179,1,HunterSkill_205,1,HunterSkill_058,2","2,2,0"
"ARMOR_ID_0738","冻峰龙腕甲γ","arm","使用特殊的冻峰龙素材制作的臂部防具。散发白色光辉的护手彰显着历战王者无双的霸气。","8","68","[-3,2,-1,2,-1]","冻峰龙γ","HunterSkill_179,1,HunterSkill_205,1,HunterSkill_113,3,HunterSkill_062,1","2,0,0"
"ARMOR_ID_0739","冻峰龙腰甲γ","waist","使用特殊的冻峰龙素材制作的腰部防具。散发白色光辉的装饰彰显着历战王者的百折不挠。","8","68","[-3,2,-1,2,-1]","冻峰龙γ","HunterSkill_179,1,HunterSkill_205,1,HunterSkill_058,3,HunterSkill_189,2","1,0,0"
"ARMOR_ID_0740","冻峰龙护腿γ","leg","使用特殊的冻峰龙素材制作的脚部防具。散发白色光辉的护腿彰显着历战王者的孤高。","8","68","[-3,2,-1,2,-1]","冻峰龙γ","HunterSkill_179,1,HunterSkill_205,1,HunterSkill_062,2,HunterSkill_111,1","2,0,0"
"ARMOR_ID_0746","落樱缤纷【武士头部】α","helm","使用祭典票券【花舞】制作的头部防具。独特的设计体现出春晓之时倾奇者的豪气。","5","36","[2,2,-3,2,2]","落樱缤纷α","HunterSkill_207,1,HunterSkill_219,1,HunterSkill_111,2,HunterSkill_144,1","0,0,0"
"ARMOR_ID_0747","落樱缤纷【武士礼服】α","body","使用祭典票券【花舞】制作的身体防具。独特的装束体现出春晓之时倾奇者的决心。","5","36","[2,2,-3,2,2]","落樱缤纷α","HunterSkill_207,1,HunterSkill_219,1,HunterSkill_111,1,HunterSkill_031,1","2,0,0"
"ARMOR_ID_0748","落樱缤纷【武士臂甲】α","arm","使用祭典票券【花舞】制作的臂部防具。笼手的设计，体现出春晓之时倾奇者的仁义。","5","36","[2,2,-3,2,2]","落樱缤纷α","HunterSkill_207,1,HunterSkill_219,1,HunterSkill_111,1,HunterSkill_097,1","2,1,0"
"ARMOR_ID_0749","落樱缤纷【武士腰带】α","waist","使用祭典票券【花舞】制作的腰部防具。身佩的宝刀体现出春晓之时倾奇者的觉悟。","5","36","[2,2,-3,2,2]","落樱缤纷α","HunterSkill_207,1,HunterSkill_219,1,HunterSkill_031,2,HunterSkill_144,1","2,1,0"
"ARMOR_ID_0750","落樱缤纷【武士长袴】α","leg","使用祭典票券【花舞】制作的脚部防具。长袴的设计体现出春晓之时倾奇者的绝色风姿。","5","36","[2,2,-3,2,2]","落樱缤纷α","HunterSkill_207,1,HunterSkill_219,1,HunterSkill_111,1,HunterSkill_097,2","2,0,0"
"ARMOR_ID_0751","盛开头饰α","helm","使用盛开票券制作的头部防具。华丽的装饰令这个温暖的季节更加明媚动人。","5","36","[1,1,4,1,1]","盛开α","HunterSkill_219,1,HunterSkill_084,2","2,1,0"
"ARMOR_ID_0752","盛开服饰α","body","使用盛开票券制作的身体防具。鲜花胸针的点缀在胸前格外娇俏可爱。","5","36","[1,1,4,1,1]","盛开α","HunterSkill_219,1,HunterSkill_084,1","2,1,1"
"ARMOR_ID_0753","盛开手套α","arm","使用盛开票券制作的臂部防具。彰显举手投足间的优雅气质，为明媚的春光锦上添花。","5","36","[1,1,4,1,1]","盛开α","HunterSkill_219,1,HunterSkill_083,2","1,1,1"
"ARMOR_ID_0754","盛开护腰α","waist","使用盛开票券制作的腰部防具。仿佛花田中飞舞的蝴蝶，翩然起舞之姿何其优美。","5","36","[1,1,4,1,1]","盛开α","HunterSkill_219,1,HunterSkill_137,1,HunterSkill_070,1","2,2,0"
"ARMOR_ID_0755","盛开靴α","leg","使用盛开票券制作的脚部防具。美轮美奂的做工令它尤为适合庆典等正式场合。","5","36","[1,1,4,1,1]","盛开α","HunterSkill_219,1,HunterSkill_083,1,HunterSkill_070,2","1,1,0"
"ARMOR_ID_0756","踊火头饰α","helm","使用祭典票券【踊火】制作的头部防具。燃烧的火焰之冠在盛夏舞动，烈焰愈发腾升。","5","36","[2,-3,2,2,2]","踊火α","HunterSkill_221,1,HunterSkill_219,1,HunterSkill_095,2,HunterSkill_077,2","2,0,0"
"ARMOR_ID_0757","踊火上衣α","body","使用祭典票券【踊火】制作的身体防具。身上的焰火纹案在盛夏中格外耀眼，点燃了祭典的活力。","5","36","[2,-3,2,2,2]","踊火α","HunterSkill_221,1,HunterSkill_219,1,HunterSkill_114,1,HunterSkill_100,1","2,0,0"
"ARMOR_ID_0758","踊火护腕α","arm","使用祭典票券【踊火】制作的臂部防具。承载着天授之火的手甲，化作献给盛夏，照亮众人之火光。","5","36","[2,-3,2,2,2]","踊火α","HunterSkill_221,1,HunterSkill_219,1,HunterSkill_114,2","1,0,0"
"ARMOR_ID_0759","踊火护腰α","waist","使用祭典票券【踊火】制作的腰部防具。缠绕腰间的鲜艳腰布在盛夏中飘舞，为烈风染上缤纷色彩。","5","36","[2,-3,2,2,2]","踊火α","HunterSkill_221,1,HunterSkill_219,1,HunterSkill_114,1,HunterSkill_087,2,HunterSkill_077,1","0,0,0"
"ARMOR_ID_0760","踊火护腿α","leg","使用祭典票券【踊火】制作的脚部防具。驱散热浪的草鞋伴着盛夏翩翩起舞，将祈愿传递出去。","5","36","[2,-3,2,2,2]","踊火α","HunterSkill_221,1,HunterSkill_219,1,HunterSkill_114,1,HunterSkill_095,1,HunterSkill_087,1","1,1,0"
"ARMOR_ID_0761","潜水员面罩α","helm","使用潜水员票券制作的头部防具。得益于这件能在水下活动的装备，让人立刻就想要跃入水中。","5","36","[1,4,1,1,1]","潜水员α","HunterSkill_219,1,HunterSkill_116,2","2,0,0"
"ARMOR_ID_0762","潜水员服装α","body","使用潜水员票制作的身体防具。专为游泳而特别设计制造，采用了能紧贴身体的素材。","5","36","[1,4,1,1,1]","潜水员α","HunterSkill_219,1,HunterSkill_105,2,HunterSkill_106,1","1,1,0"
"ARMOR_ID_0763","潜水员腕甲α","arm","使用潜水员票制作的臂部防具。安装在右臂的装置即使在高水压环境也能正常运作，性能卓越。","5","36","[1,4,1,1,1]","潜水员α","HunterSkill_219,1,HunterSkill_116,1,HunterSkill_024,2","2,0,0"
"ARMOR_ID_0764","潜水员腰带α","waist","使用潜水员票制作的腰部防具。能够吊挂携带各种各样的工具，是水下探险的理想之选。","5","36","[1,4,1,1,1]","潜水员α","HunterSkill_219,1,HunterSkill_088,1,HunterSkill_105,1","1,1,1"
"ARMOR_ID_0765","潜水员靴α","leg","使用潜水员票制作的脚部防具。有着能够降低水中阻力的结构，即使在水下也能迅速移动。","5","36","[1,4,1,1,1]","潜水员α","HunterSkill_219,1,HunterSkill_088,1,HunterSkill_024,1","2,1,0"
"ARMOR_ID_0766","哥特幽魂头盔α","helm","使用祭典票券【梦灯】制作的头部防具。宝冠般的设计在秋夜寒月的照耀下，令人惧意横生。","5","36","[-3,2,2,2,2]","哥特幽魂α","HunterSkill_223,1,HunterSkill_219,1,HunterSkill_146,1,HunterSkill_116,1,HunterSkill_098,2","0,0,0"
"ARMOR_ID_0767","哥特幽魂铠甲α","body","使用祭典票券【梦灯】制作的身体防具。宛如拘束刑具一般的造型，即使秋夜寒雾也难掩其高贵气质。","5","36","[-3,2,2,2,2]","哥特幽魂α","HunterSkill_223,1,HunterSkill_219,1,HunterSkill_146,1,HunterSkill_098,1,HunterSkill_085,1","2,0,0"
"ARMOR_ID_0768","哥特幽魂腕甲α","arm","使用祭典票券【梦灯】制作的臂部防具。冰冷苍白的指尖与冰凉秋风一同拂过对手的颈侧。","5","36","[-3,2,2,2,2]","哥特幽魂α","HunterSkill_223,1,HunterSkill_219,1,HunterSkill_146,1,HunterSkill_085,1","2,1,0"
"ARMOR_ID_0769","哥特幽魂腰甲α","waist","使用祭典票券【梦灯】制作的腰部防具。蔷薇的香气在秋夜的残影里留下模糊的记忆。","5","36","[-3,2,2,2,2]","哥特幽魂α","HunterSkill_223,1,HunterSkill_219,1,HunterSkill_146,1,HunterSkill_116,2","0,0,0"
"ARMOR_ID_0770","哥特幽魂护腿α","leg","使用祭典票券【梦灯】制作的脚部防具。踟蹰不前的脚步声震慑着迷失在秋夜冷风中的灵魂。","5","36","[-3,2,2,2,2]","哥特幽魂α","HunterSkill_223,1,HunterSkill_219,1,HunterSkill_146,1,HunterSkill_098,2","1,1,0"
"ARMOR_ID_0771","收获头饰α","helm","使用收获票制作的头部防具。模仿司掌丰饶之精灵的装扮必将令众人惊喜不已。","5","36","[4,1,1,1,1]","收获α","HunterSkill_219,1,HunterSkill_060,1,HunterSkill_089,1","1,1,0"
"ARMOR_ID_0772","收获装甲α","body","使用收获票制作的身体防具。据说它能驱散恐惧，激发体内潜藏的力量。","5","36","[4,1,1,1,1]","收获α","HunterSkill_219,1,HunterSkill_060,1,HunterSkill_096,2","0,0,0"
"ARMOR_ID_0773","收获手套α","arm","使用收获票制作的臂部防具。经过特制药剂的处理后，据说寄宿着精灵的南瓜变得坚固无比。","5","36","[4,1,1,1,1]","收获α","HunterSkill_219,1,HunterSkill_025,2,HunterSkill_096,1,HunterSkill_099,2","0,0,0"
"ARMOR_ID_0774","收获护裙α","waist","使用收获票制作的腰部防具。据说挂在腰间的南瓜与人对上眼时，会露出诡异的笑容。","5","36","[4,1,1,1,1]","收获α","HunterSkill_219,1,HunterSkill_025,1,HunterSkill_099,1,HunterSkill_089,1","1,1,0"
"ARMOR_ID_0775","收获护腿α","leg","使用收获票制作的脚部防具。据说若有危险迫近，寄宿于大地的精灵便会发出警告。","5","36","[4,1,1,1,1]","收获α","HunterSkill_219,1,HunterSkill_025,2,HunterSkill_089,2","2,0,0"
"ARMOR_ID_0781","猎户星头饰α","helm","使用猎户星票制作的头部防具。古代圣人想将笑容赠送给全世界的愿望蕴藏于此。","8","66","[1,1,1,4,1]","猎户星α","HunterSkill_219,1,HunterSkill_102,2","3,3,1"
"ARMOR_ID_0782","猎户星服饰α","body","使用猎户星票制作的身体防具。兼具保暖性与防御力的装束，为穿着者提供了温暖与安心。","8","66","[1,1,1,4,1]","猎户星α","HunterSkill_219,1,HunterSkill_073,2,HunterSkill_069,1","2,2,2"
"ARMOR_ID_0783","猎户星腕甲α","arm","使用猎户星票制作的臂部防具。穿上冠以狩猎高手之名的腕甲，在极寒之地亦能自如挥动武器。","8","66","[1,1,1,4,1]","猎户星α","HunterSkill_219,1,HunterSkill_069,2,HunterSkill_073,1","3,2,1"
"ARMOR_ID_0784","猎户星护腰α","waist","使用猎户星票制作的腰部防具。点缀着晶莹雪花图案的祭祀专用华服，温暖着穿着者的身心。","8","66","[1,1,1,4,1]","猎户星α","HunterSkill_219,1,HunterSkill_072,1,HunterSkill_109,1","2,2,2"
"ARMOR_ID_0785","猎户星靴α","leg","使用猎户星票制作的脚部防具。设计精妙，纵使置身冰雪之上，亦能翩跹起舞、畅快嬉游。","8","66","[1,1,1,4,1]","猎户星α","HunterSkill_219,1,HunterSkill_072,2,HunterSkill_102,1","2,1,1"
"ARMOR_ID_0786","祭典头盔α","helm","使用祭典票券【祝谣】制作的头部防具。奢华的宝冠如同冬日晨曦，充盈着柔韧的威仪。","5","36","[2,2,2,-3,2]","祭典α","HunterSkill_225,1,HunterSkill_219,1,HunterSkill_063,1,HunterSkill_068,1","2,1,0"
"ARMOR_ID_0787","祭典铠甲α","body","使用祭典票券【祝谣】制作的身体防具。绚烂的铠甲如同冬日晨曦，笼罩着温暖的威光。","5","36","[2,2,2,-3,2]","祭典α","HunterSkill_225,1,HunterSkill_219,1,HunterSkill_058,1,HunterSkill_191,1,HunterSkill_081,1","1,0,0"
"ARMOR_ID_0788","祭典腕甲α","arm","使用祭典票券【祝谣】制作的臂部防具。鲜丽的指尖如同冬日晨曦，传递着敬爱与感恩。","5","36","[2,2,2,-3,2]","祭典α","HunterSkill_225,1,HunterSkill_219,1,HunterSkill_063,1,HunterSkill_138,1","2,0,0"
"ARMOR_ID_0789","祭典腰甲α","waist","使用祭典票券【祝谣】制作的腰部防具。庄重的腰甲如同冬日晨曦，充斥着绵绵慈爱。","5","36","[2,2,2,-3,2]","祭典α","HunterSkill_225,1,HunterSkill_219,1,HunterSkill_191,1,HunterSkill_068,1,HunterSkill_081,1","1,1,0"
"ARMOR_ID_0790","祭典护腿α","leg","使用祭典票券【祝谣】制作的脚部防具。壮丽的军靴在冬日晨曦中响起庄严脚步声。","5","36","[2,2,2,-3,2]","祭典α","HunterSkill_225,1,HunterSkill_219,1,HunterSkill_058,1,HunterSkill_138,1","2,0,0"
"ARMOR_ID_0796","鬼之念珠α","helm","修罗佩戴的念珠。他追求武道之极致，终其一生凝望顶点。（整套防具）","6","48","[3,-2,0,-2,3]","豪鬼α","HunterSkill_209,1,HunterSkill_091,1","2,2,1"
"ARMOR_ID_0797","鬼之外衣α","body","修罗穿着的上衣。他追求武道之极致，顶天立地岿然不动。（整套防具）","6","48","[3,-2,0,-2,3]","豪鬼α","HunterSkill_209,1,HunterSkill_100,3","3,1,0"
"ARMOR_ID_0798","鬼之草绳α","arm","修罗佩戴的粗草绳。他追求武道之极致，紧握的双拳溢出杀意之波动。（整套防具）","6","48","[3,-2,0,-2,3]","豪鬼α","HunterSkill_209,1,HunterSkill_091,1","2,2,1"
"ARMOR_ID_0799","鬼之腰带α","waist","修罗佩戴的腰带。他追求武道之极致，投身无数的死斗。（整套防具）","6","48","[3,-2,0,-2,3]","豪鬼α","HunterSkill_209,1,HunterSkill_075,2","3,1,0"
"ARMOR_ID_0800","鬼之下装α","leg","修罗穿着的下装。他追求武道之极致，纵使神之领域亦勇往直前。（整套防具）","6","48","[3,-2,0,-2,3]","豪鬼α","HunterSkill_209,1,HunterSkill_091,1","2,2,1"
"ARMOR_ID_0801","欧米茄耳夹α","helm","此头部防具的造型模仿了某个持续进化的自律兵器目前达成的极致形态。穿戴者会为了继续进化而开始观测。","8","68","[3,0,-3,2,-2]","欧米茄服装α","HunterSkill_237,1,HunterSkill_062,1,HunterSkill_068,1","3,2,0"
"ARMOR_ID_0802","欧米茄服α","body","此身体防具的造型模仿了某个持续进化的自律兵器目前达成的极致形态。穿戴者会不断渴望新的强敌。","8","68","[3,0,-3,2,-2]","欧米茄服装α","HunterSkill_237,1,HunterSkill_091,2","3,2,0"
"ARMOR_ID_0803","欧米茄护臂α","arm","此臂部防具的造型模仿了某个持续进化的自律兵器目前达成的极致形态。穿戴者会设法探明自己面对的威胁。","8","68","[3,0,-3,2,-2]","欧米茄服装α","HunterSkill_237,1,HunterSkill_058,1,HunterSkill_068,1","3,2,0"
"ARMOR_ID_0804","欧米茄饰品α","waist","此腰部防具的造型模仿了某个持续进化的自律兵器目前达成的极致形态。穿戴者会开始验证眼前的目标。","8","68","[3,0,-3,2,-2]","欧米茄服装α","HunterSkill_237,1,HunterSkill_114,1,HunterSkill_068,1","3,2,0"
"ARMOR_ID_0805","欧米茄腿α","leg","此脚部防具的造型模仿了某个持续进化的自律兵器目前达成的极致形态。穿戴者会在漫漫征途上永不止步。","8","68","[3,0,-3,2,-2]","欧米茄服装α","HunterSkill_237,1,HunterSkill_075,2","3,2,0"
"ARMOR_ID_0806","凶恶轻盔α","helm","被称为“暗黑骑士”的骑士穿戴的头部防具。驯服自身内心黑暗并不断战斗之人的漆黑证明。","8","68","[2,0,-2,0,3]","凶恶套装α","HunterSkill_236,1,HunterSkill_060,2,HunterSkill_064,2","1,1,0"
"ARMOR_ID_0807","凶恶胸甲α","body","被称为“暗黑骑士”的骑士穿戴的身体防具。舍弃曾经的荣耀，背负罪孽之人的漆黑证明。","8","68","[2,0,-2,0,3]","凶恶套装α","HunterSkill_236,1,HunterSkill_031,2,HunterSkill_063,2","2,0,0"
"ARMOR_ID_0808","凶恶手铠α","arm","被称为“暗黑骑士”的骑士穿戴的臂部防具。即便被斥为罪人也要追寻正义之人的漆黑证明。","8","68","[2,0,-2,0,3]","凶恶套装α","HunterSkill_236,1,HunterSkill_063,1,HunterSkill_064,1,HunterSkill_060,1","3,0,0"
"ARMOR_ID_0809","凶恶重足铠α","waist","被称为“暗黑骑士”的骑士穿戴的腰部防具。为了心中的信念，不惜犯下罪孽之人的漆黑证明。","8","68","[2,0,-2,0,3]","凶恶套装α","HunterSkill_236,1,HunterSkill_060,1,HunterSkill_025,2","3,2,1"
"ARMOR_ID_0810","凶恶锁甲靴α","leg","被称为“暗黑骑士”的骑士穿戴的脚部防具。哪怕沉入暗影，也不放弃守护职责之人的漆黑证明。","8","68","[2,0,-2,0,3]","凶恶套装α","HunterSkill_236,1,HunterSkill_060,1,HunterSkill_063,2","2,0,0"
"ARMOR_ID_0811","封印的眼罩α","helm","加工商特制的头部防具。闪烁着黑色光泽的布料昭示着它绝非凡品……","7","60","[3,2,0,2,0]","封印的眼罩α","HunterSkill_077,2","3,3,0"
"ARMOR_ID_0812","墨镜α","helm","彰显加工商匠心的头部防具。无论是采集、狩猎还是搬运，戴上它都能令人保持高冷，喜怒不形于色。","7","60","[4,0,4,2,0]","墨镜α","HunterSkill_086,3,HunterSkill_136,1","3,0,0"
"ARMOR_ID_0813","知性眼镜α","helm","由杰玛和阿孜兹的石氏族联手制作的眼镜。知性的设计被使用者誉为传世之作。","6","48","[2,2,2,2,2]","知性眼镜α","HunterSkill_090,3","2,1,1"
"ARMOR_ID_0814","艾露猫头套α","helm","仿照艾露猫的脸制作而成的头套。毛发质感拟真，是备受肯定的杰作。","5","36","[2,2,2,2,2]","艾露猫头套α","HunterSkill_130,5","0,0,0"
"ARMOR_ID_0815","辟兽头套α","helm","精巧还原辟兽头部的头部防具。戴上后将散发出与真正辟兽毫无二致的威压。","6","48","[-3,2,-1,-1,4]","辟兽头套α","HunterSkill_175,1,HunterSkill_168,1,HunterSkill_063,2,HunterSkill_065,1,HunterSkill_069,1","0,0,0"
"ARMOR_ID_0816","骷髅面罩α","helm","头骨造型的头部防具，可以用来扮演亡者。据说它能令佩戴者的感官更加敏锐，甚至听见冥界的呼唤。","8","66","[-3,-1,-1,-1,2]","骷髅面罩α","HunterSkill_139,3,HunterSkill_072,3","2,0,0"
"ARMOR_ID_0817","泡歌鸮α","helm","泡歌鸮布偶。试制版曾附带吐泡泡的功能，但因为用户评价不佳而惨遭删除……","5","36","[-2,2,1,-2,3]","泡歌鸮α","HunterSkill_165,1,HunterSkill_098,2,HunterSkill_076,1","0,0,0"
"ARMOR_ID_0818","封印的龙骸布α","helm","据说曾用于包裹古龙种遗骸的布匹。为了阻止它带来新的灾厄，人们用秘法封印了古龙的魂魄。","6","48","[-3,0,0,1,5]","封印的龙骸布α","HunterSkill_060,2,HunterSkill_081,3","0,0,0"
"ARMOR_ID_0819","圆框眼镜α","helm","只需戴上即可晋升时尚达人的眼镜。华丽的有色镜片将给狩猎和调查带来别样的乐趣。","7","60","[0,4,2,0,4]","圆框眼镜α","HunterSkill_082,3","1,1,0"
"ARMOR_ID_0820","方形眼镜α","helm","只需戴上即可风度逼人的眼镜。舒适的佩戴感，无论是狩猎还是私人时间都将带来无与伦比的体验。","6","48","[2,2,2,2,2]","方形眼镜α","HunterSkill_089,4,HunterSkill_126,1","1,1,0"
"ARMOR_ID_0824","单羽项链α","body","由一根漂亮的羽毛制成的项链。恰如肩上调查队纹章中的飞鸟，承载着引导猎人之路的祈愿。","7","60","[0,0,0,0,0]","单羽项链α","HunterSkill_100,2,HunterSkill_058,1","0,0,0"
"ARMOR_ID_0825","启程的鹰之心α","body","承载着杰玛对旅途的回忆的夹克。坚毅而温暖地给予穿着者前进的动力。","6","48","[0,0,0,0,0]","启程的鹰之心α","HunterSkill_025,4,HunterSkill_031,2","1,0,0"
"ARMOR_ID_0826","下半框眼镜α","helm","只需戴上即可清爽帅气的眼镜。轻巧半框，不碍视野，无论狩猎还是日常都能帅气自如。","6","48","[2,2,2,2,2]","下半框眼镜α","HunterSkill_098,5","1,0,0"
"ARMOR_ID_0827","心形眼镜α","helm","只需戴上即会艳丽动人的眼镜。可爱的镜框将给狩猎和调查带来别样的乐趣。","6","48","[4,0,4,0,2]","心形眼镜α","HunterSkill_096,3","1,0,0"
"ARMOR_ID_0828","胶鲵头套α","helm","精巧还原了胶鲵头部造型的头部防具。它看似脑袋空空，实际上……也确实让人脑袋空空。","8","66","[4,2,-4,-2,0]","胶鲵α","HunterSkill_164,1,HunterSkill_071,2,HunterSkill_105,1,HunterSkill_099,1","3,1,1"
"ARMOR_ID_0829","肉垫手套α","arm","完美再现艾露猫毛绒绒小手的手套。造型可爱，还兼顾了能握持武器的实用性。","7","60","[2,2,2,2,2]","肉垫手套α","HunterSkill_097,3,HunterSkill_095,3","1,0,0"
"ARMOR_ID_0833","泪滴墨镜α","helm","戴上就能营造强悍气场的墨镜。硬派的镜框设计，尽显老练可靠的风范。","8","66","[2,2,2,2,2]","泪滴墨镜α","HunterSkill_073,3,HunterSkill_138,2","1,1,1"
"ARMOR_ID_0834","猫眼眼镜α","helm","戴上就能展现神秘气质的眼镜。神秘感十足的镜框设计，展现与平日不同的自己。","8","66","[2,0,4,0,4]","猫眼眼镜α","HunterSkill_116,3,HunterSkill_076,2,HunterSkill_103,1","0,0,0"
"ARMOR_ID_0835","祝福腰饰α","waist","为庆贺狩猎平安与兴旺制成的腰部防具。每一环交织的锁链中，皆精心编入了虔诚的祝福与保佑。","8","66","[2,2,0,-2,3]","祝福腰饰α","HunterSkill_025,4,HunterSkill_068,3","3,0,0"
"ARMOR_ID_0836","精力充沛森狸人α","helm","森狸人被猎人持有的精品收藏吸引而攀附头上，它会随心指向自己想去的方向。","8","66","[2,2,2,2,2]","精力充沛森狸人α","HunterSkill_168,1,HunterSkill_096,3,HunterSkill_072,2,HunterSkill_134,2","0,0,0"
"ARMOR_ID_0839","分析之眼α","helm","赛博风格十足的眼镜。镜片会显示出各种信息，体验具有未来感的狩猎。","8","66","[4,2,4,0,0]","分析之眼α","HunterSkill_062,2","2,2,0"
"ARMOR_ID_0840","炫光护目镜α","helm","炫酷的护目镜。上面的特殊涂层是其最大的特征，能够潇洒面对任何环境。","8","66","[0,0,2,4,4]","炫光护目镜α","HunterSkill_075,4","3,0,0"
"ARMOR_ID_0841","胶鲵背包α","body","还原了胶鲵造型的背包。由于弹性极好，因此意外地能装，什么都能往它的……对，往它嘴里丢。","8","66","[4,2,-4,-2,0]","胶鲵α","HunterSkill_164,1,HunterSkill_071,1,HunterSkill_105,2,HunterSkill_099,2","3,1,0"