id,name,type,description,sortId,skills,slots,rarity,attack,critical,defense,attribute,attributeValue,subattribute,subattributeValue,sharpness,takumi
"Bow_000","希望之弓Ⅰ","bow","为调查东部地区而特别制作的弓。通过对箭矢进行特殊处理，可以应对各种情况。","0","","0,0,0","1","90","0","0","","","","","",""
"Bow_001","希望之弓Ⅱ","bow","为调查东部地区而特别制作的弓。通过对箭矢进行特殊处理，可以应对各种情况。","1","HunterSkill_019,1","0,0,0","1","100","0","0","","","","","",""
"Bow_002","希望之弓Ⅲ","bow","为调查东部地区而特别制作的弓。通过对箭矢进行特殊处理，可以应对各种情况。","2","HunterSkill_019,1,HunterSkill_001,1","0,0,0","3","130","0","0","","","","","",""
"Bow_003","希望之弓Ⅳ","bow","为调查东部地区而特别制作的弓。通过对箭矢进行特殊处理，可以应对各种情况。","3","HunterSkill_019,2,HunterSkill_001,1","2,1,0","5","160","0","0","","","","","",""
"Bow_004","希望之弓Ⅴ","bow","为调查东部地区而特别制作的弓。通过对箭矢进行特殊处理，可以应对各种情况。","4","HunterSkill_019,3,HunterSkill_001,1","3,2,0","7","190","0","0","","","","","",""
"Bow_008","虚无之弓Ⅰ","bow","使用暗器蛸素材制成的弓。手感柔软，即使是细小的龟裂和缝隙，也能轻易射入。","22","HunterSkill_022,2","1,0,0","4","160","0","0","water","11","","","",""
"Bow_009","虚无之弓Ⅱ","bow","使用暗器蛸素材制成的弓。手感柔软，即使是细小的龟裂和缝隙，也能轻易射入。","23","HunterSkill_022,3","2,1,0","6","190","0","0","water","13","","","",""
"Bow_010","布斯威尔之暗弓","bow","虚无之弓的强化版，与暗夜融为一体。一旦被潜伏在阴影里的捕食者盯上，就没有任何逃脱的可能。","24","HunterSkill_022,3","3,2,1","8","230","0","0","water","15","","","",""
"Bow_016","煌雷弓Ⅰ","bow","带有煌雷龙雷电的弓。即使释放出千万雷击，箭矢的力量依然不减。","13","HunterSkill_022,1,HunterSkill_037,1","0,0,0","3","140","0","0","elec","9","","","",""
"Bow_017","煌雷弓Ⅱ","bow","带有煌雷龙雷电的弓。即使释放出千万雷击，箭矢的力量依然不减。","14","HunterSkill_022,1,HunterSkill_037,1","2,1,0","5","170","0","0","elec","11","","","",""
"Bow_018","煌雷弓Ⅲ","bow","带有煌雷龙雷电的弓。即使释放出千万雷击，箭矢的力量依然不减。","15","HunterSkill_022,2,HunterSkill_037,1","3,2,0","7","200","0","0","elec","13","","","",""
"Bow_019","煌雷霹雳弓","bow","经过强化的煌雷弓。电闪雷鸣，万道光芒裂空，破坏之力点燃黄昏之荒野。","16","HunterSkill_022,2,HunterSkill_037,1","3,2,1","8","220","0","0","elec","15","","","",""
"Bow_024","弓箭箕宿一Ⅰ","bow","融入千刃龙敏捷而锐利的运动性能所打造的弓。射出的箭矢宛如利刃，锐不可当，贯穿猎物。","109","HunterSkill_218,1","3,2,0","7","190","25","0","","","","","",""
"Bow_025","叛弓箕宿一","bow","弓箭箕宿一的强化版。此乃在变革掀起之日，讨伐了统治大国的暴君的反抗大弓。","110","HunterSkill_218,1","3,2,1","8","210","25","0","","","","","",""
"Bow_029","风甲弓Ⅰ","bow","使用风铗龙的素材组成的大弓。风帆般张开的皮膜能够承接风力，带给箭矢更强的推进力。","25","HunterSkill_022,2,HunterSkill_055,1","0,0,0","3","140","0","0","ice","9","","","",""
"Bow_030","风甲弓Ⅱ","bow","使用风铗龙的素材组成的大弓。风帆般张开的皮膜能够承接风力，带给箭矢更强的推进力。","26","HunterSkill_022,2,HunterSkill_055,1","2,1,0","5","170","0","0","ice","11","","","",""
"Bow_031","风甲弓Ⅲ","bow","使用风铗龙的素材组成的大弓。风帆般张开的皮膜能够承接风力，带给箭矢更强的推进力。","27","HunterSkill_022,3,HunterSkill_055,1","3,2,0","7","200","0","0","ice","13","","","",""
"Bow_032","射蚀风甲弓","bow","反复强化后的风甲弓。带上战场总会有顺风相伴，射出的箭矢百发百中。","28","HunterSkill_022,3,HunterSkill_055,1","3,2,1","8","220","0","0","ice","15","","","",""
"Bow_037","炎尾弓Ⅰ","bow","使用炎尾龙素材制作的弓。拉弓时磨具会与箭头摩擦，化为火焰箭射向猎物。","17","HunterSkill_022,1","0,0,0","1","100","5","0","fire","7","","","",""
"Bow_038","炎尾弓Ⅱ","bow","使用炎尾龙素材制作的弓。拉弓时磨具会与箭头摩擦，化为火焰箭射向猎物。","18","HunterSkill_022,2","0,0,0","3","140","5","0","fire","9","","","",""
"Bow_039","炎尾弓Ⅲ","bow","使用炎尾龙素材制作的弓。拉弓时磨具会与箭头摩擦，化为火焰箭射向猎物。","19","HunterSkill_022,2","2,1,0","5","170","5","0","fire","11","","","",""
"Bow_040","炎尾弓Ⅳ","bow","使用炎尾龙素材制作的弓。拉弓时磨具会与箭头摩擦，化为火焰箭射向猎物。","20","HunterSkill_022,3","3,2,0","7","210","5","0","fire","13","","","",""
"Bow_041","燎火炎尾弓","bow","强化型的炎尾弓，射出的箭矢会带着热风飞来，将射穿的猎物由内至外焚烧殆尽。","21","HunterSkill_022,3","3,2,1","8","220","5","0","fire","15","","","",""
"Bow_045","龙穿弓Ⅰ","bow","有齿轮结构，构造复杂的弓。轻轻施力即可拉开，但威力足以贯穿飞龙的鳞片。","9","HunterSkill_197,1","0,0,0","2","120","0","0","","","","","",""
"Bow_046","龙穿弓Ⅱ","bow","有齿轮结构，构造复杂的弓。轻轻施力即可拉开，但威力足以贯穿飞龙的鳞片。","10","HunterSkill_197,2","1,0,0","4","160","0","0","","","","","",""
"Bow_047","龙穿弓Ⅲ","bow","有齿轮结构，构造复杂的弓。轻轻施力即可拉开，但威力足以贯穿飞龙的鳞片。","11","HunterSkill_197,3","2,1,0","6","190","0","0","","","","","",""
"Bow_048","真·龙穿弓","bow","工房匠人倾全力打造，全身均以稀有钢铁强化的龙穿弓。具有无法防御的强大贯穿力。","12","HunterSkill_197,3","3,2,1","8","220","0","0","","","","","",""
"Bow_053","白炎弓Ⅰ","bow","以护火龙素材制作的弓。能带给持有者如熊熊烈火一般绝不屈服的斗志。","6","HunterSkill_003,1,HunterSkill_019,1","1,0,0","4","160","15","0","fire","11","","","",""
"Bow_054","白炎弓Ⅱ","bow","以护火龙素材制作的弓。能带给持有者如熊熊烈火一般绝不屈服的斗志。","7","HunterSkill_003,2,HunterSkill_019,1","2,1,0","6","180","15","0","fire","13","","","",""
"Bow_055","冕耀之弓","bow","强化后的白炎弓。在皓白之力的涌流中，可以感受到高贵的王者之魂。","8","HunterSkill_003,2,HunterSkill_019,1","3,2,1","8","210","15","0","fire","15","","","",""
"Bow_061","烈阳弓Ⅰ","bow","穿破坚硬的甲壳，贯穿肉体，能射出如烈风般箭矢的火龙刚弓。极具威胁性的技术结晶。","65","HunterSkill_002,3","2,1,0","6","180","10","0","fire","16","","","",""
"Bow_062","日珥弓","bow","寄宿了不祥火炎的刚弓，烈阳弓的强化版。箭矢化为业火将目标焚烧殆尽。","66","HunterSkill_002,3","3,2,1","8","200","10","0","fire","20","","","",""
"Bow_066","女王猎弓Ⅰ","bow","用雌火龙的甲壳为骨架制成的深绿色猎弓。姿态优美宛如女王的肢体。","62","HunterSkill_197,2,HunterSkill_141,1","2,1,0","5","160","15","0","fire","11","","","",""
"Bow_067","女王猎弓Ⅱ","bow","用雌火龙的甲壳为骨架制成的深绿色猎弓。姿态优美宛如女王的肢体。","63","HunterSkill_197,3,HunterSkill_141,1","3,2,0","7","190","15","0","fire","13","","","",""
"Bow_068","女王旋律","bow","轻舞于大地的女王之弓，强化形态的女王猎弓。其危险的造型美俘获人心。","64","HunterSkill_197,3,HunterSkill_141,1","3,2,1","8","210","15","0","fire","15","","","",""
"Bow_071","影蜘蛛柔韧弓Ⅰ","bow","强韧的影蜘蛛之弓。搭弦之矢能以瞠目结舌的破坏力击中目标。","41","HunterSkill_048,1,HunterSkill_022,1","0,0,0","3","120","20","0","","","","","",""
"Bow_072","影蜘蛛柔韧弓Ⅱ","bow","强韧的影蜘蛛之弓。搭弦之矢能以瞠目结舌的破坏力击中目标。","42","HunterSkill_048,1,HunterSkill_022,1","2,1,0","5","150","20","0","","","","","",""
"Bow_073","影蜘蛛柔韧弓Ⅲ","bow","强韧的影蜘蛛之弓。搭弦之矢能以瞠目结舌的破坏力击中目标。","43","HunterSkill_048,2,HunterSkill_022,1","3,2,0","7","180","20","0","","","","","",""
"Bow_074","影蜘蛛柔韧弯弓","bow","影蜘蛛柔韧弓的强化型。柔软的素材及经过力学计算的弯曲度，造就了此完成版。","44","HunterSkill_048,2,HunterSkill_022,1","3,2,1","8","210","20","0","","","","","",""
"Bow_079","辟虐弓Ⅰ","bow","使用辟兽的骨制成的战弓。射出的箭矢会不断贪婪地追踪猎物。","45","HunterSkill_033,1","0,0,0","2","140","-5","20","","","","","",""
"Bow_080","辟虐弓Ⅱ","bow","使用辟兽的骨制成的战弓。射出的箭矢会不断贪婪地追踪猎物。","46","HunterSkill_033,2","1,1,0","4","180","-5","20","","","","","",""
"Bow_081","辟虐弓Ⅲ","bow","使用辟兽的骨制成的战弓。射出的箭矢会不断贪婪地追踪猎物。","47","HunterSkill_033,3","2,2,0","6","210","-5","20","","","","","",""
"Bow_087","护辟虐弓Ⅰ","bow","以护辟兽素材制作的弓。面对拦路之辈无需留情，以残虐将其埋葬于大地！","54","HunterSkill_019,1,HunterSkill_037,1","1,0,0","4","180","-15","0","","","","","",""
"Bow_088","护辟虐弓Ⅱ","bow","以护辟兽素材制作的弓。面对拦路之辈无需留情，以残虐将其埋葬于大地！","55","HunterSkill_019,2,HunterSkill_037,1","2,2,0","6","220","-15","0","","","","","",""
"Bow_089","狂暴护辟虐弓","bow","强化后的护辟虐弓。手持此武器之人将成为狂暴的化身，被破坏的冲动所支配。","56","HunterSkill_019,2,HunterSkill_037,1","3,3,1","8","250","-15","0","","","","","",""
"Bow_095","猎弓Ⅰ","bow","使用柔韧的骨素材制作的简易弓。弓弦易拉，以好上手而著称。","29","HunterSkill_022,1","0,0,0","1","110","0","0","","","","","",""
"Bow_096","猎弓Ⅱ","bow","使用柔韧的骨素材制作的简易弓。弓弦易拉，以好上手而著称。","30","HunterSkill_022,1,HunterSkill_000,1","0,0,0","2","130","0","0","","","","","",""
"Bow_097","猎弓Ⅲ","bow","使用柔韧的骨素材制作的简易弓。弓弦易拉，以好上手而著称。","31","HunterSkill_022,2,HunterSkill_000,1","1,0,0","4","170","0","0","","","","","",""
"Bow_098","猎弓Ⅳ","bow","使用柔韧的骨素材制作的简易弓。弓弦易拉，以好上手而著称。","32","HunterSkill_022,3,HunterSkill_000,1","2,1,0","6","200","0","0","","","","","",""
"Bow_099","强力猎弓","bow","通过反复改良提高性能的猎弓。搭于弦上的箭，威力绝不可小觑。","33","HunterSkill_022,3,HunterSkill_000,1","3,2,1","8","230","0","0","","","","","",""
"Bow_103","护雷白弓Ⅰ","bow","使用护雷颚龙素材制作的弓。唯有能以理性抑制蛮勇之力者方可使用。","60","HunterSkill_003,3","2,1,0","6","180","15","0","elec","16","","","",""
"Bow_104","闪电护雷弓","bow","护雷白弓的强化版，具备强大到足以扭曲常理的力量。如果沉溺于这份力量，将会自取灭亡。","61","HunterSkill_003,3","3,2,1","8","200","15","0","elec","20","","","",""
"Bow_108","波涛弓Ⅰ","bow","使用波衣龙素材制作的弓。制作时倾注了感谢自然万物之意，会给弓弦上的箭施加保护。","34","HunterSkill_197,2","0,0,0","3","160","-20","0","water","10","","","",""
"Bow_109","波涛弓Ⅱ","bow","使用波衣龙素材制作的弓。制作时倾注了感谢自然万物之意，会给弓弦上的箭施加保护。","35","HunterSkill_197,2","2,1,0","5","190","-20","0","water","14","","","",""
"Bow_110","波涛弓Ⅲ","bow","使用波衣龙素材制作的弓。制作时倾注了感谢自然万物之意，会给弓弦上的箭施加保护。","36","HunterSkill_197,3","3,2,0","7","220","-20","0","water","17","","","",""
"Bow_111","狂澜波涛弓","bow","波涛弓的强化版。大自然的气息会托起箭矢，带来荣光。","37","HunterSkill_197,3","3,2,1","8","240","-20","0","water","20","","","",""
"Bow_116","视野of失落Ⅰ","bow","形如黑蚀龙的威武大弓。射出的箭矢缠绕着无尽的绝望，甚至能将光芒粉碎殆尽。","67","HunterSkill_003,3","3,2,0","7","180","20","0","dragon","12","","","",""
"Bow_117","视野of绝望","bow","支配混沌的视野of失落强化版。它射出的箭矢将消灭光芒，于大地上创造出黑暗的世界。","68","HunterSkill_003,3","3,2,1","8","210","20","0","dragon","15","","","",""
"Bow_121","强力狂野弓Ⅰ","bow","以高威力而自豪的桃毛兽王之猎弓。弓弦非常沉重，力气不够是拉不开的。","38","HunterSkill_037,1","0,0,0","2","120","5","0","","","","","",""
"Bow_122","强力狂野弓Ⅱ","bow","以高威力而自豪的桃毛兽王之猎弓。弓弦非常沉重，力气不够是拉不开的。","39","HunterSkill_037,1,HunterSkill_048,1","2,1,0","5","170","5","0","","","","","",""
"Bow_123","密林射猎弓","bow","强力狂野弓的强化型。射出的每一箭都能射穿遮挡的树木，轻易捕捉到猎物。","40","HunterSkill_037,2,HunterSkill_048,1","3,3,1","8","220","5","0","","","","","",""
"Bow_129","雪狮毗湿奴弓Ⅰ","bow","如雪狮子王的尾巴般柔韧颀长的弓。特殊构造的箭筒可以使寒气缠绕箭矢。","69","HunterSkill_197,3","2,1,0","6","200","-10","0","ice","11","","","",""
"Bow_130","狮王毗湿奴弓","bow","强化后更强劲也更柔韧的雪狮毗湿奴弓。据说它射出的箭矢连太阳都能击落。","70","HunterSkill_197,3","3,2,1","8","230","-10","0","ice","15","","","",""
"Bow_134","鸟币弓Ⅰ","bow","使用了怪鸟素材的猎弓，可射出火焰。其操作容易，受到好评。","57","HunterSkill_048,2","2,1,0","5","170","0","0","fire","23","","","",""
"Bow_135","鸟币弓Ⅱ","bow","使用了怪鸟素材的猎弓，可射出火焰。其操作容易，受到好评。","58","HunterSkill_048,3","3,2,0","7","190","0","0","fire","27","","","",""
"Bow_136","怪鸟币弓","bow","强化后的鸟币弓，化为连飞龙也能射下的狩猎弓。缠绕怪鸟之炎的箭驰骋于天空。","59","HunterSkill_048,3","3,2,1","8","200","0","0","fire","30","","","",""
"Bow_139","护锁刃弓Ⅰ","bow","以护龙素材制作的弓。用力拉弓时，手会感受到弓的鼓动，使感官变得更敏锐。","49","HunterSkill_022,2","1,1,0","4","170","-10","0","dragon","9","","","",""
"Bow_140","护锁刃弓Ⅱ","bow","以护龙素材制作的弓。用力拉弓时，手会感受到弓的鼓动，使感官变得更敏锐。","50","HunterSkill_022,2","2,2,0","6","210","-10","0","dragon","12","","","",""
"Bow_141","护锁刃弓·特里斯坦","bow","经过强化的护锁刃弓。据说获得这件武器的人，都将获得足以留名青史的荣光。","51","HunterSkill_022,2","3,3,1","8","240","-10","0","dragon","15","","","",""
"Bow_147","锁刃弓Ⅰ","bow","使用锁刃龙素材制作的弓。据说此弓曾为古代骑士所用，在众多地区留下了屠龙传说。","52","HunterSkill_022,3","3,2,0","7","200","0","0","dragon","16","","","",""
"Bow_160","机械弓Ⅰ","bow","由发现的武器碎片组成的古代战弓。其构造模仿了生物的腿，但缘何如此却仍是未解之谜。","100","","2,2,2","6","170","5","0","","","","","",""
"Bow_161","机械弓Ⅱ","bow","由发现的武器碎片组成的古代战弓。其构造模仿了生物的腿，但缘何如此却仍是未解之谜。","101","","2,2,2","7","180","5","0","","","","","",""
"Bow_165","天使之足","bow","有着潜藏性能的太古战弓。从其往昔之影射出的每一箭，就如同对背信者的天罚。","102","","3,3,3","8","190","5","0","","","","","",""
"Bow_168","白炽弓萨麦尔Ⅰ","bow","由白炽龙素材锻造，冠以至纯荣誉之名的长弓。其箭矢划破长空，伴随敌意倾泻而下。","103","HunterSkill_204,1","3,2,0","7","210","5","0","dragon","10","","","",""
"Bow_169","炽光弓萨麦尔","bow","萨麦尔自天上传下意志——渴求荣光的堕落之辈啊，吾之弓弦将抵御天下一切威光。","104","HunterSkill_204,1","3,2,1","8","220","5","0","dragon","14","","","",""
"Bow_172","期冀之弓","bow","通过实地调查而改良的希望之弓。即便希望远去遥不可及，箭矢亦能百步穿杨，直中希望。","5","HunterSkill_019,3,HunterSkill_001,1","3,2,1","8","220","0","0","","","","","",""
"Bow_173","卡利斯托辟虐弓","bow","不断寻求猎物的强化版辟虐弓。被此弓瞄准的对象，会被不依不饶地追杀至死。","48","HunterSkill_033,3","3,3,1","8","240","-5","20","","","","","",""
"Bow_174","锁刃弓·特里斯坦","bow","锁刃弓的强化版。射出的箭矢仿佛能接受射手意志的引导，直接射穿龙的要害。","53","HunterSkill_022,3","3,2,1","8","220","0","0","dragon","20","","","",""
"Bow_175","狐弓【露湿乱世情】Ⅰ","bow","一直支持着恋人的公主所遗留的风雅之弓。飞散而出的水滴之箭将化作天上的慈雨。","106","HunterSkill_202,2,HunterSkill_003,1","2,1,0","6","180","15","0","water","13","","","",""
"Bow_176","投箭远弓之真弦","bow","狐弓【露湿乱世情】强化型。风雅之弓的慈雨，终将化成遮住月亮的黑雨，倾注而下。","107","HunterSkill_202,3,HunterSkill_003,1","3,2,1","8","210","15","0","water","19","","","",""
"Bow_180","雷光弓Ⅰ","bow","用海龙的柔软素材制成的狩猎弓。漩涡状的弓腹可加强箭矢射出时的推力。","112","HunterSkill_214,1,HunterSkill_197,2","3,2,0","7","200","0","0","elec","20","","","",""
"Bow_181","高压雷光弓","bow","内置带电机构的强化型雷光弓。能伴随高压电流高速射出箭矢。","113","HunterSkill_214,1,HunterSkill_197,2","3,2,1","8","220","0","0","elec","25","","","",""
"Bow_185","亡国的丘比特之足","bow","吞噬隐藏性能的异形之悲叹。往昔忏悔所渴求的乃是夙愿所致的天罚降临。","114","","3,3,3","8","200","-10","0","","","","","",""
"Bow_186","亡国的丘比特之足","bow","吞噬隐藏性能的异形之悲叹。往昔忏悔所渴求的乃是夙愿所致的天罚降临。","115","","3,3,3","8","180","15","0","","","","","",""
"Bow_188","苍世龙弓","bow","让人联想到璀璨苍蓝星的弓。有所觉悟的猎人拿在手上，心中就会涌现坚毅勇敢的苍蓝精神。","117","HunterSkill_243,1,HunterSkill_003,2","3,2,0","7","190","25","0","water","25","","","",""
"Bow_189","苍世龙弓【天翔】","bow","在勇猛猎人手中获得升华的苍世龙弓。离弦的璀璨之箭，宛若翱翔天际之龙。","118","HunterSkill_243,1,HunterSkill_003,2","3,2,1","8","210","25","0","water","30","","","",""
"Bow_193","亡国的丘比特之足","bow","吞噬隐藏性能的异形之悲叹。往昔忏悔所渴求的乃是夙愿所致的天罚降临。","116","","3,3,3","8","190","0","0","","","","","",""
"ChargeAxe_000","希望兵装Ⅰ","charge-axe","为调查东部地区而特别制作的盾斧。盾牌的功能可不单单是格挡。灌注力量，释放它的威力吧！","0","","0,0,0","1","90","0","0","","","","","50,60,40,50,0,0,0","50,0,0,0"
"ChargeAxe_001","希望兵装Ⅱ","charge-axe","为调查东部地区而特别制作的盾斧。盾牌的功能可不单单是格挡。灌注力量，释放它的威力吧！","1","HunterSkill_046,1","0,0,0","1","100","0","0","","","","","40,50,50,60,0,0,0","50,0,0,0"
"ChargeAxe_002","希望兵装Ⅲ","charge-axe","为调查东部地区而特别制作的盾斧。盾牌的功能可不单单是格挡。灌注力量，释放它的威力吧！","2","HunterSkill_046,1,HunterSkill_001,1","0,0,0","3","130","0","0","","","","","50,60,60,80,0,0,0","50,0,0,0"
"ChargeAxe_003","希望兵装Ⅳ","charge-axe","为调查东部地区而特别制作的盾斧。盾牌的功能可不单单是格挡。灌注力量，释放它的威力吧！","3","HunterSkill_046,2,HunterSkill_001,1","2,1,0","5","160","0","0","","","","","50,60,70,70,50,0,0","50,0,0,0"
"ChargeAxe_004","希望兵装Ⅴ","charge-axe","为调查东部地区而特别制作的盾斧。盾牌的功能可不单单是格挡。灌注力量，释放它的威力吧！","4","HunterSkill_046,2,HunterSkill_001,1","3,2,0","7","190","0","0","","","","","50,60,60,80,50,50,0","50,0,0,0"
"ChargeAxe_005","骨制兵装Ⅰ","charge-axe","加工骨头所得的盾斧。为了发挥素材的强韧度，有意避免了复杂纤细的设计。","34","HunterSkill_036,1","0,0,0","1","110","0","0","","","","","50,80,70,0,0,0,0","40,10,0,0"
"ChargeAxe_006","骨制兵装Ⅱ","charge-axe","加工骨头所得的盾斧。为了发挥素材的强韧度，有意避免了复杂纤细的设计。","35","HunterSkill_036,1,HunterSkill_000,1","0,0,0","2","130","0","0","","","","","50,50,100,0,0,0,0","20,30,0,0"
"ChargeAxe_007","骨制兵装Ⅲ","charge-axe","加工骨头所得的盾斧。为了发挥素材的强韧度，有意避免了复杂纤细的设计。","36","HunterSkill_036,2,HunterSkill_000,1","1,0,0","4","170","0","0","","","","","50,70,100,30,0,0,0","50,0,0,0"
"ChargeAxe_008","骨制兵装Ⅳ","charge-axe","加工骨头所得的盾斧。为了发挥素材的强韧度，有意避免了复杂纤细的设计。","37","HunterSkill_036,2,HunterSkill_000,1","2,1,0","6","200","0","0","","","","","50,70,80,100,0,0,0","50,0,0,0"
"ChargeAxe_009","硬骨兵装","charge-axe","精选硬质的骨进行强化后的骨制兵装。保留良好手感，进一步提升了威力。","38","HunterSkill_036,2,HunterSkill_000,2","3,2,1","8","230","0","0","","","","","50,60,70,70,100,0,0","50,0,0,0"
"ChargeAxe_010","混铅盾斧Ⅰ","charge-axe","大量流通的新手用盾斧。因为是量产型，略微有些粗糙，但坚固且易用。","9","HunterSkill_047,1","0,0,0","2","120","0","0","","","","","30,40,90,40,0,0,0","50,0,0,0"
"ChargeAxe_011","混铅盾斧Ⅱ","charge-axe","大量流通的新手用盾斧。因为是量产型，略微有些粗糙，但坚固且易用。","10","HunterSkill_047,2","1,0,0","4","160","0","0","","","","","30,60,90,70,0,0,0","50,0,0,0"
"ChargeAxe_012","混铅盾斧Ⅲ","charge-axe","大量流通的新手用盾斧。因为是量产型，略微有些粗糙，但坚固且易用。","11","HunterSkill_047,3","2,1,0","6","190","0","0","","","","","30,70,90,60,50,0,0","50,0,0,0"
"ChargeAxe_013","合金盾斧","charge-axe","以多种金属互相配合，提高了使用性能。保留原本的手感，进一步加强了破坏力。","12","HunterSkill_047,3","3,2,1","8","220","0","0","","","","","30,60,90,70,50,50,0","50,0,0,0"
"ChargeAxe_014","缠蛙兵装Ⅰ","charge-axe","使用缠蛙的素材和骨制成的盾斧。变形的关键部件得到了包裹，稳定性得以提高。","24","HunterSkill_026,1","0,0,0","1","110","0","15","","","","","50,20,110,20,0,0,0","50,0,0,0"
"ChargeAxe_015","缠蛙兵装Ⅱ","charge-axe","使用缠蛙的素材和骨制成的盾斧。变形的关键部件得到了包裹，稳定性得以提高。","25","HunterSkill_026,1,HunterSkill_035,1","0,0,0","3","150","0","15","","","","","80,20,120,30,0,0,0","50,0,0,0"
"ChargeAxe_016","缠蛙兵装Ⅲ","charge-axe","使用缠蛙的素材和骨制成的盾斧。变形的关键部件得到了包裹，稳定性得以提高。","26","HunterSkill_026,2,HunterSkill_035,1","2,1,0","5","180","0","15","","","","","70,30,110,80,10,0,0","50,0,0,0"
"ChargeAxe_017","缠蛙兵装Ⅳ","charge-axe","使用缠蛙的素材和骨制成的盾斧。变形的关键部件得到了包裹，稳定性得以提高。","27","HunterSkill_026,2,HunterSkill_035,1","3,2,0","7","200","0","15","","","","","60,20,120,100,50,0,0","50,0,0,0"
"ChargeAxe_018","刺花盾斧Ⅰ","charge-axe","布满了刺花蜘蛛纤维的盾斧。斩击带有麻痹属性，绝不会放走任何到手猎物。","50","HunterSkill_029,1","0,0,0","1","100","10","0","paralyse","10","","","50,50,40,60,0,0,0","50,0,0,0"
"ChargeAxe_019","刺花盾斧Ⅱ","charge-axe","布满了刺花蜘蛛纤维的盾斧。斩击带有麻痹属性，绝不会放走任何到手猎物。","51","HunterSkill_029,1,HunterSkill_056,1","0,0,0","3","120","10","0","paralyse","13","","","70,50,30,100,0,0,0","50,0,0,0"
"ChargeAxe_020","刺花盾斧Ⅲ","charge-axe","布满了刺花蜘蛛纤维的盾斧。斩击带有麻痹属性，绝不会放走任何到手猎物。","52","HunterSkill_029,1,HunterSkill_056,1","2,1,0","5","150","15","0","paralyse","18","","","70,50,30,100,50,0,0","50,0,0,0"
"ChargeAxe_021","刺花盾斧Ⅳ","charge-axe","布满了刺花蜘蛛纤维的盾斧。斩击带有麻痹属性，绝不会放走任何到手猎物。","53","HunterSkill_029,2,HunterSkill_056,1","3,2,0","7","180","15","0","paralyse","21","","","70,50,30,90,60,50,0","50,0,0,0"
"ChargeAxe_022","毒蛛刺花盾斧","charge-axe","刺花盾斧的强化版，用更加柔韧的纤维连接了各个部位。在灵活的联动下，每一次攻击都异常强劲。","54","HunterSkill_029,2,HunterSkill_056,1","3,2,1","8","200","15","0","paralyse","25","","","70,50,30,60,40,100,0","50,0,0,0"
"ChargeAxe_023","波涛盾斧Ⅰ","charge-axe","使用波衣龙素材制作的盾斧。美丽的盾会守护主人，带水的斧会用重击碾碎对方。","46","HunterSkill_023,2","0,0,0","3","160","-15","0","water","20","","","50,70,100,30,0,0,0","50,0,0,0"
"ChargeAxe_024","波涛盾斧Ⅱ","charge-axe","使用波衣龙素材制作的盾斧。美丽的盾会守护主人，带水的斧会用重击碾碎对方。","47","HunterSkill_023,2","2,1,0","5","190","-15","0","water","26","","","60,70,120,50,0,0,0","50,0,0,0"
"ChargeAxe_025","波涛盾斧Ⅲ","charge-axe","使用波衣龙素材制作的盾斧。美丽的盾会守护主人，带水的斧会用重击碾碎对方。","48","HunterSkill_023,3","3,2,0","7","220","-15","0","water","32","","","60,70,120,80,20,0,0","50,0,0,0"
"ChargeAxe_026","狂澜波涛盾斧","charge-axe","闪耀着妖艳光芒的波涛盾斧强化版。重击产生的庞大水量会将猎物连同它的恶意一道卷走。","49","HunterSkill_023,3","3,2,1","8","240","-15","0","water","35","","","60,60,100,80,50,0,0","10,40,0,0"
"ChargeAxe_027","沼喷盾斧Ⅰ","charge-axe","使用沼喷龙素材制作的盾斧。机关展开时会释放内部的毒，让接触到斧刃的对手感到痛苦。","13","HunterSkill_027,2","0,0,0","3","140","0","0","poison","15","","","50,60,100,40,0,0,0","50,0,0,0"
"ChargeAxe_028","沼喷盾斧Ⅱ","charge-axe","使用沼喷龙素材制作的盾斧。机关展开时会释放内部的毒，让接触到斧刃的对手感到痛苦。","14","HunterSkill_027,2","2,1,0","5","170","0","0","poison","19","","","50,50,100,90,10,0,0","50,0,0,0"
"ChargeAxe_029","沼喷盾斧Ⅲ","charge-axe","使用沼喷龙素材制作的盾斧。机关展开时会释放内部的毒，让接触到斧刃的对手感到痛苦。","15","HunterSkill_027,3","3,2,0","7","200","0","0","poison","22","","","60,50,100,30,100,10,0","50,0,0,0"
"ChargeAxe_030","沼喷蛇毒盾斧","charge-axe","强化版的沼喷盾斧如是说：剑上刻有下次用毒剂量，盾上则提示毒发时间。知识乃吾之所欲。","16","HunterSkill_027,3","3,2,1","8","220","0","0","poison","25","","","40,50,100,30,100,30,0","50,0,0,0"
"ChargeAxe_031","煌雷盾斧Ⅰ","charge-axe","带有煌雷龙雷电的盾斧。旋转刃上有锐利的雷晶爪，无论多么坚硬的鳞都能劈开。","20","HunterSkill_022,1,HunterSkill_036,1","0,0,0","3","140","0","0","elec","15","","","10,10,150,80,0,0,0","50,0,0,0"
"ChargeAxe_032","煌雷盾斧Ⅱ","charge-axe","带有煌雷龙雷电的盾斧。旋转刃上有锐利的雷晶爪，无论多么坚硬的鳞都能劈开。","21","HunterSkill_022,1,HunterSkill_036,1","2,1,0","5","170","0","0","elec","19","","","10,10,130,100,50,0,0","50,0,0,0"
"ChargeAxe_033","煌雷盾斧Ⅲ","charge-axe","带有煌雷龙雷电的盾斧。旋转刃上有锐利的雷晶爪，无论多么坚硬的鳞都能劈开。","22","HunterSkill_022,2,HunterSkill_036,1","3,2,0","7","200","0","0","elec","22","","","10,10,120,80,80,50,0","50,0,0,0"
"ChargeAxe_034","煌雷霹雳盾斧","charge-axe","强化版的煌雷盾斧。释放雷电的宏伟之力，以天地鸣动之一击，使反抗者臣服于脚下。","23","HunterSkill_022,2,HunterSkill_036,1","3,2,1","8","220","0","0","elec","25","","","10,10,110,70,70,80,0","50,0,0,0"
"ChargeAxe_035","阿剌克涅之鳞Ⅰ","charge-axe","活用影蜘蛛素材的形状组成的盾斧。其特殊的构造可以充分释放斩击时产生的摩擦热。","55","HunterSkill_028,1,HunterSkill_026,1","0,0,0","3","120","10","0","sleep","13","","","70,50,30,100,0,0,0","50,0,0,0"
"ChargeAxe_036","阿剌克涅之鳞Ⅱ","charge-axe","活用影蜘蛛素材的形状组成的盾斧。其特殊的构造可以充分释放斩击时产生的摩擦热。","56","HunterSkill_028,1,HunterSkill_026,1","2,1,0","5","150","15","0","sleep","18","","","70,50,30,100,50,0,0","50,0,0,0"
"ChargeAxe_037","阿剌克涅之鳞Ⅲ","charge-axe","活用影蜘蛛素材的形状组成的盾斧。其特殊的构造可以充分释放斩击时产生的摩擦热。","57","HunterSkill_028,2,HunterSkill_026,1","3,2,0","7","180","15","0","sleep","22","","","70,50,30,90,60,50,0","50,0,0,0"
"ChargeAxe_038","阿剌克涅之镰","charge-axe","强化后的阿剌克涅之鳞，进一步降低了摩擦。坚硬的甲壳也能像切黄油般被一刀两断。","58","HunterSkill_028,2,HunterSkill_026,1","3,2,1","8","200","15","0","sleep","25","","","70,50,30,60,40,100,0","50,0,0,0"
"ChargeAxe_039","风爪盾斧Ⅰ","charge-axe","利用风铗龙素材的特性制成的盾斧。合体时张开的利爪不会放过任何触碰到的猎物。","39","HunterSkill_022,2,HunterSkill_055,1","0,0,0","3","140","0","0","ice","15","","","50,60,80,60,0,0,0","50,0,0,0"
"ChargeAxe_040","风爪盾斧Ⅱ","charge-axe","利用风铗龙素材的特性制成的盾斧。合体时张开的利爪不会放过任何触碰到的猎物。","40","HunterSkill_022,2,HunterSkill_055,1","2,1,0","5","170","0","0","ice","19","","","50,50,70,100,30,0,0","50,0,0,0"
"ChargeAxe_041","风爪盾斧Ⅲ","charge-axe","利用风铗龙素材的特性制成的盾斧。合体时张开的利爪不会放过任何触碰到的猎物。","41","HunterSkill_022,3,HunterSkill_055,1","3,2,0","7","200","0","0","ice","22","","","50,50,50,30,140,30,0","50,0,0,0"
"ChargeAxe_042","蓄蚀风爪盾斧","charge-axe","风爪盾斧的强化形态。剑盾联动有如华丽的剑舞，携逆流的烈风一道消灭敌人。","42","HunterSkill_022,3,HunterSkill_055,1","3,2,1","8","220","0","0","ice","25","","","50,50,50,30,120,50,0","50,0,0,0"
"ChargeAxe_043","狱焰盾斧Ⅰ","charge-axe","以象征炼狱的狱焰蛸素材制成的盾斧。其斩击带有困于现世的诅咒，会给对手招致不幸。","43","HunterSkill_047,2","1,0,0","4","170","-15","0","fire","15","","","100,20,80,50,0,0,0","50,0,0,0"
"ChargeAxe_044","狱焰盾斧Ⅱ","charge-axe","以象征炼狱的狱焰蛸素材制成的盾斧。其斩击带有困于现世的诅咒，会给对手招致不幸。","44","HunterSkill_047,3","3,2,0","7","210","-15","0","fire","22","","","100,20,100,70,60,0,0","50,0,0,0"
"ChargeAxe_045","恶蛸狱焰盾斧","charge-axe","狱焰盾斧的强化型，从炼狱深处窥探世界。它会释放冥府之底燃烧的烈焰，将所有希望全数焚尽。","45","HunterSkill_047,3","3,2,1","8","230","-15","0","fire","25","","","100,20,100,50,50,30,0","50,0,0,0"
"ChargeAxe_046","白炎盾斧Ⅰ","charge-axe","以护火龙素材制作的盾斧。能带给持有者如熊熊烈火一般绝不屈服的斗志。","6","HunterSkill_004,1,HunterSkill_003,1","1,0,0","4","160","15","0","fire","16","","","50,100,60,40,0,0,0","50,0,0,0"
"ChargeAxe_047","白炎盾斧Ⅱ","charge-axe","以护火龙素材制作的盾斧。能带给持有者如熊熊烈火一般绝不屈服的斗志。","7","HunterSkill_004,1,HunterSkill_003,1","2,1,0","6","180","15","0","fire","21","","","50,120,50,40,40,0,0","20,30,0,0"
"ChargeAxe_048","湮灭护火盾斧","charge-axe","强化后的白炎盾斧。在皓白之力形成的涌流中，可以感受到高贵的王者之魂。","8","HunterSkill_004,1,HunterSkill_003,1","3,2,1","8","220","15","0","fire","25","","","50,150,50,40,40,20,0","50,0,0,0"
"ChargeAxe_049","异界之炎Ⅰ","charge-axe","使用护凶爪龙素材制作的盾斧。是将屈服于渴望的野兽本能化为实体的武器。","17","HunterSkill_028,2","1,0,0","4","140","10","0","dragon","26","","","50,50,80,70,0,0,0","50,0,0,0"
"ChargeAxe_050","异界之炎Ⅱ","charge-axe","使用护凶爪龙素材制作的盾斧。是将屈服于渴望的野兽本能化为实体的武器。","18","HunterSkill_028,3","2,1,0","6","170","10","0","dragon","31","","","50,50,70,80,50,0,0","50,0,0,0"
"ChargeAxe_051","遗恨","charge-axe","强化后的异界之炎。饥渴的凶兽撕裂轮回，将此永不满足的器物残留在人间。","19","HunterSkill_028,3","3,2,1","8","210","10","0","dragon","35","","","50,50,80,80,100,40,0","0,0,0,0"
"ChargeAxe_052","护锁刃盾斧Ⅰ","charge-axe","以护龙素材制作的盾斧。传说若非精神坚韧之人，使用此武器必会沉溺于力量，陷入苦境。","29","HunterSkill_026,2","1,1,0","4","170","-10","0","dragon","14","","","100,30,90,30,0,0,0","50,0,0,0"
"ChargeAxe_053","护锁刃盾斧Ⅱ","charge-axe","以护龙素材制作的盾斧。传说若非精神坚韧之人，使用此武器必会沉溺于力量，陷入苦境。","30","HunterSkill_026,2","2,2,0","6","210","-10","0","dragon","17","","","100,60,90,50,0,0,0","10,40,0,0"
"ChargeAxe_054","护锁刃盾斧·高文","charge-axe","强化后的护锁刃盾斧。传说手持此武器屠龙的战士，曾在大地上留下无数锁链的痕迹。","31","HunterSkill_026,2","3,3,1","8","240","-10","0","dragon","20","","","100,70,50,80,50,0,0","10,40,0,0"
"ChargeAxe_057","剧毒之泪Ⅰ","charge-axe","内部设有毒怪鸟毒囊的恐怖盾斧。毒刃能顺利地刺入猎物体内。","66","HunterSkill_030,2,HunterSkill_029,1","2,1,0","5","180","0","0","poison","26","","","90,50,100,60,0,0,0","50,0,0,0"
"ChargeAxe_058","剧毒之泪Ⅱ","charge-axe","内部设有毒怪鸟毒囊的恐怖盾斧。毒刃能顺利地刺入猎物体内。","67","HunterSkill_030,2,HunterSkill_029,2","2,1,0","6","200","0","0","poison","29","","","90,50,70,60,30,0,0","50,0,0,0"
"ChargeAxe_059","剧毒盾斧","charge-axe","剧毒之泪强化版，遍布猛毒的刀刃终于露出了獠牙。为其所伤者将永受噩梦之苦。","68","HunterSkill_030,3,HunterSkill_029,2","3,2,1","8","230","0","0","poison","35","","","90,50,100,60,50,0,0","50,0,0,0"
"ChargeAxe_060","焰火盾斧Ⅰ","charge-axe","于高贵中暗藏不祥的雌火龙之盾斧。荆棘把手保留了女王的风格。","59","HunterSkill_056,2,HunterSkill_141,1","2,1,0","5","160","15","0","poison","14","","","50,70,40,100,40,0,0","50,0,0,0"
"ChargeAxe_061","焰火盾斧Ⅱ","charge-axe","于高贵中暗藏不祥的雌火龙之盾斧。荆棘把手保留了女王的风格。","60","HunterSkill_056,3,HunterSkill_141,1","3,2,0","7","190","15","0","poison","17","","","40,80,40,120,30,40,0","50,0,0,0"
"ChargeAxe_062","雌火盾斧","charge-axe","女王之盾斧，焰火盾斧的强化。其美丽姿态满溢高贵与残酷。","61","HunterSkill_056,3,HunterSkill_141,1","3,2,1","8","210","15","0","poison","20","","","40,80,30,110,30,60,0","50,0,0,0"
"ChargeAxe_063","盾斧觜宿一Ⅰ","charge-axe","以千刃龙素材巧妙堆叠打造而成的盾斧。金光闪耀的刃锋，化作心怀革命志向之人的希望之光。","109","HunterSkill_217,1","3,2,0","7","190","25","0","","","","","50,70,100,60,70,0,0","0,50,0,0"
"ChargeAxe_064","叛盾斧觜宿一","charge-axe","革命者的骄傲寄宿于此黄金之刃。盾斧觜宿一的强化型，将世界破坏殆尽吧。","110","HunterSkill_217,1","3,2,1","8","210","25","0","","","","","50,70,100,50,60,20,0","50,0,0,0"
"ChargeAxe_065","炎斧俄里翁Ⅰ","charge-axe","用火龙素材制成的盾斧。可活用点火性能进行攻击。","62","HunterSkill_002,3","2,1,0","6","190","10","0","fire","29","","","100,70,50,30,50,0,0","50,0,0,0"
"ChargeAxe_066","红莲斧俄里翁","charge-axe","刻于盾上的容貌现出火龙之怒。利用红莲烈焰抹杀猎物的炎斧俄里翁强化型。","63","HunterSkill_002,3","3,2,1","8","210","10","0","fire","35","","","100,70,50,40,50,40,0","50,0,0,0"
"ChargeAxe_067","力量of堕落Ⅰ","charge-axe","黑蚀龙之盾斧，骷髅印记中蕴含着已积累至极限的力量。能将对抗者击向黑暗的深渊。","64","HunterSkill_003,3","3,2,0","7","180","20","0","dragon","22","","","50,70,80,70,40,40,0","50,0,0,0"
"ChargeAxe_068","力量of破灭","charge-axe","主宰破灭的盾斧，强化形态的力量of堕落。引领猎物前往哀声四起的冥府深处。","65","HunterSkill_003,3","3,2,1","8","210","20","0","dragon","25","","","50,50,80,60,40,70,0","50,0,0,0"
"ChargeAxe_069","锁刃盾斧Ⅰ","charge-axe","使用锁刃龙素材制作的盾斧。据说此盾斧曾为古代骑士所用，骑士击退人们畏惧的龙，照亮未来的路。","32","HunterSkill_026,3","3,2,0","7","200","0","0","dragon","32","","","50,50,50,80,90,30,0","50,0,0,0"
"ChargeAxe_070","机械防御者Ⅰ","charge-axe","由发现的武器碎片组成的古代盾斧。据说那些复杂地咬合在一起的齿轮中，暗含着某种终焉的时刻。","100","","2,2,2","6","170","5","0","","","","","80,40,60,80,40,0,0","20,30,0,0"
"ChargeAxe_071","机械防御者Ⅱ","charge-axe","由发现的武器碎片组成的古代盾斧。据说那些复杂地咬合在一起的齿轮中，暗含着某种终焉的时刻。","101","","2,2,2","7","180","5","0","","","","","80,40,60,80,70,20,0","50,0,0,0"
"ChargeAxe_072","时间齿轮","charge-axe","有着潜藏性能的太古的盾斧。自修复之时起，它的指针就开始计时，没有人可以阻止。","102","","3,3,3","8","190","5","0","","","","","80,40,60,80,70,20,0","50,0,0,0"
"ChargeAxe_073","期冀兵装","charge-axe","通过实地调查而改良的希望兵装。其盾牌积蓄的不只力量，还有希望。","5","HunterSkill_046,2,HunterSkill_001,2","3,2,1","8","210","0","0","","","","","50,60,60,60,40,80,0","50,0,0,0"
"ChargeAxe_074","缠蛙强蓄盾斧","charge-axe","缠蛙兵装的强化版。变强的盾可以阻挡袭来的一切攻击，萦绕在剑上的能量能砍断一切事物。","28","HunterSkill_026,3,HunterSkill_035,1","3,2,1","8","220","0","15","","","","","60,20,100,90,80,0,0","10,40,0,0"
"ChargeAxe_075","锁刃盾斧·高文","charge-axe","锁刃盾斧的强化版。据说那位受太阳眷顾的骑士带来了灼灼烈日般的胜利。","33","HunterSkill_026,3","3,2,1","8","220","0","0","dragon","35","","","50,50,50,70,80,50,0","50,0,0,0"
"ChargeAxe_076","白炽斧耶利米Ⅰ","charge-axe","由白炽龙素材锻造，冠以纯白救赎之名的盾斧。翱翔的白盾将不分敌我净化一切。","103","HunterSkill_204,1","3,2,0","7","210","5","0","dragon","15","","","100,40,90,40,50,30,0","50,0,0,0"
"ChargeAxe_077","炽光斧耶利米","charge-axe","耶利米自天上传下意志——渴求赎罪的愤懑者啊，那张开的双翼连毁灭亦可实现。","104","HunterSkill_204,1","3,2,1","8","220","5","0","dragon","20","","","100,40,90,40,30,50,0","50,0,0,0"
"ChargeAxe_079","狐衣斧【镜花水月深】Ⅰ","charge-axe","毕生追求风流的战士所留下的雅致衣斧。白裳残影，轻曳茜水。","106","HunterSkill_202,2,HunterSkill_003,1","2,1,0","6","180","15","0","water","25","","","80,60,40,40,60,20,0","50,0,0,0"
"ChargeAxe_080","白布衣斧之帝王","charge-axe","狐衣斧【镜花水月深】强化版。沧海红如血，水镜斧翻覆，波卷残滓尽。","107","HunterSkill_202,3,HunterSkill_003,1","3,2,1","8","210","15","0","water","30","","","80,60,40,40,70,60,0","50,0,0,0"
"ChargeAxe_083","海龙暴风雨Ⅰ","charge-axe","使用苍海中卷起漩涡的海龙的素材打造而成的盾斧。响彻四方的雷鸣宣告着狩猎的开始。","112","HunterSkill_214,1,HunterSkill_035,2","3,2,0","7","200","0","0","elec","35","","","70,50,40,100,50,40,0","50,0,0,0"
"ChargeAxe_084","雷盾斧胜者漩涡","charge-axe","海龙暴风雨的强化形态，封印了称霸海洋的海龙之力，激烈的雷电漩涡劈开苍海。","113","HunterSkill_214,1,HunterSkill_035,2","3,2,1","8","220","0","0","elec","40","","","60,40,30,80,70,70,0","50,0,0,0"
"ChargeAxe_086","代价的深渊齿轮","charge-axe","吞噬隐藏性能的异形之微眠。禁忌之棺正焦灼渴望着由背叛所带来的开锁瞬间。","114","","3,3,3","8","200","-10","0","","","","","140,40,40,80,30,20,0","50,0,0,0"
"ChargeAxe_087","代价的深渊齿轮","charge-axe","吞噬隐藏性能的异形之微眠。禁忌之棺正焦灼渴望着由背叛所带来的开锁瞬间。","115","","3,3,3","8","180","15","0","","","","","140,40,40,50,70,10,0","50,0,0,0"
"ChargeAxe_088","代价的深渊齿轮","charge-axe","吞噬隐藏性能的异形之微眠。禁忌之棺正焦灼渴望着由背叛所带来的开锁瞬间。","116","","3,3,3","8","190","0","0","","","","","140,40,40,80,30,20,0","50,0,0,0"
"GunLance_000","希望铳枪Ⅰ","gun-lance","为调查东部地区而特别制作的铳枪。凭借多样的炮击以及龙杭炮，可以打出高火力的攻击。","0","","0,0,0","1","90","0","0","","","","","50,50,40,60,0,0,0","50,0,0,0"
"GunLance_001","希望铳枪Ⅱ","gun-lance","为调查东部地区而特别制作的铳枪。凭借多样的炮击以及龙杭炮，可以打出高火力的攻击。","1","HunterSkill_046,1","0,0,0","1","100","0","0","","","","","40,50,40,70,0,0,0","50,0,0,0"
"GunLance_002","希望铳枪Ⅲ","gun-lance","为调查东部地区而特别制作的铳枪。凭借多样的炮击以及龙杭炮，可以打出高火力的攻击。","2","HunterSkill_046,1,HunterSkill_001,1","0,0,0","3","130","0","0","","","","","50,60,50,90,0,0,0","50,0,0,0"
"GunLance_003","希望铳枪Ⅳ","gun-lance","为调查东部地区而特别制作的铳枪。凭借多样的炮击以及龙杭炮，可以打出高火力的攻击。","3","HunterSkill_046,2,HunterSkill_001,1","2,1,0","5","160","0","0","","","","","50,60,60,70,60,0,0","50,0,0,0"
"GunLance_004","希望铳枪Ⅴ","gun-lance","为调查东部地区而特别制作的铳枪。凭借多样的炮击以及龙杭炮，可以打出高火力的攻击。","4","HunterSkill_046,2,HunterSkill_001,1","3,2,0","7","190","0","0","","","","","50,60,50,80,50,60,0","50,0,0,0"
"GunLance_005","骨铳枪Ⅰ","gun-lance","新手入门用的铳枪。轻巧且操作简单，适合用来磨练技巧。","28","HunterSkill_026,1","0,0,0","1","110","0","0","","","","","50,70,80,0,0,0,0","40,10,0,0"
"GunLance_006","骨铳枪Ⅱ","gun-lance","新手入门用的铳枪。轻巧且操作简单，适合用来磨练技巧。","29","HunterSkill_026,1,HunterSkill_000,1","0,0,0","2","130","0","0","","","","","50,40,110,0,0,0,0","20,30,0,0"
"GunLance_007","骨铳枪Ⅲ","gun-lance","新手入门用的铳枪。轻巧且操作简单，适合用来磨练技巧。","30","HunterSkill_026,2,HunterSkill_000,1","1,0,0","4","170","0","0","","","","","50,60,100,40,0,0,0","50,0,0,0"
"GunLance_008","骨铳枪Ⅳ","gun-lance","新手入门用的铳枪。轻巧且操作简单，适合用来磨练技巧。","31","HunterSkill_026,3,HunterSkill_000,1","2,1,0","6","200","0","0","","","","","50,60,80,110,0,0,0","50,0,0,0"
"GunLance_009","大骨铳枪","gun-lance","用精挑细选的骨素材强化的骨铳枪强化版。操作简单，构造适合实战。","32","HunterSkill_026,3,HunterSkill_000,1","3,2,1","8","230","0","0","","","","","50,60,60,70,110,0,0","50,0,0,0"
"GunLance_010","三叉刺刀Ⅰ","gun-lance","枪头上装有三枚刺刀的铳枪。虽说是面向新手的武器，但是因为帅气造型而选择它的人也不在少数。","9","HunterSkill_027,1","0,0,0","2","120","0","0","","","","","20,40,90,50,0,0,0","50,0,0,0"
"GunLance_011","三叉刺刀Ⅱ","gun-lance","枪头上装有三枚刺刀的铳枪。虽说是面向新手的武器，但是因为帅气造型而选择它的人也不在少数。","10","HunterSkill_027,2","1,0,0","4","160","0","0","","","","","20,60,90,80,0,0,0","50,0,0,0"
"GunLance_012","三叉刺刀Ⅲ","gun-lance","枪头上装有三枚刺刀的铳枪。虽说是面向新手的武器，但是因为帅气造型而选择它的人也不在少数。","11","HunterSkill_027,2","2,1,0","6","190","0","0","","","","","20,70,90,60,60,0,0","50,0,0,0"
"GunLance_013","三叉锋刃","gun-lance","集工房匠人技术之精华所造就的三叉刺刀强化版。由它的枪头造成的伤痕一眼便可认出。","12","HunterSkill_027,3","3,2,1","8","220","0","0","","","","","20,60,90,70,50,60,0","50,0,0,0"
"GunLance_014","炎尾炮Ⅰ","gun-lance","使用炎尾龙素材制成的铳枪。内部填充的气体会在炮击时被引燃，进而提升杀伤力。","41","HunterSkill_026,1","0,0,0","1","100","5","0","fire","14","","","50,70,40,40,0,0,0","50,0,0,0"
"GunLance_015","炎尾炮Ⅱ","gun-lance","使用炎尾龙素材制成的铳枪。内部填充的气体会在炮击时被引燃，进而提升杀伤力。","42","HunterSkill_026,2","0,0,0","3","140","5","0","fire","16","","","50,80,50,70,0,0,0","50,0,0,0"
"GunLance_016","炎尾炮Ⅲ","gun-lance","使用炎尾龙素材制成的铳枪。内部填充的气体会在炮击时被引燃，进而提升杀伤力。","43","HunterSkill_026,2","2,1,0","5","170","5","0","fire","20","","","70,80,70,50,30,0,0","50,0,0,0"
"GunLance_017","炎尾炮Ⅳ","gun-lance","使用炎尾龙素材制成的铳枪。内部填充的气体会在炮击时被引燃，进而提升杀伤力。","44","HunterSkill_026,3","3,2,0","7","200","5","0","fire","22","","","70,80,70,80,50,0,0","50,0,0,0"
"GunLance_018","喷火炎尾铳枪","gun-lance","改良后的炎尾炮的炮击宛如业火。它的咆哮将一直持续到面前的敌人全部化为灰烬。","45","HunterSkill_026,3","3,2,1","8","220","5","0","fire","25","","","60,70,70,80,70,0,0","50,0,0,0"
"GunLance_019","沙海铳枪Ⅰ","gun-lance","使用沙海龙素材制成的铳枪。装填火药所用的弹仓上施加了耐热和防水的处理。","18","HunterSkill_028,1","0,0,0","2","110","10","0","water","16","","","30,30,90,50,0,0,0","50,0,0,0"
"GunLance_020","沙海铳枪Ⅱ","gun-lance","使用沙海龙素材制成的铳枪。装填火药所用的弹仓上施加了耐热和防水的处理。","19","HunterSkill_028,2","1,0,0","4","150","10","0","water","20","","","40,30,100,80,0,0,0","50,0,0,0"
"GunLance_021","沙海铳枪Ⅲ","gun-lance","使用沙海龙素材制成的铳枪。装填火药所用的弹仓上施加了耐热和防水的处理。","20","HunterSkill_028,2","2,1,0","5","160","10","0","water","23","","","30,30,110,90,40,0,0","50,0,0,0"
"GunLance_022","沙海铳枪Ⅳ","gun-lance","使用沙海龙素材制成的铳枪。装填火药所用的弹仓上施加了耐热和防水的处理。","21","HunterSkill_028,3","3,2,0","7","190","10","0","water","27","","","30,30,110,90,70,20,0","50,0,0,0"
"GunLance_023","崩炮沙海铳枪","gun-lance","连山都能崩碎的强化版沙海铳枪。其释放的炮击能将巨大的岩石粉碎成流动的细沙。","22","HunterSkill_028,3","3,2,1","8","210","10","0","water","30","","","30,30,100,80,70,40,0","50,0,0,0"
"GunLance_024","波涛铳枪Ⅰ","gun-lance","有着波衣龙优雅液纱的铳枪。不但外观美丽，它蕴含的强大力量同样不容小觑。","37","HunterSkill_026,2","0,0,0","3","170","-15","0","water","25","","","50,70,90,40,0,0,0","50,0,0,0"
"GunLance_025","波涛铳枪Ⅱ","gun-lance","有着波衣龙优雅液纱的铳枪。不但外观美丽，它蕴含的强大力量同样不容小觑。","38","HunterSkill_026,2","2,1,0","5","200","-15","0","water","31","","","60,70,110,60,0,0,0","50,0,0,0"
"GunLance_026","波涛铳枪Ⅲ","gun-lance","有着波衣龙优雅液纱的铳枪。不但外观美丽，它蕴含的强大力量同样不容小觑。","39","HunterSkill_026,3","3,2,0","7","230","-15","0","water","37","","","60,70,120,70,30,0,0","50,0,0,0"
"GunLance_027","狂澜波涛铳枪","gun-lance","波涛铳枪的强化版。积蓄于内部的力量奔流，宛如洪水一般满溢而出。","40","HunterSkill_026,3","3,2,1","8","250","-15","0","water","40","","","60,60,100,70,60,0,0","10,40,0,0"
"GunLance_028","甲壳铳枪Ⅰ","gun-lance","将影蜘蛛的素材弯曲重叠，得以兼顾强度以及轻量化。能轻松上手，不会感到疲累。","33","HunterSkill_029,1,HunterSkill_056,1","0,0,0","3","120","10","0","sleep","15","","","70,40,30,110,0,0,0","50,0,0,0"
"GunLance_029","甲壳铳枪Ⅱ","gun-lance","将影蜘蛛的素材弯曲重叠，得以兼顾强度以及轻量化。能轻松上手，不会感到疲累。","34","HunterSkill_029,1,HunterSkill_056,1","2,1,0","5","150","15","0","sleep","21","","","70,40,30,100,60,0,0","50,0,0,0"
"GunLance_030","甲壳铳枪Ⅲ","gun-lance","将影蜘蛛的素材弯曲重叠，得以兼顾强度以及轻量化。能轻松上手，不会感到疲累。","35","HunterSkill_029,2,HunterSkill_056,1","3,2,0","7","180","15","0","sleep","27","","","70,40,30,90,60,60,0","50,0,0,0"
"GunLance_031","刚柔甲壳铳枪","gun-lance","甲壳铳枪的强化形态。乍看会觉得过于纤弱，使用时可以体会到“以柔克刚”之感。","36","HunterSkill_029,2,HunterSkill_056,1","3,2,1","8","200","15","0","sleep","30","","","70,40,30,60,40,110,0","50,0,0,0"
"GunLance_032","赫炎铳枪Ⅰ","gun-lance","蕴含赫猿兽之力的铳枪。高输出下喷射出的灼热火焰能将眼前的一切障碍都瞬间清除。","15","HunterSkill_036,1,HunterSkill_028,1","0,0,0","3","130","10","0","blast","19","","","50,60,70,70,0,0,0","50,0,0,0"
"GunLance_033","赫炎铳枪Ⅱ","gun-lance","蕴含赫猿兽之力的铳枪。高输出下喷射出的灼热火焰能将眼前的一切障碍都瞬间清除。","16","HunterSkill_036,2,HunterSkill_028,1","2,1,0","6","180","10","0","blast","22","","","50,60,90,40,60,0,0","50,0,0,0"
"GunLance_034","赫炎铳枪·迦理迦","gun-lance","得授真名的赫炎铳枪。这傲慢的武器拥有决定生死的权力，一切违背其意志者都将被无情地处决。","17","HunterSkill_036,2,HunterSkill_028,1","3,2,1","8","210","10","0","blast","25","","","50,60,50,90,40,60,0","50,0,0,0"
"GunLance_035","白炎战车Ⅰ","gun-lance","以护火龙素材制作的铳枪。能带给持有者如熊熊烈火一般绝不屈服的斗志。","6","HunterSkill_004,1,HunterSkill_003,1","1,0,0","4","160","15","0","fire","21","","","50,90,60,50,0,0,0","50,0,0,0"
"GunLance_036","白炎战车Ⅱ","gun-lance","以护火龙素材制作的铳枪。能带给持有者如熊熊烈火一般绝不屈服的斗志。","7","HunterSkill_004,1,HunterSkill_003,1","2,1,0","6","180","15","0","fire","26","","","50,100,50,50,50,0,0","20,30,0,0"
"GunLance_037","闪耀战车","gun-lance","强化后的白炎战车。在皓白之力的涌流中，可以感受到高贵的王者之魂。","8","HunterSkill_004,1,HunterSkill_003,1","3,2,1","8","210","15","0","fire","30","","","50,130,50,50,40,30,0","50,0,0,0"
"GunLance_038","冻峰金属炮Ⅰ","gun-lance","应用了冻峰龙冷却原理的铳枪。伴随着低于冰点的突刺与灼热的炮击，足以横扫一切拦路之敌。","13","HunterSkill_026,3","3,2,0","7","190","0","0","ice","47","","","40,40,30,100,110,30,0","50,0,0,0"
"GunLance_039","断崖金属铳","gun-lance","精心锻造的冻峰金属炮强化版。有着如高耸冰壁般坚固的防御和如岩山崩落般势不可挡的炮击。","14","HunterSkill_026,3","3,2,1","8","210","0","0","ice","50","","","40,40,20,80,120,50,0","50,0,0,0"
"GunLance_042","护锁刃铳枪Ⅰ","gun-lance","以护龙素材制作的铳枪。只要握在手中便感觉获得大义，敢于对抗强敌。","46","HunterSkill_026,2","1,1,0","4","170","-10","0","dragon","16","","","100,30,80,40,0,0,0","50,0,0,0"
"GunLance_043","护锁刃铳枪Ⅱ","gun-lance","以护龙素材制作的铳枪。只要握在手中便感觉获得大义，敢于对抗强敌。","47","HunterSkill_026,2","2,2,0","6","210","-10","0","dragon","21","","","100,60,80,60,0,0,0","10,40,0,0"
"GunLance_044","护锁刃铳枪·鲍斯","gun-lance","经过强化的护锁刃铳枪。其为击退千种苦难之盾，亦为粉碎万般不平之矛。","48","HunterSkill_026,2","3,3,1","8","240","-10","0","dragon","25","","","100,70,50,70,60,0,0","10,40,0,0"
"GunLance_047","毒鸟铳枪Ⅰ","gun-lance","由富有弹性的皮革和优质的矿石制成的巨大铳枪。具备强力的毒属性。","51","HunterSkill_030,2,HunterSkill_029,1","2,1,0","5","180","0","0","poison","31","","","90,50,90,70,0,0,0","50,0,0,0"
"GunLance_048","毒鸟铳枪Ⅱ","gun-lance","由富有弹性的皮革和优质的矿石制成的巨大铳枪。具备强力的毒属性。","52","HunterSkill_030,2,HunterSkill_029,2","2,1,0","6","200","0","0","poison","34","","","90,50,60,60,40,0,0","50,0,0,0"
"GunLance_049","大炮强攻者","gun-lance","强化版毒鸟铳枪。从炮口喷出强力的毒液，它的猎物会在经历凄惨至极的痛苦之后方得气绝。","53","HunterSkill_030,3,HunterSkill_029,2","3,2,1","8","230","0","0","poison","40","","","90,50,90,60,60,0,0","50,0,0,0"
"GunLance_050","公主爆裂铳枪Ⅰ","gun-lance","布满雌火龙浓绿美鳞的华丽铳枪。沉没于猛毒中的生命，会在炮火之中鲜红美丽地绽放。","56","HunterSkill_056,2,HunterSkill_141,1","2,1,0","5","160","15","0","poison","19","","","50,70,40,90,50,0,0","50,0,0,0"
"GunLance_051","公主爆裂铳枪Ⅱ","gun-lance","布满雌火龙浓绿美鳞的华丽铳枪。沉没于猛毒中的生命，会在炮火之中鲜红美丽地绽放。","57","HunterSkill_056,3,HunterSkill_141,1","3,2,0","7","190","15","0","poison","22","","","40,80,40,110,30,50,0","50,0,0,0"
"GunLance_052","奥特琳德","gun-lance","强化形态的公主爆裂铳枪。寄宿女王壮丽灵魂的浓绿铳枪，令地面盛开死亡之花。","58","HunterSkill_056,3,HunterSkill_141,1","3,2,1","8","210","15","0","poison","25","","","40,80,30,100,30,70,0","50,0,0,0"
"GunLance_053","护雷白矛Ⅰ","gun-lance","使用护雷颚龙素材制作的铳枪。唯有能以理性抑制蛮勇之力者方可使用。","54","HunterSkill_003,3","2,1,0","6","180","15","0","elec","34","","","40,100,100,60,0,0,0","10,40,0,0"
"GunLance_054","战车护雷铳枪","gun-lance","护雷白矛的强化版。具备强大到足以扭曲常理的力量。如果沉溺于这份力量，也会自取灭亡。","55","HunterSkill_003,3","3,2,1","8","210","15","0","elec","40","","","40,90,120,40,60,0,0","0,50,0,0"
"GunLance_055","白色铳枪Ⅰ","gun-lance","枪身与盾牌采用耐熔岩的铠龙甲壳制造而成。优点是其压倒性的耐久性能。","63","HunterSkill_027,3","2,1,0","6","220","-15","30","blast","34","","","90,70,80,60,0,0,0","30,20,0,0"
"GunLance_056","白色加农炮","gun-lance","其释放出的炮击宛如天灾。在这把白色铳枪的强化版面前，万物将与硝烟一起消失于虚无之中。","64","HunterSkill_027,3","3,2,1","8","240","-15","30","blast","40","","","80,70,70,70,60,0,0","50,0,0,0"
"GunLance_057","铳枪败臼一Ⅰ","gun-lance","用千刃龙的刃鳞层叠而成的铳枪。响亮的炮火声宛如宣告革命黎明到来的礼炮。","112","HunterSkill_217,1","3,2,0","7","200","25","0","","","","","50,70,100,50,80,0,0","0,50,0,0"
"GunLance_058","叛铳枪败臼一","gun-lance","永垂不朽的反抗意志。手持强化版的铳枪败臼一，向藐视自己的神宣战吧。","113","HunterSkill_217,1","3,2,1","8","220","25","0","","","","","50,70,100,50,50,30,0","50,0,0,0"
"GunLance_059","赤色战车Ⅰ","gun-lance","有如火龙一般的火红铳枪。其咆哮是烈火的旋律。猎物在火焰中狂舞渴求死亡。","59","HunterSkill_002,3","2,1,0","6","180","10","0","fire","34","","","100,70,40,30,60,0,0","50,0,0,0"
"GunLance_060","深红战车","gun-lance","赤色战车的强化型，率领着鲜红的业火。烧尽大量灵魂的飨宴始于今夜。","60","HunterSkill_002,3","3,2,1","8","200","10","0","fire","40","","","100,70,50,40,40,50,0","50,0,0,0"
"GunLance_061","手腕of暴君Ⅰ","gun-lance","据说会将屠杀者的灵魂全部射穿的黑蚀龙铳枪。被盾上魔眼魅惑之人，会身不由己成为标靶。","61","HunterSkill_003,3","3,2,0","7","180","20","0","dragon","27","","","50,80,80,60,30,50,0","50,0,0,0"
"GunLance_062","手腕of叛逆","gun-lance","被邪眼魅惑之人，会忏悔自身罪孽，投身地狱之中。手腕of暴君的强化版。","62","HunterSkill_003,3","3,2,1","8","200","20","0","dragon","30","","","50,50,90,50,30,80,0","50,0,0,0"
"GunLance_063","锁刃铳枪Ⅰ","gun-lance","使用锁刃龙素材制作的铳枪。据说此铳枪曾为古代骑士所用，骑士用一生贯彻了对祖国的誓言。","49","HunterSkill_026,3","3,2,0","7","200","0","0","dragon","37","","","50,50,50,80,80,40,0","50,0,0,0"
"GunLance_064","麻痹铳枪Ⅰ","gun-lance","铳枪漆黑的刀身格外引人注目。具有多处储存麻痹毒的机关，鲜红的刀刃更是浸染了高浓度的麻痹毒。","23","HunterSkill_028,1","0,0,0","1","100","0","0","paralyse","15","","","40,50,110,0,0,0,0","10,40,0,0"
"GunLance_065","麻痹铳枪Ⅱ","gun-lance","铳枪漆黑的刀身格外引人注目。具有多处储存麻痹毒的机关，鲜红的刀刃更是浸染了高浓度的麻痹毒。","24","HunterSkill_028,2","0,0,0","3","130","0","0","paralyse","21","","","50,80,80,40,0,0,0","50,0,0,0"
"GunLance_066","麻痹铳枪Ⅲ","gun-lance","铳枪漆黑的刀身格外引人注目。具有多处储存麻痹毒的机关，鲜红的刀刃更是浸染了高浓度的麻痹毒。","25","HunterSkill_028,2","2,1,0","5","160","0","0","paralyse","31","","","50,70,70,110,0,0,0","50,0,0,0"
"GunLance_067","麻痹铳枪Ⅳ","gun-lance","铳枪漆黑的刀身格外引人注目。具有多处储存麻痹毒的机关，鲜红的刀刃更是浸染了高浓度的麻痹毒。","26","HunterSkill_028,3","3,2,0","7","190","0","0","paralyse","37","","","50,70,70,90,70,0,0","30,20,0,0"
"GunLance_068","黑痹铳枪","gun-lance","麻痹铳枪的强化版。炮击时宛如蔷薇盛开，在它的毒刺面前，没有什么目标能躲过被麻痹的下场。","27","HunterSkill_028,3","3,2,1","8","210","0","0","paralyse","40","","","50,50,60,80,110,0,0","0,50,0,0"
"GunLance_069","机械加农炮Ⅰ","gun-lance","由发现的武器碎片组成的古代铳枪。其上搭载的炮击构造经过了悠久的岁月依然可以正常工作。","100","","2,2,2","6","170","5","0","","","","","80,40,60,80,40,0,0","20,30,0,0"
"GunLance_070","机械加农炮Ⅱ","gun-lance","由发现的武器碎片组成的古代铳枪。其上搭载的炮击构造经过了悠久的岁月依然可以正常工作。","101","","2,2,2","7","180","5","0","","","","","80,40,60,80,70,20,0","50,0,0,0"
"GunLance_071","原初创世纪","gun-lance","蕴藏潜能的太古铳枪。待到机关控制修复时，它便会化作突破一切障碍的兵器。","102","","3,3,3","8","190","5","0","","","","","80,40,60,80,70,20,0","50,0,0,0"
"GunLance_072","期冀铳枪","gun-lance","通过实地调查而改良的希望铳枪。将希望之光化为火种，发射！龙击炮全开！","5","HunterSkill_046,2,HunterSkill_001,2","3,2,1","8","210","0","0","","","","","50,60,50,60,40,90,0","50,0,0,0"
"GunLance_073","锁刃铳枪·鲍斯","gun-lance","锁刃铳枪的强化版。发誓守护和平的骑士曾以此枪将蔑视众生的傲慢恶龙击落于地。","50","HunterSkill_026,3","3,2,1","8","220","0","0","dragon","40","","","50,50,50,70,70,60,0","50,0,0,0"
"GunLance_077","白炽铳枪莱拉赫Ⅰ","gun-lance","由白炽龙素材锻造，冠以纯粹称赞之名的铳枪。倾泻而出的炮弹高调地展示其傲人的实力。","106","HunterSkill_204,1","3,2,0","7","210","5","0","dragon","20","","","100,40,100,40,50,20,0","50,0,0,0"
"GunLance_078","炽光铳枪莱拉赫","gun-lance","莱拉赫自天上传下意志——渴求称赞的咆哮者啊，吾带来的悲鸣亦将化作汝唱诵的圣歌。","107","HunterSkill_204,1","3,2,1","8","220","5","0","dragon","25","","","100,40,100,40,30,40,0","50,0,0,0"
"GunLance_080","狐灯枪【沐辉决绝行】Ⅰ","gun-lance","心怀壮志之士留下的风雅铳枪。当月光在暗夜中闪烁之时，猎物便会走向死亡。","109","HunterSkill_202,2,HunterSkill_003,1","2,1,0","6","180","15","0","water","30","","","80,60,40,40,70,10,0","50,0,0,0"
"GunLance_081","夏蝇荒枪之水守","gun-lance","狐灯枪【沐辉决绝行】强化型。映照于水雾上的风雅铳枪之光，如夜空中的明月一般照亮骸骨。","110","HunterSkill_202,3,HunterSkill_003,1","3,2,1","8","210","15","0","water","35","","","80,60,40,40,80,50,0","50,0,0,0"
"GunLance_082","玉米炮","gun-lance","对农业的狂想升华成了铳枪。别看它长成这个样子，还是很好用的。","117","HunterSkill_230,1","2,1,0","6","160","0","0","","","","","90,70,90,50,0,0,0","50,0,0,0"
"GunLance_083","玉米大炮","gun-lance","受到粮食之神宠爱的强化形玉米炮。强烈的信念化为更为丰硕的果实。","118","HunterSkill_230,1","3,2,0","8","190","0","0","","","","","80,60,80,80,50,0,0","50,0,0,0"
"GunLance_084","海龙爆裂铳枪Ⅰ","gun-lance","承载着海龙之力的螺旋型铳枪。苍蓝的炮身射出的爆雷划出螺旋的轨迹，贯穿世间万物。","115","HunterSkill_214,1,HunterSkill_028,2","3,2,0","7","200","0","0","elec","40","","","70,50,40,100,40,50,0","50,0,0,0"
"GunLance_085","雷铳枪海龙","gun-lance","释放出真正力量的海龙爆裂铳枪强化版。翱翔长空的亿万雷霆向四海宣告着海中凶煞的再临。","116","HunterSkill_214,1,HunterSkill_028,2","3,2,1","8","220","0","0","elec","45","","","60,40,30,80,60,80,0","50,0,0,0"
"GunLance_087","预兆先知创世纪","gun-lance","吞噬隐藏性能的异形之苦闷。浮现的预兆令机关战栗，静候终焉降临之日。","119","","3,3,3","8","200","-10","0","","","","","140,40,40,80,30,20,0","50,0,0,0"
"GunLance_088","预兆先知创世纪","gun-lance","吞噬隐藏性能的异形之苦闷。浮现的预兆令机关战栗，静候终焉降临之日。","120","","3,3,3","8","180","15","0","","","","","140,40,40,50,70,10,0","50,0,0,0"
"GunLance_089","预兆先知创世纪","gun-lance","吞噬隐藏性能的异形之苦闷。浮现的预兆令机关战栗，静候终焉降临之日。","121","","3,3,3","8","190","0","0","","","","","140,40,40,80,30,20,0","50,0,0,0"
"Hammer_000","希望大锤Ⅰ","hammer","为调查东部地区而特别制作的大锤。武器的自重配合猎人的全力一击，足以砸碎一切。","0","","0,0,0","1","90","0","0","","","","","50,60,50,40,0,0,0","50,0,0,0"
"Hammer_001","希望大锤Ⅱ","hammer","为调查东部地区而特别制作的大锤。武器的自重配合猎人的全力一击，足以砸碎一切。","1","HunterSkill_046,1","0,0,0","1","100","0","0","","","","","40,50,60,50,0,0,0","50,0,0,0"
"Hammer_002","希望大锤Ⅲ","hammer","为调查东部地区而特别制作的大锤。武器的自重配合猎人的全力一击，足以砸碎一切。","2","HunterSkill_046,1,HunterSkill_001,1","0,0,0","3","130","0","0","","","","","50,60,70,70,0,0,0","50,0,0,0"
"Hammer_003","希望大锤Ⅳ","hammer","为调查东部地区而特别制作的大锤。武器的自重配合猎人的全力一击，足以砸碎一切。","3","HunterSkill_046,2,HunterSkill_001,1","2,1,0","5","160","0","0","","","","","50,60,80,70,40,0,0","50,0,0,0"
"Hammer_004","希望大锤Ⅴ","hammer","为调查东部地区而特别制作的大锤。武器的自重配合猎人的全力一击，足以砸碎一切。","4","HunterSkill_046,2,HunterSkill_001,1","3,2,0","7","190","0","0","","","","","50,60,70,80,50,40,0","50,0,0,0"
"Hammer_005","大骨锤Ⅰ","hammer","直接使用大骨加工而成的粗野骨锤。使用越久，越有味道。","34","HunterSkill_022,1","0,0,0","1","110","0","0","","","","","50,90,60,0,0,0,0","40,10,0,0"
"Hammer_006","大骨锤Ⅱ","hammer","直接使用大骨加工而成的粗野骨锤。使用越久，越有味道。","35","HunterSkill_022,2,HunterSkill_000,1","0,0,0","2","130","0","0","","","","","50,60,90,0,0,0,0","20,30,0,0"
"Hammer_007","大骨锤Ⅲ","hammer","直接使用大骨加工而成的粗野骨锤。使用越久，越有味道。","36","HunterSkill_022,2,HunterSkill_000,1","1,0,0","4","170","0","0","","","","","50,80,100,20,0,0,0","50,0,0,0"
"Hammer_008","大骨锤Ⅳ","hammer","直接使用大骨加工而成的粗野骨锤。使用越久，越有味道。","37","HunterSkill_022,3,HunterSkill_000,1","2,1,0","6","200","0","0","","","","","50,80,80,90,0,0,0","50,0,0,0"
"Hammer_009","沉重岩骨锤","hammer","大骨锤的强化版，保留了粗野的风貌，同时性能也有飞跃性的提升。","38","HunterSkill_022,3,HunterSkill_000,1","3,2,1","8","230","0","0","","","","","50,70,70,70,90,0,0","50,0,0,0"
"Hammer_010","铁锤Ⅰ","hammer","在大锤尚未普及之前，一名老猎人喜欢使用的武器。设计风格粗犷不羁。","9","HunterSkill_029,1","0,0,0","2","120","0","0","","","","","40,40,90,30,0,0,0","50,0,0,0"
"Hammer_011","铁锤Ⅱ","hammer","在大锤尚未普及之前，一名老猎人喜欢使用的武器。设计风格粗犷不羁。","10","HunterSkill_029,2","1,0,0","4","160","0","0","","","","","40,60,90,60,0,0,0","50,0,0,0"
"Hammer_012","铁锤Ⅲ","hammer","在大锤尚未普及之前，一名老猎人喜欢使用的武器。设计风格粗犷不羁。","11","HunterSkill_029,2","2,1,0","6","190","0","0","","","","","40,70,90,60,40,0,0","50,0,0,0"
"Hammer_013","鬼铁","hammer","铁锤的强化型，人称鬼之黑铁。拥有傲人的鬼拳般威力。","12","HunterSkill_029,3","3,2,1","8","220","0","0","","","","","40,60,90,70,50,40,0","50,0,0,0"
"Hammer_014","缠蛙锤Ⅰ","hammer","模仿缠蛙头部造型的大锤。充分发挥了颚部甲壳的重量，威力惊人。","24","HunterSkill_057,1","0,0,0","1","110","0","15","","","","","50,30,110,10,0,0,0","50,0,0,0"
"Hammer_015","缠蛙锤Ⅱ","hammer","模仿缠蛙头部造型的大锤。充分发挥了颚部甲壳的重量，威力惊人。","25","HunterSkill_057,1,HunterSkill_033,1","0,0,0","3","150","0","15","","","","","80,30,120,20,0,0,0","50,0,0,0"
"Hammer_016","缠蛙锤Ⅲ","hammer","模仿缠蛙头部造型的大锤。充分发挥了颚部甲壳的重量，威力惊人。","26","HunterSkill_057,1,HunterSkill_033,1","2,1,0","5","180","0","15","","","","","70,30,110,80,10,0,0","50,0,0,0"
"Hammer_017","缠蛙锤Ⅳ","hammer","模仿缠蛙头部造型的大锤。充分发挥了颚部甲壳的重量，威力惊人。","27","HunterSkill_057,1,HunterSkill_033,2","3,2,0","7","210","0","15","","","","","60,30,120,100,40,0,0","50,0,0,0"
"Hammer_018","沙海锤Ⅰ","hammer","使用沙海龙素材制作的大锤。裹覆了坚硬的钢材，能够凿穿岩石，是为了破碎而存在的重击之器。","49","HunterSkill_032,1","0,0,0","2","110","10","0","water","16","","","50,30,90,30,0,0,0","50,0,0,0"
"Hammer_019","沙海锤Ⅱ","hammer","使用沙海龙素材制作的大锤。裹覆了坚硬的钢材，能够凿穿岩石，是为了破碎而存在的重击之器。","50","HunterSkill_032,2","1,0,0","4","150","10","0","water","20","","","60,30,100,60,0,0,0","50,0,0,0"
"Hammer_020","沙海锤Ⅲ","hammer","使用沙海龙素材制作的大锤。裹覆了坚硬的钢材，能够凿穿岩石，是为了破碎而存在的重击之器。","51","HunterSkill_032,2","2,1,0","5","160","10","0","water","23","","","50,30,110,90,20,0,0","50,0,0,0"
"Hammer_021","沙海锤Ⅳ","hammer","使用沙海龙素材制作的大锤。裹覆了坚硬的钢材，能够凿穿岩石，是为了破碎而存在的重击之器。","52","HunterSkill_032,3","3,2,0","7","190","10","0","water","27","","","40,30,110,90,70,10,0","50,0,0,0"
"Hammer_022","重击沙海锤","hammer","增强了破坏力的强化版沙海锤。锤击的冲击力足以粉碎地壳，卷起沙尘。","53","HunterSkill_032,3","3,2,1","8","210","10","0","water","30","","","40,30,100,90,70,20,0","50,0,0,0"
"Hammer_023","沼喷啄锤Ⅰ","hammer","使用沼喷龙素材制作的大锤。诡异形状据说是参考了疫病肆虐年代的医疗器具。","15","HunterSkill_022,2","0,0,0","3","140","0","0","poison","17","","","60,60,100,30,0,0,0","50,0,0,0"
"Hammer_024","沼喷啄锤Ⅱ","hammer","使用沼喷龙素材制作的大锤。诡异形状据说是参考了疫病肆虐年代的医疗器具。","16","HunterSkill_022,2","2,1,0","5","170","0","0","poison","24","","","50,50,100,90,10,0,0","50,0,0,0"
"Hammer_025","沼喷啄锤Ⅲ","hammer","使用沼喷龙素材制作的大锤。诡异形状据说是参考了疫病肆虐年代的医疗器具。","17","HunterSkill_022,3","3,2,0","7","200","0","0","poison","27","","","60,50,100,30,100,10,0","50,0,0,0"
"Hammer_026","沼喷鸩毒锤","hammer","经过改良的沼喷啄锤。锤头上空洞的面相会注视着不断受啄击和毒素折磨的敌人，直至死去。","18","HunterSkill_022,3","3,2,1","8","220","0","0","poison","30","","","50,50,100,30,100,20,0","50,0,0,0"
"Hammer_027","影蜘蛛球锤Ⅰ","hammer","拔出后顶端会伸出尖刺的大锤。只有影蜘蛛素材才能制成如此精巧的武器。","42","HunterSkill_048,1,HunterSkill_022,1","0,0,0","3","120","10","0","sleep","15","","","70,60,30,90,0,0,0","50,0,0,0"
"Hammer_028","影蜘蛛球锤Ⅱ","hammer","拔出后顶端会伸出尖刺的大锤。只有影蜘蛛素材才能制成如此精巧的武器。","43","HunterSkill_048,1,HunterSkill_022,1","2,1,0","5","150","15","0","sleep","21","","","70,60,30,100,40,0,0","50,0,0,0"
"Hammer_029","影蜘蛛球锤Ⅲ","hammer","拔出后顶端会伸出尖刺的大锤。只有影蜘蛛素材才能制成如此精巧的武器。","44","HunterSkill_048,2,HunterSkill_022,1","3,2,0","7","180","15","0","sleep","27","","","70,60,30,90,60,40,0","50,0,0,0"
"Hammer_030","影蜘蛛锐棘球锤","hammer","影蜘蛛球锤的强化型，经过精心设计，可用打击击碎外壳，再以利刺剜肉。","45","HunterSkill_048,2,HunterSkill_022,1","3,2,1","8","200","15","0","sleep","30","","","70,60,30,60,40,90,0","50,0,0,0"
"Hammer_031","狱焰锤Ⅰ","hammer","以狱焰蛸素材制作的大锤。蓄满力量时隐秘之瞳将会显现，只为亲眼见证对手的末路。","39","HunterSkill_017,2,HunterSkill_046,1","1,0,0","4","170","-15","0","fire","20","","","100,20,90,40,0,0,0","50,0,0,0"
"Hammer_032","狱焰锤Ⅱ","hammer","以狱焰蛸素材制作的大锤。蓄满力量时隐秘之瞳将会显现，只为亲眼见证对手的末路。","40","HunterSkill_017,2,HunterSkill_046,2","3,2,0","7","210","-15","0","fire","27","","","100,20,110,70,50,0,0","50,0,0,0"
"Hammer_033","恶蛸狱焰锤","hammer","强化版的狱焰锤，窥伺的眼珠仿佛正在搜寻猎物。与它对视之人，终其一生也无法从那种恐怖中逃离。","41","HunterSkill_017,3,HunterSkill_046,2","3,2,1","8","230","-15","0","fire","30","","","100,20,110,50,50,20,0","50,0,0,0"
"Hammer_034","白炎碎Ⅰ","hammer","以护火龙素材制作的大锤。能带给持有者如熊熊烈火一般绝不屈服的斗志。","6","HunterSkill_004,1,HunterSkill_003,1","1,0,0","4","160","15","0","fire","21","","","50,100,70,30,0,0,0","50,0,0,0"
"Hammer_035","白炎碎Ⅱ","hammer","以护火龙素材制作的大锤。能带给持有者如熊熊烈火一般绝不屈服的斗志。","7","HunterSkill_004,1,HunterSkill_003,1","2,1,0","6","180","15","0","fire","26","","","50,120,50,50,30,0,0","20,30,0,0"
"Hammer_036","火神白炎碎","hammer","强化后的白炎碎。在皓白之力的涌流中，可以感受到高贵的王者之魂。","8","HunterSkill_004,1,HunterSkill_003,1","3,2,1","8","210","15","0","fire","30","","","50,150,50,40,40,20,0","50,0,0,0"
"Hammer_037","冻峰金属锤Ⅰ","hammer","冻峰龙的冰结之锤。前路上的一切障碍都将被冻成冰块并粉碎。","13","HunterSkill_022,3","3,2,0","7","190","0","0","ice","47","","","40,40,50,100,110,10,0","50,0,0,0"
"Hammer_038","断崖金属锤","hammer","强化后的冻峰金属锤。与冲击一同传来的急剧寒气，能让目标在感到痛苦之前就粉身碎骨。","14","HunterSkill_022,3","3,2,1","8","210","0","0","ice","50","","","40,40,40,80,120,30,0","50,0,0,0"
"Hammer_041","虚无之锤Ⅰ","hammer","使用暗器蛸素材制作的大锤。压倒性的一击能使对手在瞬间失去意识。","46","HunterSkill_022,2","1,0,0","4","160","0","0","water","16","","","20,110,60,60,0,0,0","50,0,0,0"
"Hammer_042","虚无之锤Ⅱ","hammer","使用暗器蛸素材制作的大锤。压倒性的一击能使对手在瞬间失去意识。","47","HunterSkill_022,3","2,1,0","6","190","0","0","water","21","","","20,110,70,60,40,0,0","50,0,0,0"
"Hammer_043","罗朗萨丘之暗锤","hammer","强化版虚无之锤，能让人感到无比悽惨。若看到大锤挥向自己，只能祈祷自己不要死无全尸。","48","HunterSkill_022,3","3,2,1","8","220","0","0","water","25","","","20,110,50,50,60,60,0","50,0,0,0"
"Hammer_044","护锁刃锤Ⅰ","hammer","以护锁刃龙的素材制作的大锤。锤上纹路散发的灵气使人无比专注，仿佛忘却了时间的流逝。","29","HunterSkill_022,2","1,1,0","4","170","-10","0","dragon","16","","","100,40,90,20,0,0,0","50,0,0,0"
"Hammer_045","护锁刃锤Ⅱ","hammer","以护锁刃龙的素材制作的大锤。锤上纹路散发的灵气使人无比专注，仿佛忘却了时间的流逝。","30","HunterSkill_022,2","2,2,0","6","210","-10","0","dragon","21","","","100,70,90,40,0,0,0","10,40,0,0"
"Hammer_046","护锁刃锤·贝德维尔","hammer","强化后的护锁刃锤。据说手持这把武器之人，将赢得数不胜数的胜利。","31","HunterSkill_022,2","3,3,1","8","240","-10","0","dragon","25","","","100,80,50,80,40,0,0","10,40,0,0"
"Hammer_049","怪鸟头锤Ⅰ","hammer","以怪鸟为原型的大锤，自工房发售以来，大受欢迎。只接受预订生产，极难获取。","54","HunterSkill_048,2","2,1,0","5","180","0","0","fire","41","","","100,100,60,40,0,0,0","20,30,0,0"
"Hammer_050","怪鸟头锤Ⅱ","hammer","以怪鸟为原型的大锤，自工房发售以来，大受欢迎。只接受预订生产，极难获取。","55","HunterSkill_048,3","3,2,0","7","210","0","0","fire","47","","","100,120,40,70,20,0,0","20,30,0,0"
"Hammer_051","怪鸟猛砸","hammer","怪鸟头锤的强化版，被民间称颂为梦幻般的珍品。持有此锤，你也可以自称为怪鸟痴。","56","HunterSkill_048,3","3,2,1","8","220","0","0","fire","50","","","110,120,30,60,30,0,0","10,40,0,0"
"Hammer_052","剧毒怪锤Ⅰ","hammer","有毒怪之称的异形大锤，令人畏惧。它所使用的毒物是超出普通标准的特别订制品。","61","HunterSkill_029,1,HunterSkill_057,1","2,1,0","5","180","0","0","poison","31","","","90,50,110,50,0,0,0","50,0,0,0"
"Hammer_053","剧毒怪锤Ⅱ","hammer","有毒怪之称的异形大锤，令人畏惧。它所使用的毒物是超出普通标准的特别订制品。","62","HunterSkill_029,2,HunterSkill_057,1","2,1,0","6","200","0","0","poison","34","","","90,50,80,60,20,0,0","50,0,0,0"
"Hammer_054","致命剧毒锤","hammer","强化版的剧毒怪锤。死亡之锤上涂满了绝不可触碰的毒物。","63","HunterSkill_029,3,HunterSkill_057,1","3,3,1","8","230","0","0","poison","40","","","90,50,110,60,40,0,0","50,0,0,0"
"Hammer_055","护雷白锤Ⅰ","hammer","使用护雷颚龙素材制作的大锤。唯有能以理性抑制蛮勇之力者方可使用。","64","HunterSkill_003,3","2,1,0","6","180","15","0","elec","39","","","40,100,120,40,0,0,0","10,40,0,0"
"Hammer_056","闪电护雷锤","hammer","护雷白锤的强化版，具备强大到足以扭曲常理的力量。如果沉溺于这份力量，将会自取灭亡。","65","HunterSkill_003,3","3,2,1","8","210","15","0","elec","45","","","40,90,120,60,40,0,0","0,50,0,0"
"Hammer_057","雪狮哈奴曼锤Ⅰ","hammer","使用雪狮子王素材制作的锤，造型模仿了传说中被众生虔诚信仰的猴神所挥舞的战锤。","66","HunterSkill_032,3","2,1,0","6","200","-10","0","ice","21","","","50,30,110,80,30,0,0","50,0,0,0"
"Hammer_058","狮王哈奴曼锤","hammer","强化版的雪狮哈奴曼锤，包覆了更低温的寒气。使用者也能获得猴神拔山盖世的伟力。","67","HunterSkill_032,3","3,2,1","8","230","-10","0","ice","25","","","50,30,110,80,50,30,0","50,0,0,0"
"Hammer_059","岩壳锤Ⅰ","hammer","利用具备耐高温特性的铠龙甲壳加工制成的大锤。挥手间掀起冲击，引发爆炸。","68","HunterSkill_048,3","2,1,0","6","210","-20","30","blast","34","","","110,70,80,40,0,0,0","30,20,0,0"
"Hammer_060","铠龙重锤","hammer","岩壳锤的强化型。是连时空亦可击碎的豪迈之锤，连生命亦可破灭的破坏之锤。","69","HunterSkill_048,3","3,2,1","8","250","-20","30","blast","40","","","100,70,70,70,40,0,0","50,0,0,0"
"Hammer_061","大锤大陵五Ⅰ","hammer","使用千刃龙的鳞组合而成的大锤。强度极高且锋利的棘会将敌人化为粉尘。","109","HunterSkill_217,1","3,2,0","7","190","25","0","","","","","50,70,100,60,70,0,0","0,50,0,0"
"Hammer_062","叛锤大陵五","hammer","以无尽的力量变革乱世的铁锤。大锤大陵五的强化版乃身为革命者的证明。","110","HunterSkill_217,1","3,2,1","8","210","25","0","","","","","50,70,100,50,60,20,0","50,0,0,0"
"Hammer_063","赤色冲击Ⅰ","hammer","用整个火龙头制成的精良大锤。唯有不惧火龙之怒的强者方可持有。","57","HunterSkill_002,3","2,1,0","6","180","10","0","fire","34","","","100,70,50,40,40,0,0","50,0,0,0"
"Hammer_064","火龙碎锤","hammer","不断强化的成果便是这把烈火的赤色冲击。其雄健魂魄不受任何拘束。","58","HunterSkill_002,3","3,2,1","8","200","10","0","fire","40","","","100,70,50,40,60,30,0","50,0,0,0"
"Hammer_065","权力of眩惑Ⅰ","hammer","仿造异形者的骷髅制成的黑蚀龙大锤。隐藏的魔眼将永远紧闭。","59","HunterSkill_003,3","3,2,0","7","180","20","0","dragon","27","","","50,70,80,70,50,30,0","50,0,0,0"
"Hammer_066","权力of恐怖","hammer","权力of眩惑实现了进化。禁忌的魔眼睁开，世界开始回归虚无。","60","HunterSkill_003,3","3,2,1","8","210","20","0","dragon","30","","","50,50,80,60,50,60,0","50,0,0,0"
"Hammer_067","锁刃锤Ⅰ","hammer","使用锁刃龙素材制作的大锤。据说在古时候，它曾属于某位在战场有万夫莫敌之勇的骑士。","32","HunterSkill_022,3","3,2,0","7","200","0","0","dragon","32","","","50,50,50,80,100,20,0","50,0,0,0"
"Hammer_068","牢狱锤Ⅰ","hammer","构造特殊的大锤。能通过雷光虫放电使怪物休克，陷入麻痹。","19","HunterSkill_033,1","0,0,0","1","100","0","0","paralyse","15","","","60,60,50,30,0,0,0","50,0,0,0"
"Hammer_069","牢狱锤Ⅱ","hammer","构造特殊的大锤。能通过雷光虫放电使怪物休克，陷入麻痹。","20","HunterSkill_033,2","0,0,0","3","140","0","0","paralyse","17","","","70,60,60,60,0,0,0","50,0,0,0"
"Hammer_070","牢狱锤Ⅲ","hammer","构造特殊的大锤。能通过雷光虫放电使怪物休克，陷入麻痹。","21","HunterSkill_033,2","2,1,0","5","170","0","0","paralyse","20","","","70,70,70,60,30,0,0","50,0,0,0"
"Hammer_071","牢狱锤Ⅳ","hammer","构造特殊的大锤。能通过雷光虫放电使怪物休克，陷入麻痹。","22","HunterSkill_033,3","3,2,1","7","200","0","0","paralyse","22","","","70,70,60,60,60,30,0","50,0,0,0"
"Hammer_072","电击锤","hammer","牢狱锤的强化版。被它击中后会即刻陷入麻痹状态，效果超乎想象。","23","HunterSkill_033,3","3,3,1","8","220","0","0","paralyse","25","","","60,60,60,60,60,50,0","50,0,0,0"
"Hammer_073","机械战锤Ⅰ","hammer","由发现的武器碎片组成的古代战锤。内部推进装置的原本用途至今仍未解明。","100","","2,2,2","6","170","5","0","","","","","80,40,60,80,40,0,0","20,30,0,0"
"Hammer_074","机械战锤Ⅱ","hammer","由发现的武器碎片组成的古代战锤。内部推进装置的原本用途至今仍未解明。","101","","2,2,2","7","180","5","0","","","","","80,40,60,80,70,20,0","50,0,0,0"
"Hammer_075","汪克尔原动机","hammer","拥有隐藏性能的太古战锤。当它的全部机能都得到修复之时，就将为了粉碎一切而驱动。","102","","3,3,3","8","190","5","0","","","","","80,40,60,80,70,20,0","50,0,0,0"
"Hammer_076","期冀大锤","hammer","通过实地调查而改良的希望大锤。将拦路之辈尽皆击溃，便是通往希望之捷径。","5","HunterSkill_046,2,HunterSkill_001,2","3,2,1","8","210","0","0","","","","","50,60,70,60,40,70,0","50,0,0,0"
"Hammer_077","缠蛙强击锤","hammer","强化了打击能力的缠蛙锤。一锤下去雷霆万钧，颇有将猎物一口吞下的缠蛙风范。","28","HunterSkill_057,1,HunterSkill_033,3","3,2,1","8","230","0","15","","","","","60,30,100,90,70,0,0","10,40,0,0"
"Hammer_078","锁刃锤·贝德维尔","hammer","锁刃锤的强化版。据说曾有一位臂力惊人的骑士能够单手挥舞这把战锤。","33","HunterSkill_022,3","3,2,1","8","220","0","0","dragon","35","","","50,50,50,70,90,40,0","50,0,0,0"
"Hammer_079","白炽锤乌列尔Ⅰ","hammer","由白炽龙素材锻造，冠以纯正本质之名的大锤。坚厚外壳匿于暗影之中，对待敌人毫不留情。","103","HunterSkill_204,1","3,2,0","7","210","5","0","dragon","20","","","100,40,100,40,50,20,0","50,0,0,0"
"Hammer_080","炽光锤乌列尔","hammer","乌列尔自天上传下意志——渴求本质的守望者啊，便叫这挥下的大锤赐予汝寂静罢。","104","HunterSkill_204,1","3,2,1","8","220","5","0","dragon","25","","","100,40,100,40,30,40,0","50,0,0,0"
"Hammer_082","狐锤【玉落弃尘世】Ⅰ","hammer","长于政事、创造了和平世界的公主留下的风雅大锤。可驱散现世弥漫的邪念。","106","HunterSkill_202,2,HunterSkill_003,1","2,1,0","6","180","15","0","water","30","","","80,60,40,40,70,10,0","50,0,0,0"
"Hammer_083","海波挠锤之华石","hammer","狐锤【玉落弃尘世】强化型。遵循新月的指引，风雅大锤化为驱散妄执的现世之光。","107","HunterSkill_202,3,HunterSkill_003,1","3,2,1","8","210","15","0","water","35","","","80,60,40,40,80,50,0","50,0,0,0"
"Hammer_086","海雷涡流锤Ⅰ","hammer","以漩涡海龙为原型打造而成的雷锤。被卷入漩涡中的猎物，会在怒涛般的连击下粉身碎骨。","112","HunterSkill_214,1,HunterSkill_032,2","3,2,0","7","200","0","0","elec","40","","","70,50,40,110,50,30,0","50,0,0,0"
"Hammer_087","海雷涡流猛锤","hammer","海雷涡流锤的强化版。电流变得更猛烈，化为吞噬大地的汹涌漩涡。","113","HunterSkill_214,1,HunterSkill_032,2","3,2,1","8","220","0","0","elec","45","","","60,40,30,90,70,60,0","50,0,0,0"
"Hammer_089","禁戒牢狱汪克尔","hammer","吞噬隐藏性能的异形之灵魂。虚无的魂魄徘徊寻求，曾驱动其身的真正容器。","114","","3,3,3","8","200","-10","0","","","","","140,40,40,80,30,20,0","50,0,0,0"
"Hammer_090","禁戒牢狱汪克尔","hammer","吞噬隐藏性能的异形之灵魂。虚无的魂魄徘徊寻求，曾驱动其身的真正容器。","115","","3,3,3","8","180","15","0","","","","","140,40,40,50,70,10,0","50,0,0,0"
"Hammer_091","禁戒牢狱汪克尔","hammer","吞噬隐藏性能的异形之灵魂。虚无的魂魄徘徊寻求，曾驱动其身的真正容器。","116","","3,3,3","8","190","0","0","","","","","140,40,40,80,30,20,0","50,0,0,0"
"HeavyBowgun_000","希望加农炮Ⅰ","heavy-bowgun","为调查东部地区特别制作的重弩炮。每个零件都被加工得十分厚重，从而提升了射击的威力。","0","","0,0,0","1","90","0","0","","","","","",""
"HeavyBowgun_001","希望加农炮Ⅱ","heavy-bowgun","为调查东部地区特别制作的重弩炮。每个零件都被加工得十分厚重，从而提升了射击的威力。","1","HunterSkill_019,1","0,0,0","1","100","0","0","","","","","",""
"HeavyBowgun_002","希望加农炮Ⅲ","heavy-bowgun","为调查东部地区特别制作的重弩炮。每个零件都被加工得十分厚重，从而提升了射击的威力。","2","HunterSkill_019,1,HunterSkill_001,1","0,0,0","3","130","0","0","","","","","",""
"HeavyBowgun_003","希望加农炮Ⅳ","heavy-bowgun","为调查东部地区特别制作的重弩炮。每个零件都被加工得十分厚重，从而提升了射击的威力。","3","HunterSkill_019,2,HunterSkill_001,1","2,1,0","5","160","0","0","","","","","",""
"HeavyBowgun_004","希望加农炮Ⅴ","heavy-bowgun","为调查东部地区特别制作的重弩炮。每个零件都被加工得十分厚重，从而提升了射击的威力。","4","HunterSkill_019,3,HunterSkill_001,1","3,2,0","7","190","0","0","","","","","",""
"HeavyBowgun_008","缠蛙破坏炮Ⅰ","heavy-bowgun","使用缠蛙素材制作的重弩炮。大口径弹仓的设计代表其性能偏向于重火力。","16","HunterSkill_198,1","0,0,0","1","110","0","15","","","","","",""
"HeavyBowgun_009","缠蛙破坏炮Ⅱ","heavy-bowgun","使用缠蛙素材制作的重弩炮。大口径弹仓的设计代表其性能偏向于重火力。","17","HunterSkill_198,2","0,0,0","3","150","0","15","","","","","",""
"HeavyBowgun_010","缠蛙破坏炮Ⅲ","heavy-bowgun","使用缠蛙素材制作的重弩炮。大口径弹仓的设计代表其性能偏向于重火力。","18","HunterSkill_198,2","2,1,0","5","180","0","15","","","","","",""
"HeavyBowgun_011","缠蛙破坏炮Ⅳ","heavy-bowgun","使用缠蛙素材制作的重弩炮。大口径弹仓的设计代表其性能偏向于重火力。","19","HunterSkill_198,3","3,2,0","7","210","0","15","","","","","",""
"HeavyBowgun_016","强力放臭者Ⅰ","heavy-bowgun","使用桃毛兽王素材制作的重弩炮。设计注重易用性，可发挥出稳定的狩猎水平。","39","HunterSkill_037,1","0,0,0","2","120","5","0","","","","","",""
"HeavyBowgun_017","强力放臭者Ⅱ","heavy-bowgun","使用桃毛兽王素材制作的重弩炮。设计注重易用性，可发挥出稳定的狩猎水平。","40","HunterSkill_037,1,HunterSkill_198,1","2,1,0","5","170","5","0","","","","","",""
"HeavyBowgun_018","狂野放臭者","heavy-bowgun","强力放臭者的强化形态。其性能可应对任何战局，令人忘记绝境这一词语。","41","HunterSkill_037,2,HunterSkill_198,1","3,3,1","8","220","5","0","","","","","",""
"HeavyBowgun_024","波涛炮Ⅰ","heavy-bowgun","使用波衣龙素材制作的重弩炮。籍由高压射出的弹药，其威力和大炮相比也毫不逊色。","35","HunterSkill_197,2","0,0,0","3","160","-15","0","","","","","",""
"HeavyBowgun_025","波涛炮Ⅱ","heavy-bowgun","使用波衣龙素材制作的重弩炮。籍由高压射出的弹药，其威力和大炮相比也毫不逊色。","36","HunterSkill_197,2","2,1,0","5","190","-15","0","","","","","",""
"HeavyBowgun_026","波涛炮Ⅲ","heavy-bowgun","使用波衣龙素材制作的重弩炮。籍由高压射出的弹药，其威力和大炮相比也毫不逊色。","37","HunterSkill_197,3","3,2,0","7","220","-15","0","","","","","",""
"HeavyBowgun_027","狂澜波涛炮","heavy-bowgun","波涛炮的强化版。高贵的鱼儿轻轻飘动着液纱，炮弹如瀑般倾泻。","38","HunterSkill_197,3","3,2,1","8","240","-15","0","","","","","",""
"HeavyBowgun_032","沼喷狙击炮Ⅰ","heavy-bowgun","使用沼喷龙素材制作的重弩炮。这是一件试作品，原理是利用调合毒素产生的瓦斯来增加有效射程。","12","HunterSkill_027,2","0,0,0","3","140","0","0","","","","","",""
"HeavyBowgun_033","沼喷狙击炮Ⅱ","heavy-bowgun","使用沼喷龙素材制作的重弩炮。这是一件试作品，原理是利用调合毒素产生的瓦斯来增加有效射程。","13","HunterSkill_027,2","2,1,0","5","170","0","0","","","","","",""
"HeavyBowgun_034","沼喷狙击炮Ⅲ","heavy-bowgun","使用沼喷龙素材制作的重弩炮。这是一件试作品，原理是利用调合毒素产生的瓦斯来增加有效射程。","14","HunterSkill_027,3","3,2,0","7","200","0","0","","","","","",""
"HeavyBowgun_035","沼喷蛛毒重弩","heavy-bowgun","根据测试结果进行了改良的沼喷狙击手。被它击中的对手甚至都没有机会感到痛苦就会倒地。","15","HunterSkill_027,3","3,2,1","8","220","0","0","","","","","",""
"HeavyBowgun_036","影蜘蛛破坏弩Ⅰ","heavy-bowgun","在变形部位使用了大量伸缩自如的影蜘蛛素材，兼顾到了易用性和破坏力的重弩炮。","31","HunterSkill_028,1,HunterSkill_026,1","0,0,0","3","120","10","0","","","","","",""
"HeavyBowgun_037","影蜘蛛破坏弩Ⅱ","heavy-bowgun","在变形部位使用了大量伸缩自如的影蜘蛛素材，兼顾到了易用性和破坏力的重弩炮。","32","HunterSkill_028,1,HunterSkill_026,1","2,1,0","5","150","15","0","","","","","",""
"HeavyBowgun_038","影蜘蛛破坏弩Ⅲ","heavy-bowgun","在变形部位使用了大量伸缩自如的影蜘蛛素材，兼顾到了易用性和破坏力的重弩炮。","33","HunterSkill_028,2,HunterSkill_026,1","3,2,0","7","180","15","0","","","","","",""
"HeavyBowgun_039","破坏者猎弩","heavy-bowgun","对影蜘蛛破坏弩进行了彻底改良。精准的一击仿若影蜘蛛一般，直中猎物要害。","34","HunterSkill_028,2,HunterSkill_026,1","3,2,1","8","200","15","0","","","","","",""
"HeavyBowgun_040","狱焰炮Ⅰ","heavy-bowgun","使用狱焰蛸素材打造的恐怖重弩炮。独一无二的怪异弩身会侵蚀持有者的精神。","42","HunterSkill_198,2","1,0,0","4","170","-15","0","","","","","",""
"HeavyBowgun_041","狱焰炮Ⅱ","heavy-bowgun","使用狱焰蛸素材打造的恐怖重弩炮。独一无二的怪异弩身会侵蚀持有者的精神。","43","HunterSkill_198,3","3,2,0","7","210","-15","0","","","","","",""
"HeavyBowgun_042","恶蛸狱焰炮","heavy-bowgun","蠢动的强化版狱焰炮令人毛骨悚然。强大无比的暗之力召唤出无可抵抗的因果轮回。","44","HunterSkill_198,3","3,2,1","8","230","-15","0","","","","","",""
"HeavyBowgun_048","冻峰金属步枪Ⅰ","heavy-bowgun","自冰封绝壁所诞生的冻峰龙重弩炮。特点是最大限度利用素材特性的冷却机关。","6","HunterSkill_026,3","3,2,0","7","190","0","0","","","","","",""
"HeavyBowgun_049","断崖金属炮","heavy-bowgun","冻峰金属步枪的强化版。宛如在连时间都被封闭的山巅上刮起的狂风暴雪，源源不断地施展着它的雄威。","7","HunterSkill_026,3","3,2,1","8","210","0","0","","","","","",""
"HeavyBowgun_056","铁制突击弩Ⅰ","heavy-bowgun","以简单结构制造的重弩炮，连新手都能轻松操作。最适合刚接触重弩的猎人。","8","HunterSkill_197,1","0,0,0","2","120","0","0","","","","","",""
"HeavyBowgun_057","铁制突击弩Ⅱ","heavy-bowgun","以简单结构制造的重弩炮，连新手都能轻松操作。最适合刚接触重弩的猎人。","9","HunterSkill_197,2","1,0,0","4","160","0","0","","","","","",""
"HeavyBowgun_058","铁制突击弩Ⅲ","heavy-bowgun","以简单结构制造的重弩炮，连新手都能轻松操作。最适合刚接触重弩的猎人。","10","HunterSkill_197,3","2,1,0","6","190","0","0","","","","","",""
"HeavyBowgun_059","钢铁突击弩","heavy-bowgun","简单的铁制重弩，经工匠稍加改良就获得了强大的威力。外观朴素，但性能可不简单。","11","HunterSkill_197,3","3,2,1","8","220","0","0","","","","","",""
"HeavyBowgun_064","骨制发射器Ⅰ","heavy-bowgun","价格低廉，性能稳定，值得信赖。更为后续进一步强化打下了坚实的基础。","26","HunterSkill_026,1","0,0,0","1","110","0","0","","","","","",""
"HeavyBowgun_065","骨制发射器Ⅱ","heavy-bowgun","价格低廉，性能稳定，值得信赖。更为后续进一步强化打下了坚实的基础。","27","HunterSkill_026,1,HunterSkill_000,1","0,0,0","2","130","0","0","","","","","",""
"HeavyBowgun_066","骨制发射器Ⅲ","heavy-bowgun","价格低廉，性能稳定，值得信赖。更为后续进一步强化打下了坚实的基础。","28","HunterSkill_026,2,HunterSkill_000,1","1,0,0","4","170","0","0","","","","","",""
"HeavyBowgun_067","骨制发射器Ⅳ","heavy-bowgun","价格低廉，性能稳定，值得信赖。更为后续进一步强化打下了坚实的基础。","29","HunterSkill_026,3,HunterSkill_000,1","2,1,0","6","200","0","0","","","","","",""
"HeavyBowgun_068","坚骨发射器","heavy-bowgun","骨制发射器强化版，射击性能优异，据说老手猎人也喜欢使用。","30","HunterSkill_026,3,HunterSkill_000,1","3,2,1","8","230","0","0","","","","","",""
"HeavyBowgun_072","怪鸟炮Ⅰ","heavy-bowgun","高输出、大口径的重弩炮。使用了大量防火性能极高的素材。","45","HunterSkill_032,2","2,1,0","5","180","0","0","","","","","",""
"HeavyBowgun_073","怪鸟炮Ⅱ","heavy-bowgun","高输出、大口径的重弩炮。使用了大量防火性能极高的素材。","46","HunterSkill_032,3","3,2,0","7","210","0","0","","","","","",""
"HeavyBowgun_074","怪鸟大炮","heavy-bowgun","强化型的怪鸟炮，将输出提升到了极限。带有烈火的火炎弹会烧尽一切猎物。","47","HunterSkill_032,3","3,2,1","8","220","0","0","","","","","",""
"HeavyBowgun_077","战车魔术师Ⅰ","heavy-bowgun","使用毒怪鸟素材制作的重弩炮。橡胶质素材带来的独特握持感，能瞄得更稳。","50","HunterSkill_026,2","2,1,0","5","180","0","0","","","","","",""
"HeavyBowgun_078","战车魔术师Ⅱ","heavy-bowgun","使用毒怪鸟素材制作的重弩炮。橡胶质素材带来的独特握持感，能瞄得更稳。","51","HunterSkill_026,3","2,1,0","6","200","0","0","","","","","",""
"HeavyBowgun_079","战车黑法师","heavy-bowgun","战车魔术师的强化版，威力得到了极大增强。此炮的持有者将化为固若金汤的要塞。","52","HunterSkill_026,3","3,2,1","8","230","0","0","","","","","",""
"HeavyBowgun_082","妃龙炮【远击】Ⅰ","heavy-bowgun","用防火性能高的雌火龙素材制成。可输出稳定火力的重火炮，足以令猎人心生向往。","53","HunterSkill_197,2,HunterSkill_141,1","2,1,0","5","160","15","0","","","","","",""
"HeavyBowgun_083","妃龙炮【远击】Ⅱ","heavy-bowgun","用防火性能高的雌火龙素材制成。可输出稳定火力的重火炮，足以令猎人心生向往。","54","HunterSkill_197,3,HunterSkill_141,1","3,2,0","7","190","15","0","","","","","",""
"HeavyBowgun_084","妃龙炮【飞击】","heavy-bowgun","妃龙炮【远击】的强化版，细巧的枪身上汇集了技术精华。唯有老手可拥有此炮。","55","HunterSkill_197,3,HunterSkill_141,1","3,2,1","8","210","15","0","","","","","",""
"HeavyBowgun_087","护雷白炮Ⅰ","heavy-bowgun","使用护雷颚龙素材制作的重弩炮。唯有能以理性抑制蛮勇之力者方可使用。","48","HunterSkill_003,3","2,1,0","6","180","15","0","","","","","",""
"HeavyBowgun_088","导弹护雷重弩","heavy-bowgun","护雷白炮的强化版。具备强大到足以扭曲常理的力量。如果沉溺于这份力量，也会自取灭亡。","49","HunterSkill_003,3","3,2,1","8","210","15","0","","","","","",""
"HeavyBowgun_092","重弩天仓一Ⅰ","heavy-bowgun","装饰华美的千刃龙重弩炮。金色的弹丸带着因不公而激愤的反抗意志，直直地贯穿靶心。","109","HunterSkill_218,1,HunterSkill_232,1","3,2,0","7","180","20","0","","","","","",""
"HeavyBowgun_093","叛炮天仓一","heavy-bowgun","只要反抗的斗志不灭，叛炮便会继续装弹。重弩天仓一的强化形态。","110","HunterSkill_218,1,HunterSkill_232,1","3,2,1","8","200","20","0","","","","","",""
"HeavyBowgun_097","铠龙怒吼Ⅰ","heavy-bowgun","模仿铠龙造型的超重装型重弩炮。巨大口腔中射出的子弹威力十足，可撼动四周。","56","HunterSkill_027,3","2,1,0","6","210","-15","30","","","","","",""
"HeavyBowgun_098","铠龙终极怒吼","heavy-bowgun","炮声隆隆，划破天际。铠龙怒吼强化版射出的子弹拥有足以粉碎大气的傲人威力。","57","HunterSkill_027,3","3,2,1","8","240","-15","30","","","","","",""
"HeavyBowgun_102","导火索of危机Ⅰ","heavy-bowgun","黑蚀龙的瘴气凝结而成的重弩炮。不祥的枪口中射出黑色的诅咒，从内部侵蚀并吞食猎物。","58","HunterSkill_003,3","3,2,0","7","180","20","0","","","","","",""
"HeavyBowgun_103","导火索of灭绝","heavy-bowgun","导火索of危机的强化型，漂浮于永久的黑暗之中。黑色诅咒游遍世界，引诱众多生命坠入地狱。","59","HunterSkill_003,3","3,2,1","8","200","20","0","","","","","",""
"HeavyBowgun_107","护锁刃炮Ⅰ","heavy-bowgun","以护锁刃龙的素材制作的重弩炮。架起这把沉重而冰冷的武器，连心跳也会放缓，让人化作冷酷的射手。","21","HunterSkill_197,2","1,1,0","4","170","-10","0","","","","","",""
"HeavyBowgun_108","护锁刃炮Ⅱ","heavy-bowgun","以护锁刃龙的素材制作的重弩炮。架起这把沉重而冰冷的武器，连心跳也会放缓，让人化作冷酷的射手。","22","HunterSkill_197,2","2,2,0","6","210","-10","0","","","","","",""
"HeavyBowgun_109","护锁刃炮·帕拉梅德斯","heavy-bowgun","强化后的护锁刃炮。即便经过悠久的时光而失去发射的弹药，也能装填上心之弹药扼杀生命。","23","HunterSkill_197,2","3,3,1","8","240","-10","0","","","","","",""
"HeavyBowgun_115","锁刃炮Ⅰ","heavy-bowgun","使用锁刃龙素材制作的重弩炮。据说它曾为古代骑士所用，骑士保卫的城国难攻不落，被久为传诵。","24","HunterSkill_197,3","3,2,0","7","200","0","0","","","","","",""
"HeavyBowgun_128","机械破坏炮Ⅰ","heavy-bowgun","由发现的武器碎片组成的古代重弩炮。那看似手臂的部位据推测是用来强化子弹的威力。","100","","2,2,2","6","170","5","0","","","","","",""
"HeavyBowgun_129","机械破坏炮Ⅱ","heavy-bowgun","由发现的武器碎片组成的古代重弩炮。那看似手臂的部位据推测是用来强化子弹的威力。","101","","2,2,2","7","180","5","0","","","","","",""
"HeavyBowgun_130","远古抓取者","heavy-bowgun","有着潜藏性能的太古重弩炮。若是完全复原，从它的炮管中射出的仅有湮灭。","102","","3,3,3","8","190","5","0","","","","","",""
"HeavyBowgun_131","白炽炮梅塔特隆Ⅰ","heavy-bowgun","由白炽龙素材锻造，冠以纯白契约之名的重弩炮。尖锐的枪鸣无情地将敌人化为灰烬。","103","HunterSkill_204,1","3,2,0","7","210","5","0","","","","","",""
"HeavyBowgun_132","炽光炮梅塔特隆","heavy-bowgun","梅塔特隆自天上传下意志——渴求契约的独断者啊，便叫这炮口代为宣告汝之决断。","104","HunterSkill_204,1","3,2,1","8","220","5","0","","","","","",""
"HeavyBowgun_140","期冀加农炮","heavy-bowgun","通过实地调查而改良的希望加农炮。高强度的火力与各种弹药将为世界点亮希望之光。","5","HunterSkill_019,3,HunterSkill_001,1","3,2,1","8","210","0","0","","","","","",""
"HeavyBowgun_141","缠蛙鸣放炮","heavy-bowgun","重新审视构造后予以改良的缠蛙破坏炮。其释放的火炮连巨岩都能轻易粉碎。","20","HunterSkill_198,3","3,2,1","8","230","0","15","","","","","",""
"HeavyBowgun_142","锁刃炮·帕拉梅德斯","heavy-bowgun","锁刃炮的强化版。曾有信念坚定的骑士，无所畏惧地用精确无比的弹药履行了骑士的职责。","25","HunterSkill_197,3","3,2,1","8","220","0","0","","","","","",""
"HeavyBowgun_143","狐重炮【风过云雾散】Ⅰ","heavy-bowgun","功成名就之士留下的风雅重弩炮。其炮击可驱散夜雾，召唤月光。","106","HunterSkill_202,2,HunterSkill_003,1","2,1,0","6","180","15","0","","","","","",""
"HeavyBowgun_144","撤步山炮之御车","heavy-bowgun","狐重炮【风过云雾散】强化型。风雅重炮射出水沫，其轨迹将蔓延至遥远的明月。","107","HunterSkill_202,3,HunterSkill_003,1","3,2,1","8","210","15","0","","","","","",""
"HeavyBowgun_148","海龙闪击Ⅰ","heavy-bowgun","使用海龙素材制作的重弩炮。覆盖带电质甲壳的弩身，实现了不损失弹丸威力的构造。","112","HunterSkill_214,1,HunterSkill_197,2","3,2,0","7","200","0","0","","","","","",""
"HeavyBowgun_149","雷炮海龙电击","heavy-bowgun","海龙闪击的强化版。将带电性能提升到了极致，借此获得了巨大的破坏力。","113","HunterSkill_214,1,HunterSkill_197,2","3,2,1","8","220","0","0","","","","","",""
"HeavyBowgun_153","战栗统治抓取者","heavy-bowgun","吞噬隐藏性能的异形之记忆。罪业不容湮灭，永恒铭刻无穷的恐怖与痛苦。","114","","3,3,3","8","200","-10","0","","","","","",""
"HeavyBowgun_154","战栗统治抓取者","heavy-bowgun","吞噬隐藏性能的异形之记忆。罪业不容湮灭，永恒铭刻无穷的恐怖与痛苦。","115","","3,3,3","8","180","15","0","","","","","",""
"HeavyBowgun_155","战栗统治抓取者","heavy-bowgun","吞噬隐藏性能的异形之记忆。罪业不容湮灭，永恒铭刻无穷的恐怖与痛苦。","116","","3,3,3","8","190","0","0","","","","","",""
"Lance_000","希望长枪Ⅰ","lance","为调查东部地区而特别制作的长枪。铜墙铁壁般的格挡和精准的突刺正是它的精髓。","0","","0,0,0","1","90","0","0","","","","","50,60,40,50,0,0,0","50,0,0,0"
"Lance_001","希望长枪Ⅱ","lance","为调查东部地区而特别制作的长枪。铜墙铁壁般的格挡和精准的突刺正是它的精髓。","1","HunterSkill_046,1","0,0,0","1","100","0","0","","","","","40,50,50,60,0,0,0","50,0,0,0"
"Lance_002","希望长枪Ⅲ","lance","为调查东部地区而特别制作的长枪。铜墙铁壁般的格挡和精准的突刺正是它的精髓。","2","HunterSkill_046,1,HunterSkill_001,1","0,0,0","3","130","0","0","","","","","50,60,60,80,0,0,0","50,0,0,0"
"Lance_003","希望长枪Ⅳ","lance","为调查东部地区而特别制作的长枪。铜墙铁壁般的格挡和精准的突刺正是它的精髓。","3","HunterSkill_046,2,HunterSkill_001,1","2,1,0","5","160","0","0","","","","","50,60,70,70,50,0,0","50,0,0,0"
"Lance_004","希望长枪Ⅴ","lance","为调查东部地区而特别制作的长枪。铜墙铁壁般的格挡和精准的突刺正是它的精髓。","4","HunterSkill_046,2,HunterSkill_001,1","3,2,0","7","190","0","0","","","","","50,60,60,80,50,50,0","50,0,0,0"
"Lance_005","骨长枪Ⅰ","lance","性能不亚于铁的骨长枪。柔韧的枪尖可以缓解突刺时的冲击，适合新手使用。","29","HunterSkill_026,1","0,0,0","1","110","0","0","","","","","50,80,70,0,0,0,0","40,10,0,0"
"Lance_006","骨长枪Ⅱ","lance","性能不亚于铁的骨长枪。柔韧的枪尖可以缓解突刺时的冲击，适合新手使用。","30","HunterSkill_026,1,HunterSkill_000,1","0,0,0","2","130","0","0","","","","","50,50,100,0,0,0,0","20,30,0,0"
"Lance_007","骨长枪Ⅲ","lance","性能不亚于铁的骨长枪。柔韧的枪尖可以缓解突刺时的冲击，适合新手使用。","31","HunterSkill_026,2,HunterSkill_000,1","1,0,0","4","170","0","0","","","","","50,70,100,30,0,0,0","50,0,0,0"
"Lance_008","骨长枪Ⅳ","lance","性能不亚于铁的骨长枪。柔韧的枪尖可以缓解突刺时的冲击，适合新手使用。","32","HunterSkill_026,3,HunterSkill_000,1","2,1,0","6","200","0","0","","","","","50,70,80,100,0,0,0","50,0,0,0"
"Lance_009","硬骨枪","lance","骨长枪的强化型，使用质量更为上乘的骨头制成。君临野生之巅的长枪。","33","HunterSkill_026,3,HunterSkill_000,1","3,2,1","8","230","0","0","","","","","50,60,70,70,100,0,0","50,0,0,0"
"Lance_010","铬钢钻头Ⅰ","lance","曾用于采掘矿石的机械枪。八条刀刃旋转起来，可以轻松破开猎物的甲壳。","18","HunterSkill_027,1","0,0,0","2","120","0","0","","","","","30,40,90,40,0,0,0","50,0,0,0"
"Lance_011","铬钢钻头Ⅱ","lance","曾用于采掘矿石的机械枪。八条刀刃旋转起来，可以轻松破开猎物的甲壳。","19","HunterSkill_027,2","1,0,0","4","160","0","0","","","","","30,60,90,70,0,0,0","50,0,0,0"
"Lance_012","铬钢钻头Ⅲ","lance","曾用于采掘矿石的机械枪。八条刀刃旋转起来，可以轻松破开猎物的甲壳。","20","HunterSkill_027,2","2,1,0","6","190","0","0","","","","","30,70,90,60,50,0,0","50,0,0,0"
"Lance_013","铬钢长枪","lance","利用稀少的钢铁进一步强化后的铬钢钻头。这把赌上匠师名誉的杰作，可在抬手之间贯穿坚固的甲壳。","21","HunterSkill_027,3","3,2,1","8","220","0","0","","","","","30,60,90,70,50,50,0","50,0,0,0"
"Lance_014","炎尾长枪Ⅰ","lance","巧妙利用了炎尾龙素材防火性能的长枪。即便身缠烈火，刀刃也不减锋利，盾牌更能阻断发出的热量。","41","HunterSkill_026,1","0,0,0","1","100","5","0","fire","10","","","50,70,50,30,0,0,0","50,0,0,0"
"Lance_015","炎尾长枪Ⅱ","lance","巧妙利用了炎尾龙素材防火性能的长枪。即便身缠烈火，刀刃也不减锋利，盾牌更能阻断发出的热量。","42","HunterSkill_026,2","0,0,0","3","140","5","0","fire","12","","","50,80,60,60,0,0,0","50,0,0,0"
"Lance_016","炎尾长枪Ⅲ","lance","巧妙利用了炎尾龙素材防火性能的长枪。即便身缠烈火，刀刃也不减锋利，盾牌更能阻断发出的热量。","43","HunterSkill_026,2","2,1,0","5","170","5","0","fire","15","","","70,80,80,50,20,0,0","50,0,0,0"
"Lance_017","炎尾长枪Ⅳ","lance","巧妙利用了炎尾龙素材防火性能的长枪。即便身缠烈火，刀刃也不减锋利，盾牌更能阻断发出的热量。","44","HunterSkill_026,3","3,2,0","7","210","5","0","fire","17","","","70,80,80,80,40,0,0","50,0,0,0"
"Lance_018","喷火炎尾长枪","lance","使用精选素材制作的炎尾长枪改良版。伴随着烈火的突刺，枪尖贯穿之物将在灼灼烈焰之中化为灰烬。","45","HunterSkill_026,3","3,2,1","8","240","5","0","fire","20","","","60,70,80,80,60,0,0","50,0,0,0"
"Lance_019","刺花长枪Ⅰ","lance","使用刺花蜘蛛素材制作，适合突刺的长枪。硕大的花蕾之中蓄满了强效的麻痹毒。","58","HunterSkill_029,1","0,0,0","1","100","10","0","paralyse","10","","","50,50,40,60,0,0,0","50,0,0,0"
"Lance_020","刺花长枪Ⅱ","lance","使用刺花蜘蛛素材制作，适合突刺的长枪。硕大的花蕾之中蓄满了强效的麻痹毒。","59","HunterSkill_029,1,HunterSkill_056,1","0,0,0","3","120","10","0","paralyse","13","","","70,50,30,100,0,0,0","50,0,0,0"
"Lance_021","刺花长枪Ⅲ","lance","使用刺花蜘蛛素材制作，适合突刺的长枪。硕大的花蕾之中蓄满了强效的麻痹毒。","60","HunterSkill_029,1,HunterSkill_056,1","2,1,0","5","150","15","0","paralyse","18","","","70,50,30,100,50,0,0","50,0,0,0"
"Lance_022","刺花长枪Ⅳ","lance","使用刺花蜘蛛素材制作，适合突刺的长枪。硕大的花蕾之中蓄满了强效的麻痹毒。","61","HunterSkill_029,2,HunterSkill_056,1","3,2,0","7","180","15","0","paralyse","21","","","70,50,30,90,60,50,0","50,0,0,0"
"Lance_023","毒蛛刺花长枪","lance","花蕾呈现盛放状态的刺花长枪。血红色的蔷薇枪明艳高贵，每一击都带有麻痹毒。","62","HunterSkill_029,2,HunterSkill_056,1","3,2,1","8","200","15","0","paralyse","25","","","70,50,30,60,40,100,0","50,0,0,0"
"Lance_024","沙海长枪Ⅰ","lance","使用沙海龙的素材制作的长枪。螺旋形的沟槽增强了突刺的穿透力，进一步提升了威力。","9","HunterSkill_028,1","0,0,0","2","110","10","0","water","14","","","40,30,90,40,0,0,0","50,0,0,0"
"Lance_025","沙海长枪Ⅱ","lance","使用沙海龙的素材制作的长枪。螺旋形的沟槽增强了突刺的穿透力，进一步提升了威力。","10","HunterSkill_028,2","1,0,0","4","150","10","0","water","16","","","50,30,100,70,0,0,0","50,0,0,0"
"Lance_026","沙海长枪Ⅲ","lance","使用沙海龙的素材制作的长枪。螺旋形的沟槽增强了突刺的穿透力，进一步提升了威力。","11","HunterSkill_028,2","2,1,0","5","160","10","0","water","20","","","40,30,110,90,30,0,0","50,0,0,0"
"Lance_027","沙海长枪Ⅳ","lance","使用沙海龙的素材制作的长枪。螺旋形的沟槽增强了突刺的穿透力，进一步提升了威力。","12","HunterSkill_028,3","3,2,0","7","190","10","0","water","22","","","40,30,110,90,70,10,0","50,0,0,0"
"Lance_028","穿刺沙海枪","lance","经过改良，在穿透力之上附加了切削力的沙海长枪强化版。拔刀时枪身会旋转。","13","HunterSkill_028,3","3,2,1","8","210","10","0","water","25","","","40,30,100,80,70,30,0","50,0,0,0"
"Lance_029","辟荒枪Ⅰ","lance","将多种素材粗暴组合制成的辟兽长枪。枪过之处满目疮痍，无可抵挡。","46","HunterSkill_030,1","0,0,0","2","140","-5","20","","","","","30,90,80,0,0,0,0","20,30,0,0"
"Lance_030","辟荒枪Ⅱ","lance","将多种素材粗暴组合制成的辟兽长枪。枪过之处满目疮痍，无可抵挡。","47","HunterSkill_030,2","1,1,0","4","180","-5","20","","","","","40,90,90,30,0,0,0","50,0,0,0"
"Lance_031","辟荒枪Ⅲ","lance","将多种素材粗暴组合制成的辟兽长枪。枪过之处满目疮痍，无可抵挡。","48","HunterSkill_030,3","2,2,0","6","210","-5","20","","","","","50,80,90,60,20,0,0","50,0,0,0"
"Lance_032","沼喷穿刺针Ⅰ","lance","填充了沼喷龙毒液的长枪。枪刃形似注射器的针头，通过突刺攻击可将适量的毒液注入目标体内。","22","HunterSkill_027,2","0,0,0","3","140","0","0","poison","15","","","50,60,100,40,0,0,0","50,0,0,0"
"Lance_033","沼喷穿刺针Ⅱ","lance","填充了沼喷龙毒液的长枪。枪刃形似注射器的针头，通过突刺攻击可将适量的毒液注入目标体内。","23","HunterSkill_027,2","2,1,0","5","170","0","0","poison","19","","","50,50,100,90,10,0,0","50,0,0,0"
"Lance_034","沼喷穿刺针Ⅲ","lance","填充了沼喷龙毒液的长枪。枪刃形似注射器的针头，通过突刺攻击可将适量的毒液注入目标体内。","24","HunterSkill_027,3","3,2,0","7","200","0","0","poison","22","","","60,50,100,30,100,10,0","50,0,0,0"
"Lance_035","沼喷鲀毒长枪","lance","沼喷龙穿刺针的强化版，毒液效果更为迅猛，冷漠无言地蔑视着它可悲的实验对象。","25","HunterSkill_027,3","3,2,1","8","220","0","0","poison","25","","","40,50,100,30,100,30,0","50,0,0,0"
"Lance_036","煌雷枪Ⅰ","lance","带有煌雷龙雷电的长枪。枪尖的形状十分特殊，只有如奔雷般的突刺才能发挥出它的真正实力。","14","HunterSkill_026,1,HunterSkill_028,1","0,0,0","3","140","0","0","elec","15","","","10,10,150,80,0,0,0","50,0,0,0"
"Lance_037","煌雷枪Ⅱ","lance","带有煌雷龙雷电的长枪。枪尖的形状十分特殊，只有如奔雷般的突刺才能发挥出它的真正实力。","15","HunterSkill_026,1,HunterSkill_028,1","2,1,0","5","170","0","0","elec","19","","","10,10,130,100,50,0,0","50,0,0,0"
"Lance_038","煌雷枪Ⅲ","lance","带有煌雷龙雷电的长枪。枪尖的形状十分特殊，只有如奔雷般的突刺才能发挥出它的真正实力。","16","HunterSkill_026,2,HunterSkill_028,1","3,2,0","7","200","0","0","elec","22","","","10,10,120,80,80,50,0","50,0,0,0"
"Lance_039","煌雷霹雳枪","lance","强化版煌雷枪。对于侵入领地的敌人无需仁慈，当以这万夫莫敌的雷枪将之贯穿。","17","HunterSkill_026,2,HunterSkill_028,1","3,2,1","8","220","0","0","elec","25","","","10,10,110,70,70,80,0","50,0,0,0"
"Lance_040","风月牙枪Ⅰ","lance","使用了风铗龙皮膜的长枪。闪耀得有如冰寒之风缠绕，精确无比地贯穿吸引来的猎物。","34","HunterSkill_026,2,HunterSkill_055,1","0,0,0","3","140","0","0","ice","15","","","50,60,80,60,0,0,0","50,0,0,0"
"Lance_041","风月牙枪Ⅱ","lance","使用了风铗龙皮膜的长枪。闪耀得有如冰寒之风缠绕，精确无比地贯穿吸引来的猎物。","35","HunterSkill_026,2,HunterSkill_055,1","2,1,0","5","170","0","0","ice","19","","","50,50,70,100,30,0,0","50,0,0,0"
"Lance_042","风月牙枪Ⅲ","lance","使用了风铗龙皮膜的长枪。闪耀得有如冰寒之风缠绕，精确无比地贯穿吸引来的猎物。","36","HunterSkill_026,3,HunterSkill_055,1","3,2,0","7","200","0","0","ice","22","","","50,50,50,30,140,30,0","50,0,0,0"
"Lance_043","突蚀风月牙枪","lance","风月牙枪的强化版。升起的旗帜伴随着狂风，将面前的全部敌人统统冻结。","37","HunterSkill_026,3,HunterSkill_055,1","3,2,1","8","220","0","0","ice","25","","","50,50,50,30,120,50,0","50,0,0,0"
"Lance_044","狱焰长枪Ⅰ","lance","贯穿敌人后直接将其拖入冥府的狱焰蛸长枪。武器上的触手会缠绕持有者，与之融为一体。","26","HunterSkill_028,2","1,0,0","4","170","-15","0","fire","15","","","100,20,80,50,0,0,0","50,0,0,0"
"Lance_045","狱焰长枪Ⅱ","lance","贯穿敌人后直接将其拖入冥府的狱焰蛸长枪。武器上的触手会缠绕持有者，与之融为一体。","27","HunterSkill_028,3","3,2,0","7","210","-15","0","fire","22","","","100,20,100,70,60,0,0","50,0,0,0"
"Lance_046","恶蛸狱焰长枪","lance","狱焰长枪的强化形态。自炼狱中挣扎而出的怪物，挥舞着触手贯穿敌人，再用地狱之火将他们包围。","28","HunterSkill_028,3","3,2,1","8","230","-15","0","fire","25","","","100,20,100,50,50,30,0","50,0,0,0"
"Lance_047","护辟荒枪Ⅰ","lance","以护辟兽素材制作的长枪。面对拦路之辈无需留情，以猛力将其埋葬于大地！","55","HunterSkill_028,2","1,0,0","4","180","-15","0","","","","","30,70,120,30,0,0,0","50,0,0,0"
"Lance_048","护辟荒枪Ⅱ","lance","以护辟兽素材制作的长枪。面对拦路之辈无需留情，以猛力将其埋葬于大地！","56","HunterSkill_028,3","2,1,0","6","220","-15","0","","","","","50,100,100,50,0,0,0","50,0,0,0"
"Lance_049","狂暴护辟荒枪","lance","强化后的护辟荒枪。手持此武器之人将成为狂暴的化身，被破坏的冲动所支配。","57","HunterSkill_028,3","3,2,1","8","250","-15","0","","","","","50,70,90,90,50,0,0","20,30,0,0"
"Lance_050","白炎尾枪Ⅰ","lance","以护火龙素材制作的长枪。能带给持有者如熊熊烈火一般绝不屈服的斗志。","6","HunterSkill_004,1,HunterSkill_003,1","1,0,0","4","160","15","0","fire","16","","","50,100,60,40,0,0,0","50,0,0,0"
"Lance_051","白炎尾枪Ⅱ","lance","以护火龙素材制作的长枪。能带给持有者如熊熊烈火一般绝不屈服的斗志。","7","HunterSkill_004,1,HunterSkill_003,1","2,1,0","6","180","15","0","fire","21","","","50,120,50,40,40,0,0","20,30,0,0"
"Lance_052","闪耀之柱","lance","强化后的白炎尾枪。在皓白之力的涌流中，可以感受到高贵的王者之魂。","8","HunterSkill_004,1,HunterSkill_003,1","3,2,1","8","220","15","0","fire","25","","","50,150,50,40,40,20,0","50,0,0,0"
"Lance_053","异界旋火Ⅰ","lance","使用护凶爪龙素材制作的长枪。是将屈服于渴望的野兽本能化为实体的武器。","38","HunterSkill_028,2","1,0,0","4","140","10","0","dragon","26","","","50,50,80,70,0,0,0","50,0,0,0"
"Lance_054","异界旋火Ⅱ","lance","使用护凶爪龙素材制作的长枪。是将屈服于渴望的野兽本能化为实体的武器。","39","HunterSkill_028,3","2,1,0","6","170","10","0","dragon","31","","","50,50,70,80,50,0,0","50,0,0,0"
"Lance_055","遗憾","lance","强化后的异界旋火。饥渴的凶兽撕裂轮回，将此永不满足的器物残留在人间。","40","HunterSkill_028,3","3,2,1","8","210","10","0","dragon","35","","","50,50,80,80,100,40,0","0,0,0,0"
"Lance_056","护锁刃枪Ⅰ","lance","以护龙素材制作的长枪。只要握在手中，便仿佛被一种保护弱者的使命感驱动。","50","HunterSkill_026,2","1,1,0","4","170","-10","0","dragon","14","","","100,30,90,30,0,0,0","50,0,0,0"
"Lance_057","护锁刃枪Ⅱ","lance","以护龙素材制作的长枪。只要握在手中，便仿佛被一种保护弱者的使命感驱动。","51","HunterSkill_026,2","2,2,0","6","210","-10","0","dragon","17","","","100,60,90,50,0,0,0","10,40,0,0"
"Lance_058","护锁刃枪·加雷斯","lance","强化版护锁刃枪。其为屏退一切邪念之盾，亦为贯穿一切疯狂之矛。","52","HunterSkill_026,2","3,3,1","8","240","-10","0","dragon","20","","","100,70,50,80,50,0,0","10,40,0,0"
"Lance_061","铠龙豪枪Ⅰ","lance","冠以铠龙之名的大长枪。带有爆破属性，若是使用不当，使用者亦将遇险。","67","HunterSkill_027,3","2,1,0","6","210","-15","30","blast","29","","","100,70,80,50,0,0,0","30,20,0,0"
"Lance_062","铠龙激枪","lance","铠龙豪枪的强化版。挥枪一击，可刺穿所有事物。无论是坚壳硬骨抑或是生命之光。","68","HunterSkill_027,3","3,2,1","8","250","-15","30","blast","35","","","90,70,70,70,50,0,0","50,0,0,0"
"Lance_063","长枪天囷一Ⅰ","lance","将千刃龙的利刃汇集于一身的长枪。刀身遍布无数突起的鳞片，宛若荆棘的王冠。","109","HunterSkill_217,1","3,2,0","7","190","25","0","","","","","50,70,100,60,70,0,0","0,50,0,0"
"Lance_064","叛枪天囷一","lance","长枪天囷一的强化版。数千道利刃齐齐闪着寒光，仿佛在夸示锋利度一般，令人恐惧。","110","HunterSkill_217,1","3,2,1","8","210","25","0","","","","","50,70,100,50,60,20,0","50,0,0,0"
"Lance_065","赤尾长枪Ⅰ","lance","火龙尾巴加工而成的长枪。这把炎枪刀身虽细，却可喷射出炙热的火焰。","63","HunterSkill_002,3","2,1,0","6","190","10","0","fire","29","","","100,70,50,30,50,0,0","50,0,0,0"
"Lance_066","日珥刺矛","lance","赤尾长枪的强化型。猛烈的突刺与喷出的红炎业火皆拥有傲人的顶级威力。","64","HunterSkill_002,3","3,2,1","8","210","10","0","fire","35","","","100,70,50,40,50,40,0","50,0,0,0"
"Lance_067","护盾of诚信Ⅰ","lance","黑蚀龙素材制成的黑色长枪。据说鬼面盾牌会束缚对手的灵魂，再以黑枪一击即可将其送往冥府。","65","HunterSkill_003,3","3,2,0","7","180","20","0","dragon","22","","","50,70,80,70,40,40,0","50,0,0,0"
"Lance_068","护盾of酷热","lance","强化形态的护盾of诚信，力量已得到解放。被贯穿的灵魂会被鬼面盾牌全部吞噬。","66","HunterSkill_003,3","3,2,1","8","210","20","0","dragon","25","","","50,50,80,60,40,70,0","50,0,0,0"
"Lance_069","锁刃枪Ⅰ","lance","使用锁刃龙素材制作的长枪。据说此枪曾为古代骑士所用，骑士以心思纯真且专一而备受万众爱戴。","53","HunterSkill_026,3","3,2,0","7","200","0","0","dragon","32","","","50,50,50,80,90,30,0","50,0,0,0"
"Lance_070","机械长枪Ⅰ","lance","由发现的武器碎片组成的古代长枪。那长大的枪身足以用直破天际来形容。","100","","2,2,2","6","170","5","0","","","","","80,40,60,80,40,0,0","20,30,0,0"
"Lance_071","机械长枪Ⅱ","lance","由发现的武器碎片组成的古代长枪。那长大的枪身足以用直破天际来形容。","101","","2,2,2","7","180","5","0","","","","","80,40,60,80,70,20,0","50,0,0,0"
"Lance_072","摩天楼","lance","有着潜藏性能的太古长枪。当取回所有碎片的那一刻，它甚至能捅破天际。","102","","3,3,3","8","190","5","0","","","","","80,40,60,80,70,20,0","50,0,0,0"
"Lance_073","期冀长枪","lance","通过实地调查而改良的希望长枪。此枪将贯穿险境，直奔希望。","5","HunterSkill_046,2,HunterSkill_001,2","3,2,1","8","210","0","0","","","","","50,60,60,60,40,80,0","50,0,0,0"
"Lance_074","德别尔辟荒枪","lance","经过多次添加素材的辟荒枪。枪尖无暇顾及刚刚穿刺的目标，只顾不断寻求新的猎物。","49","HunterSkill_030,3","3,3,1","8","240","-5","20","","","","","50,100,110,50,40,0,0","0,50,0,0"
"Lance_075","锁刃枪·加雷斯","lance","锁刃枪的强化版。曾有一位高洁且有洁癖的骑士，凭借武技纵横，从未受伤分毫。","54","HunterSkill_026,3","3,2,1","8","220","0","0","dragon","35","","","50,50,50,70,80,50,0","50,0,0,0"
"Lance_076","白炽枪西塔尔Ⅰ","lance","由白炽龙素材锻造，冠以无暇成就之名的长枪。不对称设计的大盾将扫平一切障碍。","103","HunterSkill_204,1","3,2,0","7","210","5","0","dragon","15","","","100,40,90,40,50,30,0","50,0,0,0"
"Lance_077","炽光枪西塔尔","lance","西塔尔自天上传下意志——渴功成名就的驻守者啊，吾之铜墙铁壁当可阻挡一切挫折。","104","HunterSkill_204,1","3,2,1","8","220","5","0","dragon","20","","","100,40,90,40,30,50,0","50,0,0,0"
"Lance_079","狐枪【知谢芬芳益】Ⅰ","lance","对神祈祷的公主留下的风雅长枪。为猎物带来死亡，优美如群芳凋谢。","106","HunterSkill_202,2,HunterSkill_003,1","2,1,0","6","180","15","0","water","25","","","80,60,40,40,60,20,0","50,0,0,0"
"Lance_080","君着笠枪之突刺","lance","狐枪【知谢芬芳益】强化型。风雅长枪刺中花朵。凋零的花瓣如舞女般绚烂。","107","HunterSkill_202,3,HunterSkill_003,1","3,2,1","8","210","15","0","water","30","","","80,60,40,40,70,60,0","50,0,0,0"
"Lance_083","十字长枪Ⅰ","lance","使用海龙素材制作的可怕长枪，在刺出的同时还能附加上雷击。","111","HunterSkill_214,1,HunterSkill_026,2","3,2,0","7","200","0","0","elec","35","","","70,50,40,100,50,40,0","50,0,0,0"
"Lance_084","高级十字长枪","lance","十字长枪的强化版。抬手发出缠绕着灼人双目的雷电的一击，让人不禁联想到海洋霸主的怒火。","112","HunterSkill_214,1,HunterSkill_026,2","3,2,1","8","220","0","0","elec","40","","","60,40,30,80,70,70,0","50,0,0,0"
"Lance_086","天涯圣枪摩天楼","lance","吞噬隐藏性能的异形之骸骨。虽堕入奈落深渊，仍追寻不复归来的碎片，刃锋依然指向苍穹。","113","","3,3,3","8","200","-10","0","","","","","140,40,40,80,30,20,0","50,0,0,0"
"Lance_087","天涯圣枪摩天楼","lance","吞噬隐藏性能的异形之骸骨。虽堕入奈落深渊，仍追寻不复归来的碎片，刃锋依然指向苍穹。","114","","3,3,3","8","180","15","0","","","","","140,40,40,50,70,10,0","50,0,0,0"
"Lance_088","天涯圣枪摩天楼","lance","吞噬隐藏性能的异形之骸骨。虽堕入奈落深渊，仍追寻不复归来的碎片，刃锋依然指向苍穹。","115","","3,3,3","8","190","0","0","","","","","140,40,40,80,30,20,0","50,0,0,0"
"Lance_092","圣骑士长枪Ⅰ","lance","光荣的铁枪，用于赐给立下军功的骑士。厚重的盾牌也是其一大特点。","69","HunterSkill_029,3,HunterSkill_026,1","2,1,0","6","190","0","0","","","","","30,70,70,60,70,0,0","50,0,0,0"
"Lance_093","巴别塔","lance","名同传说之塔的强大金色铁枪。如其厚重的外观所示，兼具卓越的攻防性能。","70","HunterSkill_029,3,HunterSkill_026,1","3,2,1","8","220","0","0","","","","","20,60,60,50,130,30,0","50,0,0,0"
"LightBowgun_000","希望轻弩Ⅰ","light-bowgun","为调查东部地区而特别制作的轻弩炮。使用速射机关连绵不断地发射弹药，就能令猎物无处可逃。","0","","0,0,0","1","90","0","0","","","","","",""
"LightBowgun_001","希望轻弩Ⅱ","light-bowgun","为调查东部地区而特别制作的轻弩炮。使用速射机关连绵不断地发射弹药，就能令猎物无处可逃。","1","HunterSkill_019,1","0,0,0","1","100","0","0","","","","","",""
"LightBowgun_002","希望轻弩Ⅲ","light-bowgun","为调查东部地区而特别制作的轻弩炮。使用速射机关连绵不断地发射弹药，就能令猎物无处可逃。","2","HunterSkill_019,1,HunterSkill_001,1","0,0,0","3","130","0","0","","","","","",""
"LightBowgun_003","希望轻弩Ⅳ","light-bowgun","为调查东部地区而特别制作的轻弩炮。使用速射机关连绵不断地发射弹药，就能令猎物无处可逃。","3","HunterSkill_019,2,HunterSkill_001,1","2,1,0","5","160","0","0","","","","","",""
"LightBowgun_004","希望轻弩Ⅴ","light-bowgun","为调查东部地区而特别制作的轻弩炮。使用速射机关连绵不断地发射弹药，就能令猎物无处可逃。","4","HunterSkill_019,3,HunterSkill_001,1","3,2,0","7","190","0","0","","","","","",""
"LightBowgun_008","怪鸟之怒Ⅰ","light-bowgun","仿照怪鸟头部制作的轻弩炮。从炮口射出的是怪鸟的愤怒。","50","HunterSkill_019,2","2,1,0","5","180","0","0","","","","","",""
"LightBowgun_009","怪鸟之怒Ⅱ","light-bowgun","仿照怪鸟头部制作的轻弩炮。从炮口射出的是怪鸟的愤怒。","51","HunterSkill_019,3","3,2,0","7","210","0","0","","","","","",""
"LightBowgun_010","怪鸟反击","light-bowgun","怪鸟之怒的强化型。即使面对飞龙也毫不畏惧。大怪鸟的反击才刚刚开始。","52","HunterSkill_019,3","3,2,1","8","220","0","0","","","","","",""
"LightBowgun_013","光阴of洁白Ⅰ","light-bowgun","据说是封印了黑蚀龙痛哭的轻弩炮。仿造头部的枪口可猛烈发射怨恨的子弹。","60","HunterSkill_003,3","3,2,0","7","180","20","0","","","","","",""
"LightBowgun_014","光阴of疯狂","light-bowgun","光阴of洁白的进化版。怀揣恶意，发射注入了疯狂意念的魔弹，其身影犹如恶魔。","61","HunterSkill_003,3","3,2,1","8","200","20","0","","","","","",""
"LightBowgun_018","煌雷弩Ⅰ","light-bowgun","带有煌雷龙雷电的轻弩炮。可以传导电能的特殊机关令它能够变形为更适合释放能量的形态。","25","HunterSkill_198,1,HunterSkill_032,1","0,0,0","3","140","0","0","","","","","",""
"LightBowgun_019","煌雷弩Ⅱ","light-bowgun","带有煌雷龙雷电的轻弩炮。可以传导电能的特殊机关令它能够变形为更适合释放能量的形态。","26","HunterSkill_198,1,HunterSkill_032,1","2,1,0","5","170","0","0","","","","","",""
"LightBowgun_020","煌雷弩Ⅲ","light-bowgun","带有煌雷龙雷电的轻弩炮。可以传导电能的特殊机关令它能够变形为更适合释放能量的形态。","27","HunterSkill_198,2,HunterSkill_032,1","3,2,0","7","200","0","0","","","","","",""
"LightBowgun_021","煌雷霹雳弩","light-bowgun","强化后的煌雷弩。释放雷电，让炙烤苍穹的霹雳降临，终末的闪光撼动大地。","28","HunterSkill_198,2,HunterSkill_032,1","3,2,1","8","220","0","0","","","","","",""
"LightBowgun_026","轻弩尾宿八Ⅰ","light-bowgun","与千刃龙的尾巴有百般相似的轻弩。源源不断装填的弹丸划出耀目的轨迹，倾泻在压迫者们的头上。","109","HunterSkill_218,1,HunterSkill_232,1","3,2,0","7","190","20","0","","","","","",""
"LightBowgun_027","叛弩尾宿八","light-bowgun","轻弩尾宿八的强化形态。将昂扬的信念注入子弹，为反抗的战役打上休止符。","110","HunterSkill_218,1,HunterSkill_232,1","3,2,1","8","210","20","0","","","","","",""
"LightBowgun_031","辟裂弩Ⅰ","light-bowgun","主干部分使用了辟兽素材的轻弩炮。扳机极轻，快速射出的大量子弹能轻而易举地屠戮目标。","9","HunterSkill_198,1","0,0,0","2","140","-5","20","","","","","",""
"LightBowgun_032","辟裂弩Ⅱ","light-bowgun","主干部分使用了辟兽素材的轻弩炮。扳机极轻，快速射出的大量子弹能轻而易举地屠戮目标。","10","HunterSkill_198,2","1,0,0","4","180","-5","20","","","","","",""
"LightBowgun_033","辟裂弩Ⅲ","light-bowgun","主干部分使用了辟兽素材的轻弩炮。扳机极轻，快速射出的大量子弹能轻而易举地屠戮目标。","11","HunterSkill_198,3","2,1,0","6","210","-5","20","","","","","",""
"LightBowgun_039","护辟裂弩Ⅰ","light-bowgun","以护辟兽素材制作的轻弩炮。面对拦路之辈无需留情，将其撕裂并埋葬于大地！","18","HunterSkill_032,2","1,1,0","4","190","-15","0","","","","","",""
"LightBowgun_040","护辟裂弩Ⅱ","light-bowgun","以护辟兽素材制作的轻弩炮。面对拦路之辈无需留情，将其撕裂并埋葬于大地！","19","HunterSkill_032,3","2,2,0","6","220","-15","0","","","","","",""
"LightBowgun_041","狂暴护辟裂弩","light-bowgun","强化后的护辟裂弩。手持此武器之人将成为狂暴的化身，被破坏的冲动所支配。","20","HunterSkill_032,3","3,3,1","8","250","-15","0","","","","","",""
"LightBowgun_047","迅击炼弩Ⅰ","light-bowgun","供新手猎人使用、构造简单的轻弩炮。坚固的铁制弩身值得信赖。","21","HunterSkill_197,1","0,0,0","2","120","0","0","","","","","",""
"LightBowgun_048","迅击炼弩Ⅱ","light-bowgun","供新手猎人使用、构造简单的轻弩炮。坚固的铁制弩身值得信赖。","22","HunterSkill_197,2","1,0,0","4","160","0","0","","","","","",""
"LightBowgun_049","迅击炼弩Ⅲ","light-bowgun","供新手猎人使用、构造简单的轻弩炮。坚固的铁制弩身值得信赖。","23","HunterSkill_197,2","2,1,0","6","190","0","0","","","","","",""
"LightBowgun_050","高能迅击炼弩","light-bowgun","使用优质矿石强化的迅击炼弩。射击结构经过改进，可谓脱胎换骨。","24","HunterSkill_197,3","3,2,1","8","220","0","0","","","","","",""
"LightBowgun_055","泰坦榴弹弩Ⅰ","light-bowgun","使用铠龙的素材打造而成。可使用多种强力子弹的超级攻击型轻弩炮。","64","HunterSkill_037,2","2,2,0","6","210","-15","30","","","","","",""
"LightBowgun_056","泰坦战车弩","light-bowgun","泰坦榴弹弩的强化版。能够运用强力弹药，仅此一款武器便可媲美一座巨大火药库。","65","HunterSkill_037,2","3,3,1","8","240","-15","30","","","","","",""
"LightBowgun_060","护火龙炮Ⅰ","light-bowgun","以护火龙素材制作的轻弩炮。能带给持有者如熊熊烈火一般绝不屈服的斗志。","6","HunterSkill_003,1,HunterSkill_019,1","1,0,0","4","160","15","0","","","","","",""
"LightBowgun_061","护火龙炮Ⅱ","light-bowgun","以护火龙素材制作的轻弩炮。能带给持有者如熊熊烈火一般绝不屈服的斗志。","7","HunterSkill_003,2,HunterSkill_019,1","2,1,0","6","180","15","0","","","","","",""
"LightBowgun_062","白凤护火龙炮","light-bowgun","强化后的护火龙炮。在皓白之力的涌流中，可以感受到高贵的王者之魂。","8","HunterSkill_003,2,HunterSkill_019,1","3,2,1","8","210","15","0","","","","","",""
"LightBowgun_068","火龙炮Ⅰ","light-bowgun","使用火龙素材打造的轻弩炮。速射的火炎弹有如空中王者的火球，不断灼烧着猎物。","58","HunterSkill_002,3","2,1,0","6","180","10","0","","","","","",""
"LightBowgun_069","凤仙火龙炮","light-bowgun","火龙炮的强化形态。目睹其力量的猎物会陷入恐惧，最后的抵抗亦会成为死前的挣扎。","59","HunterSkill_002,3","3,2,1","8","200","10","0","","","","","",""
"LightBowgun_073","桃毛突击Ⅰ","light-bowgun","最大限度活用桃毛兽王素材的轻量突击枪。对用来吸收冲击的毛进行了阻燃加工。","40","HunterSkill_037,1","0,0,0","2","120","5","0","","","","","",""
"LightBowgun_074","桃毛突击Ⅱ","light-bowgun","最大限度活用桃毛兽王素材的轻量突击枪。对用来吸收冲击的毛进行了阻燃加工。","41","HunterSkill_037,1,HunterSkill_198,1","2,1,1","5","170","5","0","","","","","",""
"LightBowgun_075","桃毛争斗","light-bowgun","强化版的桃毛突击。由于素材经过特殊加工，在严酷的环境中也能维持最高性能。","42","HunterSkill_037,2,HunterSkill_198,1","3,3,1","8","220","5","0","","","","","",""
"LightBowgun_081","雪狮之尾Ⅰ","light-bowgun","雪白轻弩，缠绕着雪狮子王的毛。以狂风暴雪般的枪林弹雨，将猎物一扫而空。","62","HunterSkill_198,3","2,1,0","6","200","-10","0","","","","","",""
"LightBowgun_082","雪尾弹射","light-bowgun","经雪狮子王的优质素材强化后的雪狮之尾。宛如雪崩般的猛烈扫射将猎物吞噬殆尽。","63","HunterSkill_198,3","3,2,1","8","230","-10","0","","","","","",""
"LightBowgun_086","女武神之火Ⅰ","light-bowgun","雌火龙素材制成的美丽弩炮。飞舞降临猎场的女王轻弩，会以枪林弹雨夺走猎物的性命。","55","HunterSkill_197,2,HunterSkill_141,1","2,1,0","5","160","15","0","","","","","",""
"LightBowgun_087","女武神之火Ⅱ","light-bowgun","雌火龙素材制成的美丽弩炮。飞舞降临猎场的女王轻弩，会以枪林弹雨夺走猎物的性命。","56","HunterSkill_197,3,HunterSkill_141,1","3,2,0","7","190","15","0","","","","","",""
"LightBowgun_088","女武神烈火","light-bowgun","女武神之火的强化型。违背女王之意者将被射穿，在剧烈的疼痛中走向死亡。","57","HunterSkill_197,3,HunterSkill_141,1","3,2,1","8","210","15","0","","","","","",""
"LightBowgun_091","猎枪Ⅰ","light-bowgun","用各种形状的骨组合而成的轻弩炮。稳定的性能与极轻的自重，即使新手猎人也很容易上手。","29","HunterSkill_198,1","0,0,0","1","110","0","0","","","","","",""
"LightBowgun_092","猎枪Ⅱ","light-bowgun","用各种形状的骨组合而成的轻弩炮。稳定的性能与极轻的自重，即使新手猎人也很容易上手。","30","HunterSkill_198,1,HunterSkill_000,1","0,0,0","2","130","0","0","","","","","",""
"LightBowgun_093","猎枪Ⅲ","light-bowgun","用各种形状的骨组合而成的轻弩炮。稳定的性能与极轻的自重，即使新手猎人也很容易上手。","31","HunterSkill_198,2,HunterSkill_000,1","1,0,0","4","170","0","0","","","","","",""
"LightBowgun_094","猎枪Ⅳ","light-bowgun","用各种形状的骨组合而成的轻弩炮。稳定的性能与极轻的自重，即使新手猎人也很容易上手。","32","HunterSkill_198,3,HunterSkill_000,1","2,1,0","6","200","0","0","","","","","",""
"LightBowgun_095","能量步枪","light-bowgun","精选骨素材打造的改良型猎枪。经过进一步打磨，其使用性能更为优越，可靠性更高。","33","HunterSkill_198,3,HunterSkill_000,1","3,2,1","8","230","0","0","","","","","",""
"LightBowgun_099","护雷白弹Ⅰ","light-bowgun","使用护雷颚龙素材制作的轻弩炮。唯有能以理性抑制蛮勇之力者方可使用。","53","HunterSkill_003,3","2,1,0","6","180","15","0","","","","","",""
"LightBowgun_100","弹丸护雷弩","light-bowgun","护雷白弹的强化版。具备强大到足以扭曲常理的力量。如果沉溺于这份力量，也会自取灭亡。","54","HunterSkill_003,3","3,2,1","8","210","15","0","","","","","",""
"LightBowgun_104","异界铳火Ⅰ","light-bowgun","使用护凶爪龙素材制作的轻弩炮。是将屈服于渴望的野兽本能化为实体的武器。","47","HunterSkill_197,2","1,0,0","4","140","10","0","","","","","",""
"LightBowgun_105","异界铳火Ⅱ","light-bowgun","使用护凶爪龙素材制作的轻弩炮。是将屈服于渴望的野兽本能化为实体的武器。","48","HunterSkill_197,3","2,1,0","6","170","10","0","","","","","",""
"LightBowgun_106","遗灵","light-bowgun","强化后的异界铳火。饥渴的凶兽撕裂轮回，将此永不满足的器物残留在人间。","49","HunterSkill_197,3","3,2,1","8","210","10","0","","","","","",""
"LightBowgun_112","赫炎甲轻弩Ⅰ","light-bowgun","蕴含赫猿兽之力的轻弩炮。每一发弹丸都在枪身炽热的灼烧中射出。","34","HunterSkill_035,2","0,0,0","3","130","10","0","","","","","",""
"LightBowgun_113","赫炎甲轻弩Ⅱ","light-bowgun","蕴含赫猿兽之力的轻弩炮。每一发弹丸都在枪身炽热的灼烧中射出。","35","HunterSkill_035,3","2,1,0","6","180","10","0","","","","","",""
"LightBowgun_114","赫炎甲弩·因揭陀","light-bowgun","得授真名的赫炎甲弩。若是让不精通该素材特性的工匠来打造，很可能会导致热能失控，引起爆炸。","36","HunterSkill_035,3","3,2,1","8","210","10","0","","","","","",""
"LightBowgun_120","狱焰轻弩Ⅰ","light-bowgun","潜伏于幽冥，追求一击必杀的狱焰蛸轻弩炮。威胁正在悄无声息地靠近，而猎物却依然毫无知觉。","37","HunterSkill_198,2","1,0,0","4","170","-15","0","","","","","",""
"LightBowgun_121","狱焰轻弩Ⅱ","light-bowgun","潜伏于幽冥，追求一击必杀的狱焰蛸轻弩炮。威胁正在悄无声息地靠近，而猎物却依然毫无知觉。","38","HunterSkill_198,3","3,2,0","7","210","-15","0","","","","","",""
"LightBowgun_122","恶蛸狱焰轻弩","light-bowgun","狱焰轻弩的强化形态。自深渊射出的子弹将成为传播噩梦的恐怖使者。","39","HunterSkill_198,3","3,2,1","8","230","-15","0","","","","","",""
"LightBowgun_128","风剪轻弩Ⅰ","light-bowgun","使用风铗龙素材制作的轻弩炮。弩身能够生风，为射出的子弹加持电光火石之速。","43","HunterSkill_197,2,HunterSkill_055,1","0,0,0","3","140","0","0","","","","","",""
"LightBowgun_129","风剪轻弩Ⅱ","light-bowgun","使用风铗龙素材制作的轻弩炮。弩身能够生风，为射出的子弹加持电光火石之速。","44","HunterSkill_197,2,HunterSkill_055,1","2,1,0","5","170","0","0","","","","","",""
"LightBowgun_130","风剪轻弩Ⅲ","light-bowgun","使用风铗龙素材制作的轻弩炮。弩身能够生风，为射出的子弹加持电光火石之速。","45","HunterSkill_197,3,HunterSkill_055,1","3,2,0","7","200","0","0","","","","","",""
"LightBowgun_131","击蚀风剪轻弩","light-bowgun","经过反复改良的风剪轻弩。射出的子弹即使在狂风之中也可以精准地贯穿目标。","46","HunterSkill_197,3,HunterSkill_055,1","3,2,1","8","220","0","0","","","","","",""
"LightBowgun_136","护锁刃轻弩Ⅰ","light-bowgun","以护锁刃龙的素材制作的轻弩炮。据说每当握住它时，就会有未知的力量涌入体内，射出必中的弹丸。","13","HunterSkill_198,2","1,1,0","4","160","-10","0","","","","","",""
"LightBowgun_137","护锁刃轻弩Ⅱ","light-bowgun","以护锁刃龙的素材制作的轻弩炮。据说每当握住它时，就会有未知的力量涌入体内，射出必中的弹丸。","14","HunterSkill_198,2","2,2,0","6","200","-10","0","","","","","",""
"LightBowgun_138","护锁刃轻弩·凯","light-bowgun","强化后的护锁刃轻弩。宣告末日的枪声响彻天界，化为救济世人的天使之歌。","15","HunterSkill_198,2","3,3,1","8","230","-10","0","","","","","",""
"LightBowgun_144","锁刃突袭弩Ⅰ","light-bowgun","使用锁刃龙素材制作的轻弩炮。据说它曾为古代骑士所用，骑士以猎龙而名扬天下。","16","HunterSkill_198,3","3,2,0","7","180","0","0","","","","","",""
"LightBowgun_157","机械爆风弩Ⅰ","light-bowgun","由发现的武器碎片组成的古代轻弩炮。安装有某种未知构造，能够针对不同的目标调整为最适合的威力。","100","","2,2,2","6","170","5","0","","","","","",""
"LightBowgun_158","机械爆风弩Ⅱ","light-bowgun","由发现的武器碎片组成的古代轻弩炮。安装有某种未知构造，能够针对不同的目标调整为最适合的威力。","101","","2,2,2","7","180","5","0","","","","","",""
"LightBowgun_159","英魂灭尽","light-bowgun","有着潜藏性能的太古轻弩炮。通过修复而获得推进力的弹丸，能将猎物魂魄俱灭。","102","","3,3,3","8","190","5","0","","","","","",""
"LightBowgun_160","白炽铳凯亚Ⅰ","light-bowgun","由白炽龙素材锻造，冠以清廉探索之名的轻弩。熠熠生辉的枪身无差别地击穿一切。","103","HunterSkill_204,1","3,2,0","7","210","5","0","","","","","",""
"LightBowgun_161","炽光铳凯亚","light-bowgun","凯亚自天上传下意志——虔心探索的踯躅者啊，吾射出的凶弹自当阻止敌人的复活。","104","HunterSkill_204,1","3,2,1","8","220","5","0","","","","","",""
"LightBowgun_169","期冀轻弩","light-bowgun","通过实地调查而改良的希望轻弩。希望之弹雨倾盆落于猎场，犹如久旱之甘霖。","5","HunterSkill_019,3,HunterSkill_001,1","3,2,1","8","210","0","0","","","","","",""
"LightBowgun_170","奥尔迈辟裂弩","light-bowgun","辟裂弩的进化形态。乱射的弹丸如同汹涌的兽群，毫不留情地撕裂可怜的猎物。","12","HunterSkill_198,3","3,2,1","8","240","-5","20","","","","","",""
"LightBowgun_171","锁刃轻弩·凯","light-bowgun","锁刃轻弩的强化版。从弓弩中准确射出的弹丸风暴，甚至能将巨龙打翻在地。","17","HunterSkill_198,3","3,2,1","8","200","0","0","","","","","",""
"LightBowgun_172","狐水铳【滴滴映此生】Ⅰ","light-bowgun","平定乱世之人遗留的雅致水枪。射出的水珠打在身上，猎物便如露水般散去。","106","HunterSkill_202,2,HunterSkill_003,1","2,1,0","6","180","15","0","","","","","",""
"LightBowgun_173","飞燕轻弩之水珠","light-bowgun","狐水铳【滴滴映此生】的强化型。不知露水将逝的无常苦短，雅致水枪依旧伫立蒙蒙细雨中。","107","HunterSkill_202,3,HunterSkill_003,1","3,2,1","8","210","15","0","","","","","",""
"LightBowgun_177","雷炮雷霆交叉Ⅰ","light-bowgun","使用海龙素材打造的轻弩。从散发王之威严的枪身中释放出高输出的电击。","112","HunterSkill_214,1,HunterSkill_197,2","3,2,0","7","200","0","0","","","","","",""
"LightBowgun_178","雷迅炮雷霆交叉","light-bowgun","雷炮雷霆交叉在经过进一步强化后获得了迅雷之力。海中凶煞的恐怖在此显现。","113","HunterSkill_214,1,HunterSkill_197,2","3,2,1","8","220","0","0","","","","","",""
"LightBowgun_182","荆冠受难英魂灭尽","light-bowgun","吞噬隐藏性能的异形之罪过。荆棘将缠绕悲悯之魂，渗透蔓延，最终化作膨胀的戒律。","114","","3,3,3","8","200","-10","0","","","","","",""
"LightBowgun_183","荆冠受难英魂灭尽","light-bowgun","吞噬隐藏性能的异形之罪过。荆棘将缠绕悲悯之魂，渗透蔓延，最终化作膨胀的戒律。","115","","3,3,3","8","180","15","0","","","","","",""
"LightBowgun_184","荆冠受难英魂灭尽","light-bowgun","吞噬隐藏性能的异形之罪过。荆棘将缠绕悲悯之魂，渗透蔓延，最终化作膨胀的戒律。","116","","3,3,3","8","190","0","0","","","","","",""
"LongSword_000","希望大剑Ⅰ","long-sword","为调查东部地区而特别制作的大剑。巨大的刀刃挥出全力一击，横扫四合。","0","","0,0,0","1","90","0","0","","","","","60,60,50,30,0,0,0","50,0,0,0"
"LongSword_001","希望大剑Ⅱ","long-sword","为调查东部地区而特别制作的大剑。巨大的刀刃挥出全力一击，横扫四合。","1","HunterSkill_046,1","0,0,0","1","100","0","0","","","","","50,50,60,40,0,0,0","50,0,0,0"
"LongSword_002","希望大剑Ⅲ","long-sword","为调查东部地区而特别制作的大剑。巨大的刀刃挥出全力一击，横扫四合。","2","HunterSkill_046,1,HunterSkill_001,1","0,0,0","3","130","0","0","","","","","50,60,80,60,0,0,0","50,0,0,0"
"LongSword_003","希望大剑Ⅳ","long-sword","为调查东部地区而特别制作的大剑。巨大的刀刃挥出全力一击，横扫四合。","3","HunterSkill_046,2,HunterSkill_001,1","2,1,0","5","160","0","0","","","","","50,60,90,70,30,0,0","50,0,0,0"
"LongSword_004","希望大剑Ⅴ","long-sword","为调查东部地区而特别制作的大剑。巨大的刀刃挥出全力一击，横扫四合。","4","HunterSkill_046,2,HunterSkill_001,1","3,2,0","7","190","0","0","","","","","50,60,80,70,60,30,0","50,0,0,0"
"LongSword_008","女武神骨剑Ⅰ","long-sword","以骨素材为基础的大剑，使用雌火龙素材进一步强化。能感受到女王的威严与高傲。","60","HunterSkill_056,2,HunterSkill_141,1","2,1,0","5","160","15","0","poison","21","","","50,70,40,120,20,0,0","50,0,0,0"
"LongSword_009","女武神骨剑Ⅱ","long-sword","以骨素材为基础的大剑，使用雌火龙素材进一步强化。能感受到女王的威严与高傲。","61","HunterSkill_056,3,HunterSkill_141,1","3,2,0","7","190","15","0","poison","27","","","40,80,40,120,50,20,0","50,0,0,0"
"LongSword_010","齐格琳德王后","long-sword","冠上美丽女王名号的女武神骨剑强化型。甜美的毒素会蚕食猎物的生命。","62","HunterSkill_056,3,HunterSkill_141,1","3,2,1","8","210","15","0","poison","30","","","40,80,30,120,40,40,0","50,0,0,0"
"LongSword_013","斩首刀【鸡】Ⅰ","long-sword","宛如怪鸟羽翼的气派大剑。剑身使用了精心加工的素材。","52","HunterSkill_022,1,HunterSkill_048,1","2,1,0","5","180","0","0","fire","45","","","100,100,70,30,0,0,0","20,30,0,0"
"LongSword_014","斩首刀【鸡】Ⅱ","long-sword","宛如怪鸟羽翼的气派大剑。剑身使用了精心加工的素材。","53","HunterSkill_022,2,HunterSkill_048,2","2,1,0","7","210","0","0","fire","55","","","100,120,50,70,10,0,0","20,30,0,0"
"LongSword_015","斩首刀【军鸡】","long-sword","对斩首刀【鸡】进行细腻加工后的强化版。其美丽程度已经堪称是艺术品。","54","HunterSkill_022,2,HunterSkill_048,2","3,2,1","8","220","0","0","fire","60","","","110,120,20,80,20,0,0","10,40,0,0"
"LongSword_018","虚无大剑Ⅰ","long-sword","使用暗器蛸素材制作的大剑。奇特的纹样与曲线让对手无法正确判断距离，令人称奇。","37","HunterSkill_029,2","1,0,0","4","160","0","0","water","20","","","20,110,70,50,0,0,0","50,0,0,0"
"LongSword_019","虚无大剑Ⅱ","long-sword","使用暗器蛸素材制作的大剑。奇特的纹样与曲线让对手无法正确判断距离，令人称奇。","38","HunterSkill_029,2","2,1,1","6","190","0","0","water","26","","","20,110,70,70,30,0,0","50,0,0,0"
"LongSword_020","普林西普之暗大剑","long-sword","虚无大剑的强化版。两边刃锋上的不规则凹凸会在切开的皮肤上留下惨烈伤痕。","39","HunterSkill_029,3","3,2,1","8","220","0","0","water","30","","","20,110,50,50,70,50,0","50,0,0,0"
"LongSword_023","炎尾大剑Ⅰ","long-sword","使用炎尾龙素材制作的大剑。内置特殊装置，只需用力握住剑柄，剑身就会燃起火焰。","15","HunterSkill_030,1","0,0,0","1","100","5","0","fire","14","","","50,70,70,10,0,0,0","50,0,0,0"
"LongSword_024","炎尾大剑Ⅱ","long-sword","使用炎尾龙素材制作的大剑。内置特殊装置，只需用力握住剑柄，剑身就会燃起火焰。","16","HunterSkill_030,2","0,0,0","3","140","5","0","fire","18","","","50,80,80,40,0,0,0","50,0,0,0"
"LongSword_025","炎尾大剑Ⅲ","long-sword","使用炎尾龙素材制作的大剑。内置特殊装置，只需用力握住剑柄，剑身就会燃起火焰。","17","HunterSkill_030,2","2,1,0","5","170","5","0","fire","23","","","70,80,80,60,10,0,0","50,0,0,0"
"LongSword_026","炎尾大剑Ⅳ","long-sword","使用炎尾龙素材制作的大剑。内置特殊装置，只需用力握住剑柄，剑身就会燃起火焰。","18","HunterSkill_030,3","3,2,0","7","210","5","0","fire","27","","","70,80,100,80,20,0,0","50,0,0,0"
"LongSword_027","火种炎尾大剑","long-sword","强化后的炎尾龙之剑。萦绕着火焰的巨大剑身释放出全力一击，连大气也为之焦灼。","19","HunterSkill_030,3","3,2,1","8","240","5","0","fire","30","","","60,70,100,80,40,0,0","50,0,0,0"
"LongSword_031","大剑参宿七Ⅰ","long-sword","模仿千刃龙的角打造的大剑。伴随着眩目光辉的一击能斩破任何黑暗。","109","HunterSkill_217,1","3,2,0","7","190","25","0","","","","","50,70,100,70,60,0,0","0,50,0,0"
"LongSword_032","叛断刀参宿七","long-sword","大剑参宿七的强化版。有着绝不会耗尽的锋利度，或许是因为反抗的意志永不磨灭。","110","HunterSkill_217,1","3,2,1","8","210","25","0","","","","","50,70,100,50,70,10,0","50,0,0,0"
"LongSword_036","破坏者大剑Ⅰ","long-sword","为了让新手容易驾驭而经过改良的铁制大剑。由于机动性佳，有许多爱好者。","9","HunterSkill_029,1","0,0,0","2","120","0","0","","","","","50,40,90,20,0,0,0","50,0,0,0"
"LongSword_037","破坏者大剑Ⅱ","long-sword","为了让新手容易驾驭而经过改良的铁制大剑。由于机动性佳，有许多爱好者。","10","HunterSkill_029,2","1,0,0","4","160","0","0","","","","","50,60,90,50,0,0,0","50,0,0,0"
"LongSword_038","破坏者大剑Ⅲ","long-sword","为了让新手容易驾驭而经过改良的铁制大剑。由于机动性佳，有许多爱好者。","11","HunterSkill_029,3","2,1,0","6","190","0","0","","","","","50,70,90,60,30,0,0","50,0,0,0"
"LongSword_039","藏钩大剑","long-sword","钢制大剑，剑身藏有巨大的钩状刀刃，平时收纳在剑身之中，拔刀时则会伸展而出。","12","HunterSkill_029,3","3,2,1","8","220","0","0","","","","","50,60,90,70,50,30,0","50,0,0,0"
"LongSword_044","冻峰金属剑Ⅰ","long-sword","以冻峰龙素材制作的大剑。巨大的双刃释放出的强大寒气，连周围的空气也会被冻结。","13","HunterSkill_022,2","3,2,0","7","190","0","0","ice","55","","","40,40,50,100,100,20,0","50,0,0,0"
"LongSword_045","断崖金属剑","long-sword","冻峰金属剑的强化版。自冻峰龙的庞大身躯诞生的这把巨剑，甚至能斩断山岭，劈出断崖。","14","HunterSkill_022,3","3,2,1","8","210","0","0","ice","60","","","40,40,50,80,110,30,0","50,0,0,0"
"LongSword_051","白炎翼剑Ⅰ","long-sword","以护火龙素材制作的大剑。能带给持有者如熊熊烈火一般绝不屈服的斗志。","6","HunterSkill_004,1,HunterSkill_003,1","1,0,0","4","160","15","0","fire","28","","","50,100,60,40,0,0,0","50,0,0,0"
"LongSword_052","白炎翼剑Ⅱ","long-sword","以护火龙素材制作的大剑。能带给持有者如熊熊烈火一般绝不屈服的斗志。","7","HunterSkill_004,1,HunterSkill_003,1","2,1,0","6","180","15","0","fire","34","","","50,120,50,40,40,0,0","20,30,0,0"
"LongSword_053","龙翼白炎剑","long-sword","强化后的白炎翼剑。在皓白之力的涌流中，可以感受到高贵的王者之魂。","8","HunterSkill_004,1,HunterSkill_003,1","3,2,1","8","210","15","0","fire","40","","","50,150,50,40,40,20,0","50,0,0,0"
"LongSword_059","赤翼Ⅰ","long-sword","模仿火龙之翼所打造的大剑。由于素材具备点火效果，其斩击都会伴随着烈焰。","63","HunterSkill_002,3","2,1,0","6","180","10","0","fire","44","","","100,70,50,50,30,0,0","50,0,0,0"
"LongSword_060","火龙大剑","long-sword","冠上火龙名号的赤翼进化形态。伴随斩击而产生的烈焰，能将一切化为灰烬的炎剑。","64","HunterSkill_002,3","3,2,1","8","200","10","0","fire","50","","","100,70,50,50,50,30,0","50,0,0,0"
"LongSword_064","影蜘蛛巨剑Ⅰ","long-sword","凭借影蜘蛛素材的特殊性质，造就出了这把超越工房技术水平的最先进大剑。","33","HunterSkill_028,1,HunterSkill_026,1","0,0,0","3","120","10","0","sleep","21","","","70,70,30,80,0,0,0","50,0,0,0"
"LongSword_065","影蜘蛛巨剑Ⅱ","long-sword","凭借影蜘蛛素材的特殊性质，造就出了这把超越工房技术水平的最先进大剑。","34","HunterSkill_028,1,HunterSkill_026,1","2,1,0","5","150","15","0","sleep","31","","","70,70,30,100,30,0,0","50,0,0,0"
"LongSword_066","影蜘蛛巨剑Ⅲ","long-sword","凭借影蜘蛛素材的特殊性质，造就出了这把超越工房技术水平的最先进大剑。","35","HunterSkill_028,2,HunterSkill_026,1","3,2,0","7","180","15","0","sleep","37","","","70,70,30,90,60,30,0","50,0,0,0"
"LongSword_067","影蜘蛛狂刃","long-sword","影蜘蛛巨剑的强化型。除了能够以大剑的重量斩击外，也拥有足以斩裂目标的锋利度。","36","HunterSkill_028,2,HunterSkill_026,1","3,2,1","8","200","15","0","sleep","40","","","70,70,30,60,40,80,0","50,0,0,0"
"LongSword_072","自尊of黑影Ⅰ","long-sword","以黑蚀龙素材铸造的漆黑邪剑。被剑上魔眼魅惑者，将永世徘徊于死界。","65","HunterSkill_003,2","3,2,1","7","180","20","0","dragon","37","","","50,70,80,70,60,20,0","50,0,0,0"
"LongSword_073","自尊of黑暗","long-sword","带来无穷诅咒的自尊of黑影强化型。其斩击将化作召唤死界魔人的狂宴狼烟。","66","HunterSkill_003,3","3,2,1","8","210","20","0","dragon","40","","","50,50,80,60,60,50,0","50,0,0,0"
"LongSword_077","骨刃Ⅰ","long-sword","以怪物之骨为素材的大剑。拥有着专门摧毁猎物的构造。","25","HunterSkill_022,1","0,0,0","1","110","0","0","","","","","50,100,50,0,0,0,0","40,10,0,0"
"LongSword_078","骨刃Ⅱ","long-sword","以怪物之骨为素材的大剑。拥有着专门摧毁猎物的构造。","26","HunterSkill_022,1,HunterSkill_000,1","0,0,0","2","130","0","0","","","","","50,70,80,0,0,0,0","20,30,0,0"
"LongSword_079","骨刃Ⅲ","long-sword","以怪物之骨为素材的大剑。拥有着专门摧毁猎物的构造。","27","HunterSkill_022,2,HunterSkill_000,1","1,0,0","4","170","0","0","","","","","50,90,100,10,0,0,0","50,0,0,0"
"LongSword_080","骨刃Ⅳ","long-sword","以怪物之骨为素材的大剑。拥有着专门摧毁猎物的构造。","28","HunterSkill_022,3,HunterSkill_000,1","2,1,0","6","200","0","0","","","","","50,80,90,80,0,0,0","50,0,0,0"
"LongSword_081","斩骨大剑","long-sword","选用更加优质的骨素材强化的骨刃。锋利度比铁略有不足，但破坏力不减。","29","HunterSkill_022,3,HunterSkill_000,1","3,2,1","8","230","0","0","","","","","50,80,80,60,80,0,0","50,0,0,0"
"LongSword_085","狱焰大剑Ⅰ","long-sword","能够感受到狱焰蛸力量的大剑。面对这无情劈砍的巨物，怯懦者顷刻间就会沦为猎物。","30","HunterSkill_017,2,HunterSkill_046,1","1,0,0","4","170","-15","0","fire","27","","","100,20,100,30,0,0,0","50,0,0,0"
"LongSword_086","狱焰大剑Ⅱ","long-sword","能够感受到狱焰蛸力量的大剑。面对这无情劈砍的巨物，怯懦者顷刻间就会沦为猎物。","31","HunterSkill_017,2,HunterSkill_046,2","3,2,0","7","210","-15","0","fire","37","","","100,20,120,70,40,0,0","50,0,0,0"
"LongSword_087","恶蛸狱焰大剑","long-sword","狱焰蛸之剑的强化形态。宛若执掌了生杀予夺之权的炼狱君主，令对手不由怀疑自己是否遭遇了恶魔。","32","HunterSkill_017,3,HunterSkill_046,2","3,2,1","8","230","-15","0","fire","40","","","100,20,120,50,50,10,0","50,0,0,0"
"LongSword_093","屠戮者Ⅰ","long-sword","据说是残虐之王曾使用过的斧头，人民忌讳提起他的名字。数千种剧毒已经深深浸染它的锋刃。","57","HunterSkill_029,1,HunterSkill_030,1","2,1,0","5","180","0","0","poison","41","","","90,50,120,40,0,0,0","50,0,0,0"
"LongSword_094","屠戮者Ⅱ","long-sword","据说是残虐之王曾使用过的斧头，人民忌讳提起他的名字。数千种剧毒已经深深浸染它的锋刃。","58","HunterSkill_029,2,HunterSkill_030,1","2,1,0","6","200","0","0","poison","44","","","90,50,80,70,10,0,0","50,0,0,0"
"LongSword_095","毒王","long-sword","本是连制造方法都已被封印的禁忌猛毒。这古老的恐怖已然在此重生。","59","HunterSkill_029,2,HunterSkill_030,2","3,2,1","8","230","0","0","poison","50","","","90,50,110,70,30,0,0","50,0,0,0"
"LongSword_098","辟豪剑Ⅰ","long-sword","使用辟兽素材削制而成的大剑。以厚重的剑身发出的斩击足以砍倒挡在面前的一切障碍。","40","HunterSkill_030,1","0,0,0","2","140","-10","20","","","","","50,90,60,0,0,0,0","20,30,0,0"
"LongSword_099","辟豪剑Ⅱ","long-sword","使用辟兽素材削制而成的大剑。以厚重的剑身发出的斩击足以砍倒挡在面前的一切障碍。","41","HunterSkill_030,2","1,0,0","4","180","-10","20","","","","","70,90,80,10,0,0,0","50,0,0,0"
"LongSword_100","辟豪剑Ⅲ","long-sword","使用辟兽素材削制而成的大剑。以厚重的剑身发出的斩击足以砍倒挡在面前的一切障碍。","42","HunterSkill_030,3","2,1,0","6","210","-10","20","","","","","50,100,140,50,10,0,0","50,0,0,0"
"LongSword_107","护辟豪剑Ⅰ","long-sword","以护辟兽素材制作的大剑。面对拦路之辈无需留情，以神力将其埋葬于大地！","49","HunterSkill_022,1","1,1,0","4","180","-20","0","","","","","50,70,120,10,0,0,0","50,0,0,0"
"LongSword_108","护辟豪剑Ⅱ","long-sword","以护辟兽素材制作的大剑。面对拦路之辈无需留情，以神力将其埋葬于大地！","50","HunterSkill_022,2","2,1,1","6","220","-20","0","","","","","50,110,110,30,0,0,0","50,0,0,0"
"LongSword_109","狂暴护辟豪剑","long-sword","强化后的辟豪剑。手持此武器之人将成为狂暴的化身，被破坏的冲动所支配。","51","HunterSkill_022,2","3,3,1","8","250","-20","0","","","","","50,70,100,100,30,0,0","20,30,0,0"
"LongSword_115","护雷白剑Ⅰ","long-sword","使用护雷颚龙素材制作的大剑。唯有能以理性抑制蛮勇之力者方可使用。","55","HunterSkill_003,2","2,1,0","6","180","15","0","elec","44","","","40,100,130,30,0,0,0","10,40,0,0"
"LongSword_116","狂暴护雷大剑","long-sword","护雷白剑的强化版，具备强大到足以扭曲常理的力量。如果沉溺于这份力量，将会自取灭亡。","56","HunterSkill_003,3","3,2,1","8","210","15","0","elec","50","","","40,90,120,70,30,0,0","0,50,0,0"
"LongSword_120","护锁刃大剑Ⅰ","long-sword","以护锁刃龙的素材制作的大剑。不可思议的力量从剑柄传来，令一切扑面而来的恐惧烟消云散。","44","HunterSkill_022,2","1,1,0","4","170","-10","0","dragon","20","","","100,50,90,10,0,0,0","50,0,0,0"
"LongSword_121","护锁刃大剑Ⅱ","long-sword","以护锁刃龙的素材制作的大剑。不可思议的力量从剑柄传来，令一切扑面而来的恐惧烟消云散。","45","HunterSkill_022,2","2,2,0","6","210","-10","0","dragon","26","","","100,80,90,30,0,0,0","20,30,0,0"
"LongSword_122","护锁刃大剑·兰马洛克","long-sword","强化后的护锁刃大剑。无畏之人已无回头之路，仅是全心全力挥剑杀敌。","46","HunterSkill_022,2","3,3,1","8","240","-10","0","dragon","30","","","100,90,50,80,30,0,0","20,30,0,0"
"LongSword_128","锁刃大剑Ⅰ","long-sword","使用锁刃龙素材制作的大剑。这把古剑曾为武艺高超，立下无数功勋的骑士所使用。","47","HunterSkill_022,3","3,2,0","7","200","0","0","dragon","47","","","50,50,50,120,70,10,0","50,0,0,0"
"LongSword_141","冷冻旗鱼Ⅰ","long-sword","冷冻的大王旗鱼，也是最强钓手的证明。分类是大剑。","67","HunterSkill_030,3","0,0,0","4","150","0","0","ice","50","","","50,90,90,20,0,0,0","50,0,0,0"
"LongSword_142","冷冻旗鱼Ⅱ","long-sword","冷冻的大王旗鱼，也是最强钓手的证明。分类是大剑。","68","HunterSkill_030,3,HunterSkill_032,1","2,0,0","6","180","0","0","ice","60","","","50,90,110,50,0,0,0","50,0,0,0"
"LongSword_143","冷冻四鳍旗鱼","long-sword","大王旗鱼……我已经舍弃了那名字。我乃冷冻四鳍旗鱼，冷冻旗鱼的强化形态。","69","HunterSkill_030,3,HunterSkill_032,2","3,2,0","8","220","0","0","ice","70","","","50,50,90,110,50,0,0","50,0,0,0"
"LongSword_144","麻痹大剑Ⅰ","long-sword","漆黑的剑身格外引人注目。造成这种色彩的原因，乃是为了方便麻痹毒浸润而在其表面进行的加工。","20","HunterSkill_046,1","0,0,0","1","90","0","0","paralyse","25","","","50,70,80,0,0,0,0","50,0,0,0"
"LongSword_145","麻痹大剑Ⅱ","long-sword","漆黑的剑身格外引人注目。造成这种色彩的原因，乃是为了方便麻痹毒浸润而在其表面进行的加工。","21","HunterSkill_046,2","0,0,0","3","120","0","0","paralyse","31","","","60,80,100,10,0,0,0","50,0,0,0"
"LongSword_146","麻痹大剑Ⅲ","long-sword","漆黑的剑身格外引人注目。造成这种色彩的原因，乃是为了方便麻痹毒浸润而在其表面进行的加工。","22","HunterSkill_046,2","2,1,1","5","150","0","0","paralyse","41","","","70,80,100,50,0,0,0","50,0,0,0"
"LongSword_147","麻痹大剑Ⅳ","long-sword","漆黑的剑身格外引人注目。造成这种色彩的原因，乃是为了方便麻痹毒浸润而在其表面进行的加工。","23","HunterSkill_046,2","3,2,1","7","180","0","0","paralyse","47","","","50,60,80,100,10,0,0","20,30,0,0"
"LongSword_148","黑痹大剑","long-sword","强化版麻痹大剑。黑色蔷薇的花语是“永远的憎恶”。刀刃寄宿着憎恨，能带来永恒的麻痹。","24","HunterSkill_046,2","3,3,1","8","200","0","0","paralyse","50","","","50,60,100,110,30,0,0","0,50,0,0"
"LongSword_149","机械大剑Ⅰ","long-sword","由发现的武器碎片组成的古代大剑。据说它能根据使用者灌注的力量而改变自身的形态。","100","","2,2,2","6","170","5","0","","","","","80,40,60,80,40,0,0","20,30,0,0"
"LongSword_150","机械大剑Ⅱ","long-sword","由发现的武器碎片组成的古代大剑。据说它能根据使用者灌注的力量而改变自身的形态。","101","","2,2,2","7","180","5","0","","","","","80,40,60,80,70,20,0","50,0,0,0"
"LongSword_151","英勇变形大剑","long-sword","有着潜藏性能的太古大剑。恢复全貌之时，才能发现它的真正性能。","102","","3,3,3","8","190","5","0","","","","","80,40,60,80,70,20,0","50,0,0,0"
"LongSword_152","白炽剑维亚Ⅰ","long-sword","由白炽龙素材锻造，冠以纯粹荣光之名的大剑。裸露的剑身渴求着献血，永不知足。","103","HunterSkill_204,1","3,2,0","7","210","5","0","dragon","25","","","100,40,100,40,50,20,0","50,0,0,0"
"LongSword_155","期冀大剑","long-sword","通过实地调查而改良的希望大剑。其全力之一击，将开辟通往希望之路。","5","HunterSkill_046,2,HunterSkill_001,2","3,2,1","8","210","0","0","","","","","50,60,80,60,40,60,0","50,0,0,0"
"LongSword_156","狐大剑【夜宿樱花树】Ⅰ","long-sword","文武双全的剑士遗留下来的风雅大剑。猎物将在怒放的樱花下身首异处，断绝气息。","106","HunterSkill_202,2,HunterSkill_003,1","2,1,0","6","180","15","0","water","35","","","80,60,40,40,70,10,0","50,0,0,0"
"LongSword_157","茜霞紫剑之朝斩","long-sword","狐大剑【夜宿樱花树】强化型。短暂生命在眼前凋零。风雅大剑在旭日照射下，散发淡紫光芒。","107","HunterSkill_202,3,HunterSkill_003,1","3,2,1","8","210","15","0","water","45","","","80,60,40,40,80,50,0","50,0,0,0"
"LongSword_158","暗影使者","long-sword","在某国被视为异端的骑士持有的双手剑。为贯彻自身信念，挥舞的锋刃染上黑暗。","114","HunterSkill_233,1","3,2,0","7","210","0","30","dragon","50","","","70,70,70,60,50,30,0","50,0,0,0"
"LongSword_159","檀君辟豪剑","long-sword","面对强化版的辟豪剑，对手唯有战栗。这把大剑会将弱者与绝望一同吞噬。","43","HunterSkill_030,3","3,2,1","8","240","-10","20","","","","","50,100,130,50,20,0,0","10,40,0,0"
"LongSword_160","锁刃大剑·兰马洛克","long-sword","锁刃大剑的强化版。仿佛为了反映出使用者的勇猛，蓄力时会展现出狂野的面貌。","48","HunterSkill_022,3","3,2,1","8","220","0","0","dragon","50","","","50,50,50,90,80,30,0","50,0,0,0"
"LongSword_161","海龙大剑Ⅰ","long-sword","利用海龙的放电器官令刀身缠绕雷电的大剑，有着可以承受高输出雷电的设计。","112","HunterSkill_214,1,HunterSkill_022,2","3,2,0","7","200","0","0","elec","50","","","70,50,40,110,50,30,0","50,0,0,0"
"LongSword_162","超海龙大剑","long-sword","海龙大剑的强化形态。它的剑刃仿若狞猛狂怒的实体化身，迸发出迅雷，将猎物的灵魂吞噬殆尽。","113","HunterSkill_214,1,HunterSkill_022,2","3,2,1","8","220","0","0","elec","55","","","60,40,30,90,70,60,0","50,0,0,0"
"LongSword_163","暗影使者·真","long-sword","克服自身阴影，觉醒更强大力量的暗影使者。与身负的罪业一道战斗不止。","115","HunterSkill_233,1","3,2,1","8","220","0","30","dragon","60","","","70,70,60,50,40,60,0","50,0,0,0"
"LongSword_164","兽颚Ⅰ","long-sword","有着传统构造的骨制大剑。由于外观让人联想到肉食类魔兽的下颚，因此冠以兽颚之名。","70","HunterSkill_022,2,HunterSkill_017,2","2,1,0","6","200","0","0","","","","","50,90,110,50,0,0,0","40,10,0,0"
"LongSword_165","巨颚","long-sword","兽颚的强化版。在保留强大破坏力的基础上，进一步提升锋利度的传统骨剑。","71","HunterSkill_022,2,HunterSkill_017,2","3,2,1","8","240","0","0","","","","","50,100,120,50,30,0,0","40,10,0,0"
"LongSword_166","忘却之碑英勇大剑","long-sword","吞噬隐藏性能的异形之哀绝。于被遗忘时空的尽头显现的姿态，究竟是恸哭还是哀伤。","116","","3,3,3","8","200","-10","0","","","","","140,40,40,80,30,20,0","50,0,0,0"
"LongSword_167","忘却之碑英勇大剑","long-sword","吞噬隐藏性能的异形之哀绝。于被遗忘时空的尽头显现的姿态，究竟是恸哭还是哀伤。","117","","3,3,3","8","180","15","0","","","","","140,40,40,50,70,10,0","50,0,0,0"
"LongSword_168","忘却之碑英勇大剑","long-sword","吞噬隐藏性能的异形之哀绝。于被遗忘时空的尽头显现的姿态，究竟是恸哭还是哀伤。","118","","3,3,3","8","190","0","0","","","","","140,40,40,80,30,20,0","50,0,0,0"
"LongSword_169","碎裂封镜之剑","long-sword","像是被某人击碎的镜之大剑。散落的碎片仿佛忆起往昔般彼此牵引，再度凝聚成刃。","119","HunterSkill_244,1,HunterSkill_022,3","2,2,2","7","190","0","0","","","","","20,20,20,20,20,250,0","50,0,0,0"
"LongSword_170","碎裂封镜之剑【龙窝】","long-sword","经打磨的封镜之剑渴求的是昔日被夺走的眼眸。在魇迷的尽头，被深渊的眼窝吞噬的是己，还是龙？","120","HunterSkill_244,1,HunterSkill_022,3","3,3,3","8","210","0","0","","","","","10,10,10,10,10,350,0","0,0,0,0"
"LongSword_171","炽光剑维亚","long-sword","维亚自天上传下意志——渴求荣光的彷徨者啊，便用汝之巨刃将光明吞噬殆尽罢。","104","HunterSkill_204,1","3,2,1","8","220","5","0","dragon","30","","","100,40,100,40,30,40,0","50,0,0,0"
"Rod_000","希望虫棍Ⅰ","rod","为调查东部地区而特别制作的操虫棍。不仅可以操控猎虫，也是一件轻便灵活的武器。","0","","0,0,0","1","90","0","0","","","","","50,50,40,60,0,0,0","50,0,0,0"
"Rod_001","希望虫棍Ⅱ","rod","为调查东部地区而特别制作的操虫棍。不仅可以操控猎虫，也是一件轻便灵活的武器。","1","HunterSkill_046,1","0,0,0","1","100","0","0","","","","","40,50,40,70,0,0,0","50,0,0,0"
"Rod_002","希望虫棍Ⅲ","rod","为调查东部地区而特别制作的操虫棍。不仅可以操控猎虫，也是一件轻便灵活的武器。","2","HunterSkill_046,1,HunterSkill_001,1","0,0,0","3","130","0","0","","","","","50,60,50,90,0,0,0","50,0,0,0"
"Rod_003","希望虫棍Ⅳ","rod","为调查东部地区而特别制作的操虫棍。不仅可以操控猎虫，也是一件轻便灵活的武器。","3","HunterSkill_046,2,HunterSkill_001,1","2,1,0","5","160","0","0","","","","","50,60,60,70,60,0,0","50,0,0,0"
"Rod_004","希望虫棍Ⅴ","rod","为调查东部地区而特别制作的操虫棍。不仅可以操控猎虫，也是一件轻便灵活的武器。","4","HunterSkill_046,2,HunterSkill_001,1","3,2,0","7","190","0","0","","","","","50,60,50,80,50,60,0","50,0,0,0"
"Rod_005","骨制虫棍Ⅰ","rod","用骨素材制成，外表朴素的操虫棍。根据今后的改良，有可能变为强力的武器。","37","HunterSkill_022,1","0,0,0","1","110","0","0","","","","","50,70,80,0,0,0,0","40,10,0,0"
"Rod_006","骨制虫棍Ⅱ","rod","用骨素材制成，外表朴素的操虫棍。根据今后的改良，有可能变为强力的武器。","38","HunterSkill_022,1,HunterSkill_000,1","0,0,0","2","130","0","0","","","","","50,40,110,0,0,0,0","20,30,0,0"
"Rod_007","骨制虫棍Ⅲ","rod","用骨素材制成，外表朴素的操虫棍。根据今后的改良，有可能变为强力的武器。","39","HunterSkill_022,2,HunterSkill_000,1","1,0,0","4","170","0","0","","","","","50,60,100,40,0,0,0","50,0,0,0"
"Rod_008","骨制虫棍Ⅳ","rod","用骨素材制成，外表朴素的操虫棍。根据今后的改良，有可能变为强力的武器。","40","HunterSkill_022,3,HunterSkill_000,1","2,1,0","6","200","0","0","","","","","50,60,80,110,0,0,0","50,0,0,0"
"Rod_009","舞空长刃","rod","保留了简单的外观，不断进行改良强化的骨制虫棍。适合所有人使用。","41","HunterSkill_022,3,HunterSkill_000,1","3,2,1","8","230","0","0","","","","","50,60,60,70,110,0,0","50,0,0,0"
"Rod_010","钢铁疾风Ⅰ","rod","为了避免造成不必要的伤害而特别调整过的操虫棍。能通过两头形状各异的刀刃产生离心力。","9","HunterSkill_029,1","0,0,0","2","120","0","0","","","","","20,40,90,50,0,0,0","50,0,0,0"
"Rod_011","钢铁疾风Ⅱ","rod","为了避免造成不必要的伤害而特别调整过的操虫棍。能通过两头形状各异的刀刃产生离心力。","10","HunterSkill_029,2","1,1,0","4","160","0","0","","","","","20,60,90,80,0,0,0","50,0,0,0"
"Rod_012","钢铁疾风Ⅲ","rod","为了避免造成不必要的伤害而特别调整过的操虫棍。能通过两头形状各异的刀刃产生离心力。","11","HunterSkill_029,2","2,2,0","6","190","0","0","","","","","20,70,90,60,60,0,0","50,0,0,0"
"Rod_013","铬钢疾风","rod","利用稀有钢铁进一步强化的钢铁疾风。能施展出疾风般的连击。","12","HunterSkill_029,3","3,3,1","8","220","0","0","","","","","20,60,90,70,50,60,0","50,0,0,0"
"Rod_014","缠蛙棍Ⅰ","rod","使用缠蛙素材制作的操虫棍。棍身的造型设计有助于使用者在空中平衡重心，行动自如。","27","HunterSkill_023,1","0,0,0","1","110","0","15","","","","","50,10,110,30,0,0,0","50,0,0,0"
"Rod_015","缠蛙棍Ⅱ","rod","使用缠蛙素材制作的操虫棍。棍身的造型设计有助于使用者在空中平衡重心，行动自如。","28","HunterSkill_023,2","0,0,0","3","150","0","15","","","","","80,10,120,40,0,0,0","50,0,0,0"
"Rod_016","缠蛙棍Ⅲ","rod","使用缠蛙素材制作的操虫棍。棍身的造型设计有助于使用者在空中平衡重心，行动自如。","29","HunterSkill_023,2","2,1,0","5","180","0","15","","","","","70,20,110,80,20,0,0","50,0,0,0"
"Rod_017","缠蛙棍Ⅳ","rod","使用缠蛙素材制作的操虫棍。棍身的造型设计有助于使用者在空中平衡重心，行动自如。","30","HunterSkill_023,3","3,2,0","7","210","0","15","","","","","60,10,120,100,60,0,0","50,0,0,0"
"Rod_018","刺花棍Ⅰ","rod","不愧于刺花蜘蛛之名的华丽操虫棍。若是不想被麻痹，可得留神盯紧它的舞步。","45","HunterSkill_029,1","0,0,0","1","100","10","0","paralyse","10","","","50,40,40,70,0,0,0","50,0,0,0"
"Rod_019","刺花棍Ⅱ","rod","不愧于刺花蜘蛛之名的华丽操虫棍。若是不想被麻痹，可得留神盯紧它的舞步。","46","HunterSkill_029,1,HunterSkill_056,1","0,0,0","3","120","10","0","paralyse","12","","","70,40,30,110,0,0,0","50,0,0,0"
"Rod_020","刺花棍Ⅲ","rod","不愧于刺花蜘蛛之名的华丽操虫棍。若是不想被麻痹，可得留神盯紧它的舞步。","47","HunterSkill_029,1,HunterSkill_056,1","2,1,0","5","150","15","0","paralyse","15","","","70,40,30,100,60,0,0","50,0,0,0"
"Rod_021","刺花棍Ⅳ","rod","不愧于刺花蜘蛛之名的华丽操虫棍。若是不想被麻痹，可得留神盯紧它的舞步。","48","HunterSkill_029,2,HunterSkill_056,1","3,2,0","7","180","15","0","paralyse","17","","","70,40,30,90,60,60,0","50,0,0,0"
"Rod_022","毒蛛刺花棍","rod","更美丽、更锋利的刺花棍。若还珍惜自己的性命，切不可被它的舞步迷了心窍。","49","HunterSkill_029,2,HunterSkill_056,1","3,2,1","8","200","15","0","paralyse","20","","","70,40,30,60,40,110,0","50,0,0,0"
"Rod_023","沙海长刃Ⅰ","rod","使用沙海龙素材制作的操虫棍。重量偏向于前端，想要随心所欲挥舞需要专门的训练。","18","HunterSkill_023,1","0,0,0","2","110","10","0","water","10","","","30,30,90,50,0,0,0","50,0,0,0"
"Rod_024","沙海长刃Ⅱ","rod","使用沙海龙素材制作的操虫棍。重量偏向于前端，想要随心所欲挥舞需要专门的训练。","19","HunterSkill_023,2","1,0,0","4","150","10","0","water","12","","","40,30,100,80,0,0,0","50,0,0,0"
"Rod_025","沙海长刃Ⅲ","rod","使用沙海龙素材制作的操虫棍。重量偏向于前端，想要随心所欲挥舞需要专门的训练。","20","HunterSkill_023,2","2,1,0","5","160","10","0","water","15","","","30,30,110,90,40,0,0","50,0,0,0"
"Rod_026","沙海长刃Ⅳ","rod","使用沙海龙素材制作的操虫棍。重量偏向于前端，想要随心所欲挥舞需要专门的训练。","21","HunterSkill_023,3","3,2,0","7","190","10","0","water","17","","","30,30,110,90,70,20,0","50,0,0,0"
"Rod_027","跃动沙海棍","rod","能于荒野自由自在舞动的沙海长刃强化版。为了提升威力，层层叠加素材，增强了刀刃的重量。","22","HunterSkill_023,3","3,2,1","8","210","10","0","water","20","","","30,30,100,80,70,40,0","50,0,0,0"
"Rod_028","煌雷棍Ⅰ","rod","带有煌雷龙雷电的操虫棍。自带不怒而威的气势，据说在暴风骤雨中举起它能引发落雷。","23","HunterSkill_022,1,HunterSkill_048,1","0,0,0","3","140","0","0","elec","12","","","10,10,140,90,0,0,0","50,0,0,0"
"Rod_029","煌雷棍Ⅱ","rod","带有煌雷龙雷电的操虫棍。自带不怒而威的气势，据说在暴风骤雨中举起它能引发落雷。","24","HunterSkill_022,1,HunterSkill_048,1","2,1,0","5","170","0","0","elec","15","","","10,10,120,100,60,0,0","50,0,0,0"
"Rod_030","煌雷棍Ⅲ","rod","带有煌雷龙雷电的操虫棍。自带不怒而威的气势，据说在暴风骤雨中举起它能引发落雷。","25","HunterSkill_022,2,HunterSkill_048,1","3,2,0","7","200","0","0","elec","17","","","10,10,110,80,80,60,0","50,0,0,0"
"Rod_031","煌雷霹雳棍","rod","强化后的煌雷棍。迸发吧！雷电！乘着狂暴的气流，以雷霆之漩涡肆虐战场！","26","HunterSkill_022,2,HunterSkill_048,1","3,2,1","8","220","0","0","elec","20","","","10,10,100,70,70,90,0","50,0,0,0"
"Rod_032","潜行虫棍Ⅰ","rod","实现了柔韧强度的操虫棍。拔刀后棍身上的凸起会展开，并喷撒出影蜘蛛的气味分子。","50","HunterSkill_048,1,HunterSkill_022,1","0,0,0","3","120","10","0","sleep","12","","","70,40,30,110,0,0,0","50,0,0,0"
"Rod_033","潜行虫棍Ⅱ","rod","实现了柔韧强度的操虫棍。拔刀后棍身上的凸起会展开，并喷撒出影蜘蛛的气味分子。","51","HunterSkill_048,1,HunterSkill_022,1","2,1,0","5","150","15","0","sleep","15","","","70,40,30,100,60,0,0","50,0,0,0"
"Rod_034","潜行虫棍Ⅲ","rod","实现了柔韧强度的操虫棍。拔刀后棍身上的凸起会展开，并喷撒出影蜘蛛的气味分子。","52","HunterSkill_048,2,HunterSkill_022,1","3,2,0","7","180","15","0","sleep","17","","","70,40,30,90,60,60,0","50,0,0,0"
"Rod_035","隐秘潜行虫棍","rod","潜行虫棍的强化型。某个擅长操虫的情报组织成员在使用后，收获了累累战果。","53","HunterSkill_048,2,HunterSkill_022,1","3,2,1","8","200","15","0","sleep","20","","","70,40,30,60,40,110,0","50,0,0,0"
"Rod_036","赫炎三叉戟Ⅰ","rod","蕴含赫猿兽之力的操虫棍。伴随着连绵不绝的爆破连击卷起热浪，连空气也一并焚尽。","42","HunterSkill_023,2","0,0,0","3","130","10","0","blast","12","","","50,60,70,70,0,0,0","50,0,0,0"
"Rod_037","赫炎三叉戟Ⅱ","rod","蕴含赫猿兽之力的操虫棍。伴随着连绵不绝的爆破连击卷起热浪，连空气也一并焚尽。","43","HunterSkill_023,3","2,1,0","6","180","10","0","blast","15","","","50,60,90,40,60,0,0","50,0,0,0"
"Rod_038","赫炎叉戟·跋陀罗","rod","得授真名的赫炎三叉戟。匠人得到天启，在三支枪头中注满救世之愿。","44","HunterSkill_023,3","3,2,1","8","210","10","0","blast","18","","","50,60,50,90,40,60,0","50,0,0,0"
"Rod_039","护火龙棍Ⅰ","rod","以护火龙的素材制作的操虫棍。能带给持有者如熊熊烈火一般绝不屈服的斗志。","6","HunterSkill_004,1,HunterSkill_003,1","1,0,0","4","160","15","0","fire","12","","","50,90,60,50,0,0,0","50,0,0,0"
"Rod_040","护火龙棍Ⅱ","rod","以护火龙的素材制作的操虫棍。能带给持有者如熊熊烈火一般绝不屈服的斗志。","7","HunterSkill_004,1,HunterSkill_003,1","2,1,0","6","180","15","0","fire","17","","","50,100,50,50,50,0,0","20,30,0,0"
"Rod_041","护火龙棍【白妙】","rod","强化后的护火龙棍。在皓白之力的涌流中，可以感受到高贵的王者之魂。","8","HunterSkill_004,1,HunterSkill_003,1","3,2,1","8","210","15","0","fire","20","","","50,130,50,50,40,30,0","50,0,0,0"
"Rod_042","冻峰金属棍Ⅰ","rod","以冻峰龙素材制作的操虫棍，能够放出寒气。挥舞之时能卷起风霜，无差别地冻结周围的一切。","13","HunterSkill_023,3","3,2,0","7","190","0","0","ice","32","","","40,40,30,100,110,30,0","50,0,0,0"
"Rod_043","断崖金属棍","rod","冻峰金属棍的强化版，散发出宛如雪岭般的光辉。寒霜包覆的利刃能将猎物冻结，封印在冰壁之中。","14","HunterSkill_023,3","3,2,1","8","210","0","0","ice","35","","","40,40,20,80,120,50,0","50,0,0,0"
"Rod_046","异界三钴杵Ⅰ","rod","使用护凶爪龙素材制作的操虫棍。是将屈服于渴望的野兽本能化为实体的武器。","15","HunterSkill_022,2","1,0,0","4","140","10","0","dragon","16","","","50,50,70,80,0,0,0","50,0,0,0"
"Rod_047","异界三钴杵Ⅱ","rod","使用护凶爪龙素材制作的操虫棍。是将屈服于渴望的野兽本能化为实体的武器。","16","HunterSkill_022,3","2,1,0","6","170","10","0","dragon","21","","","50,50,70,70,60,0,0","50,0,0,0"
"Rod_048","遗戒","rod","强化后的异界三钴杵。饥渴的凶兽撕裂轮回，将此永不满足的器物残留在人间。","17","HunterSkill_022,3","3,2,1","8","210","10","0","dragon","25","","","50,50,80,80,90,50,0","0,0,0,0"
"Rod_049","护锁刃戟Ⅰ","rod","以护龙素材制作的操虫棍。据说每当挥舞刃戟之时，善恶的界限便会从手中滑落。","32","HunterSkill_023,2","1,1,0","4","170","-10","0","dragon","12","","","100,30,80,40,0,0,0","50,0,0,0"
"Rod_050","护锁刃戟Ⅱ","rod","以护龙素材制作的操虫棍。据说每当挥舞刃戟之时，善恶的界限便会从手中滑落。","33","HunterSkill_023,2","2,2,0","6","210","-10","0","dragon","15","","","100,60,80,60,0,0,0","10,40,0,0"
"Rod_051","护锁刃戟·陶尔","rod","强化之后的护锁刃戟。即使在悠久的时光中已经遗忘了挑战的理由，依然心无旁骛地挥舞着戟刃。","34","HunterSkill_023,2","3,3,1","8","240","-10","0","dragon","18","","","100,70,50,70,60,0,0","10,40,0,0"
"Rod_054","怪鸟矛Ⅰ","rod","此操虫棍的设计灵感，来源于朝着猎物飞奔而去的怪鸟。鲜艳的装饰鼓舞着猎手。","54","HunterSkill_023,2","2,1,0","5","180","0","0","fire","26","","","90,100,50,60,0,0,0","20,30,0,0"
"Rod_055","怪鸟矛Ⅱ","rod","此操虫棍的设计灵感，来源于朝着猎物飞奔而去的怪鸟。鲜艳的装饰鼓舞着猎手。","55","HunterSkill_023,3","3,2,0","7","210","0","0","fire","32","","","100,110,30,70,40,0,0","20,30,0,0"
"Rod_056","赤甲大嘴之怪鸟矛","rod","挥动尖锐大嘴，发起突然袭击的怪鸟矛强化型。没有任何办法能逃离那张大嘴。","56","HunterSkill_023,3","3,2,1","8","220","0","0","fire","35","","","100,120,20,60,50,0,0","10,40,0,0"
"Rod_057","公主宝器Ⅰ","rod","使用了高贵雌火龙素材的操虫棍。散发着品格的华丽装饰象征贵族的无上权威。","59","HunterSkill_056,2,HunterSkill_141,1","2,1,0","5","160","15","0","poison","12","","","50,70,40,90,50,0,0","50,0,0,0"
"Rod_058","公主宝器Ⅱ","rod","使用了高贵雌火龙素材的操虫棍。散发着品格的华丽装饰象征贵族的无上权威。","60","HunterSkill_056,3,HunterSkill_141,1","3,2,0","7","190","15","0","poison","15","","","40,80,40,110,30,50,0","50,0,0,0"
"Rod_059","女王宝器","rod","美丽的东西总是有毒……这把公主宝器的强化形态诉说着关于美的残酷真相。","61","HunterSkill_056,3,HunterSkill_141,1","3,2,1","8","210","15","0","poison","18","","","40,80,30,100,30,70,0","50,0,0,0"
"Rod_060","护雷白杖Ⅰ","rod","使用护雷颚龙素材制作的操虫棍。唯有能以理性抑制蛮勇之力者方可使用。","57","HunterSkill_003,3","2,1,0","6","180","15","0","elec","21","","","40,100,100,60,0,0,0","10,40,0,0"
"Rod_061","狂暴护雷杖","rod","护雷白杖的强化版。具备强大到足以扭曲常理的力量。如果沉溺于这份力量，也会自取灭亡。","58","HunterSkill_003,3","3,2,1","8","210","15","0","elec","25","","","40,90,120,40,60,0,0","0,50,0,0"
"Rod_062","暴雪棍Ⅰ","rod","能施展出如同最狂放的暴风雪般连击的雪狮子王操虫棍。无视一切狂风，纵横飞舞。","66","HunterSkill_022,3","2,1,0","6","200","-10","0","ice","14","","","50,30,90,80,50,0,0","50,0,0,0"
"Rod_063","皓白暴雪棍","rod","暴雪棍的强化版。使用者可获猴神般跳跃之力，跨越岛屿，横渡海洋。","67","HunterSkill_022,3","3,2,1","8","230","-10","0","ice","18","","","50,30,90,80,50,50,0","50,0,0,0"
"Rod_064","铠龙坚骨棍Ⅰ","rod","用铠龙的骨头制成的操虫棍。尖端的铠龙头部装饰，让人联想到铠龙的猛烈冲刺。","68","HunterSkill_030,3","2,2,0","6","220","-15","30","blast","19","","","90,70,80,60,0,0,0","30,20,0,0"
"Rod_065","铠龙焦土棍","rod","铠龙坚骨棍的强化版。喷射强力火焰，开辟道路。其所到之处只留下焦土一片。","69","HunterSkill_030,3","3,3,1","8","250","-15","30","blast","25","","","80,70,70,70,60,0,0","50,0,0,0"
"Rod_066","虫棍河鼓二Ⅰ","rod","其刀刃锐可劈风的千刃龙操虫棍。此棍的特征是两端侧突起的利爪，可扫空一切障碍。","109","HunterSkill_217,1","3,2,0","7","190","25","0","","","","","50,70,100,50,80,0,0","0,50,0,0"
"Rod_067","叛棍河鼓二","rod","虫棍河鼓二的强化型。反逆者之棍奔驰于战场，将不共戴天的猎物撕裂。","110","HunterSkill_217,1","3,2,1","8","210","25","0","","","","","50,70,100,50,50,30,0","50,0,0,0"
"Rod_068","火龙棍Ⅰ","rod","用火龙素材制造而成的操虫棍。裹挟着火炎的一击，正是王者的炽热愤怒。","62","HunterSkill_002,3","2,1,0","6","180","10","0","fire","21","","","100,70,40,30,60,0,0","50,0,0,0"
"Rod_069","火龙棍【炎舞】","rod","火龙棍得到强化，蕴藏的王者之怒也濒临喷发。其猛击将化作焚尽大地的火焰之舞。","63","HunterSkill_002,3","3,2,1","8","200","10","0","fire","25","","","100,70,50,40,40,50,0","50,0,0,0"
"Rod_070","狙击of戏法Ⅰ","rod","不祥之棍，据说其中寄宿着被屠黑蚀龙的悔恨。只要一摆出攻击架势，周围就会卷起瘴气。","64","HunterSkill_003,3","3,2,0","7","180","20","0","dragon","16","","","50,80,80,60,30,50,0","50,0,0,0"
"Rod_071","狙击of变幻","rod","持续扩散的瘴气将笼罩整个世界，化作灾祸的温床。狙击of戏法的强化版本。","65","HunterSkill_003,3","3,2,1","8","200","20","0","dragon","20","","","50,50,90,50,30,80,0","50,0,0,0"
"Rod_072","锁刃戟Ⅰ","rod","使用锁刃龙素材制作的操虫棍。据说此戟曾为古代骑士所用，骑士博爱，守护着一切生灵。","35","HunterSkill_023,3","3,2,0","7","200","0","0","dragon","22","","","50,50,50,80,80,40,0","50,0,0,0"
"Rod_073","机械刃棍Ⅰ","rod","由发现的武器碎片组成的古代刃棍。据说它展开的螺旋形状实际上是某种生物的设计图。","100","","2,2,2","6","170","5","0","","","","","80,40,60,80,40,0,0","20,30,0,0"
"Rod_074","机械刃棍Ⅱ","rod","由发现的武器碎片组成的古代刃棍。据说它展开的螺旋形状实际上是某种生物的设计图。","101","","2,2,2","7","180","5","0","","","","","80,40,60,80,70,20,0","50,0,0,0"
"Rod_075","双重螺旋","rod","有着潜藏性能的太古刃棍。修复后的双螺旋描绘的究竟是进化的希望，还是……","102","","3,3,3","8","190","5","0","","","","","80,40,60,80,70,20,0","50,0,0,0"
"Rod_076","期冀虫棍","rod","通过实地调查而改良的希望虫棍。持此棍者胸怀希望，纵横翱翔于长空。","5","HunterSkill_046,2,HunterSkill_001,2","3,2,1","8","210","0","0","","","","","50,60,50,60,40,90,0","50,0,0,0"
"Rod_077","缠蛙强跃棍","rod","用优质素材制作的改良版缠蛙棍。无论在地上还是空中，伴随着沙砾的连击都将永不停歇。","31","HunterSkill_023,3","3,2,1","8","230","0","15","","","","","60,10,100,90,90,0,0","0,50,0,0"
"Rod_078","锁刃戟·陶尔","rod","锁刃戟的强化版。在战乱之世中，那位骑士依然一边祈祷着百姓的安宁，一边指引着人民。","36","HunterSkill_023,3","3,2,1","8","220","0","0","dragon","25","","","50,50,50,70,70,60,0","50,0,0,0"
"Rod_079","白炽棍卡提勒Ⅰ","rod","由白炽龙素材锻造，冠以清澄繁荣之名的操虫棍。镶嵌的宝珠清浊兼容吸收一切能量绽放光芒。","103","HunterSkill_204,1","3,2,0","7","210","5","0","dragon","10","","","90,40,90,40,50,40,0","50,0,0,0"
"Rod_080","炽光棍卡提勒","rod","卡提勒自天上传下意志——渴求繁荣的高傲者啊，宝珠卷起的漩涡当引领汝直至终焉。","104","HunterSkill_204,1","3,2,1","8","220","5","0","dragon","15","","","90,40,90,40,30,60,0","50,0,0,0"
"Rod_082","狐薙刀【秋风引枝露】Ⅰ","rod","至死都陪伴在主君身边的武士所遗留的风雅薙刀。凛丽花刃追随清风，驱马驰骋战场之上。","106","HunterSkill_202,2,HunterSkill_003,1","2,1,0","6","180","15","0","water","18","","","80,60,40,40,60,20,0","50,0,0,0"
"Rod_083","薹草长薙之漩涡","rod","狐薙刀【秋风引枝露】强化型。只要不断于荒野上经受旋风的洗礼。风雅薙刀之华终将盛开。","107","HunterSkill_202,3,HunterSkill_003,1","3,2,1","8","210","15","0","water","23","","","80,60,40,40,60,70,0","50,0,0,0"
"Rod_084","欧米茄之杖","rod","此操虫棍的造型模仿了某个自律型兵器生成的武器。使出的连击会源源不断地击中目标。","116","HunterSkill_235,1","3,2,0","7","190","10","0","fire","18","","","100,30,70,30,80,40,0","50,0,0,0"
"Rod_085","欧米茄之杖·真","rod","历经无数次战斗实现进化的欧米茄之杖。生成的光弹之雨能够扫清一切障碍。","117","HunterSkill_235,1","3,2,1","8","210","10","0","fire","23","","","100,20,60,20,80,70,0","50,0,0,0"
"Rod_086","雷棍三叉戟Ⅰ","rod","海龙的三叉戟棍，随手一挥就能卷起足以劈山裂谷的雷霆万钧。","112","HunterSkill_214,1,HunterSkill_022,2","3,2,0","7","200","0","0","elec","25","","","70,50,40,100,40,50,0","50,0,0,0"
"Rod_087","雷叉棍海龙戟","rod","强化版的雷棍三叉戟。雷击是海神怒火的具象，可轻而易举粉碎万物。","113","HunterSkill_214,1,HunterSkill_022,2","3,2,1","8","220","0","0","elec","30","","","60,40,30,80,60,80,0","50,0,0,0"
"Rod_089","堕世之泪双重螺旋","rod","吞噬隐藏性能的异形之暗泪。弃置崩坏的螺旋，以悲泣浸染希望。","118","","3,3,3","8","200","-10","0","","","","","140,40,40,80,30,20,0","50,0,0,0"
"Rod_090","堕世之泪双重螺旋","rod","吞噬隐藏性能的异形之暗泪。弃置崩坏的螺旋，以悲泣浸染希望。","119","","3,3,3","8","180","15","0","","","","","140,40,40,50,70,10,0","50,0,0,0"
"Rod_091","堕世之泪双重螺旋","rod","吞噬隐藏性能的异形之暗泪。弃置崩坏的螺旋，以悲泣浸染希望。","120","","3,3,3","8","190","0","0","","","","","140,40,40,80,30,20,0","50,0,0,0"
"Rod_096","先锋团长杖","rod","模仿库纳法村鹭鹰龙骑手所用的长杖制作而成，原本是授予能够独当一面的骑手的证明。","114","HunterSkill_046,2,HunterSkill_055,1","3,2,1","7","210","0","0","","","","","110,40,110,90,0,0,0","10,40,0,0"
"Rod_097","先锋团长杖【皆传】","rod","长期使用的先锋团长杖达到极致。与鹭鹰龙心意相通时挥舞的姿态，可谓人龙一体。","115","HunterSkill_046,2,HunterSkill_055,1","3,3,1","8","230","0","0","","","","","100,30,100,100,20,0,0","0,50,0,0"
"ShortSword_000","希望之剑Ⅰ","short-sword","为调查东部地区而特别制作的单手剑。活用剑和盾牌，就可以发动连绵不绝的攻击。","0","","0,0,0","1","90","0","0","","","","","50,50,40,60,0,0,0","50,0,0,0"
"ShortSword_001","希望之剑Ⅱ","short-sword","为调查东部地区而特别制作的单手剑。活用剑和盾牌，就可以发动连绵不绝的攻击。","1","HunterSkill_046,1","0,0,0","1","100","0","0","","","","","40,50,40,70,0,0,0","50,0,0,0"
"ShortSword_002","希望之剑Ⅲ","short-sword","为调查东部地区而特别制作的单手剑。活用剑和盾牌，就可以发动连绵不绝的攻击。","2","HunterSkill_046,1,HunterSkill_001,1","0,0,0","3","130","0","0","","","","","50,60,50,90,0,0,0","50,0,0,0"
"ShortSword_003","希望之剑Ⅳ","short-sword","为调查东部地区而特别制作的单手剑。活用剑和盾牌，就可以发动连绵不绝的攻击。","3","HunterSkill_046,2,HunterSkill_001,1","2,1,0","5","160","0","0","","","","","50,60,60,70,60,0,0","50,0,0,0"
"ShortSword_004","希望之剑Ⅴ","short-sword","为调查东部地区而特别制作的单手剑。活用剑和盾牌，就可以发动连绵不绝的攻击。","4","HunterSkill_046,2,HunterSkill_001,1","3,2,0","7","190","0","0","","","","","50,60,50,70,60,60,0","50,0,0,0"
"ShortSword_008","煌雷剑Ⅰ","short-sword","带有煌雷龙雷电的单手剑。挥舞时所产生的高压电将熔化一切，连周围的尘埃也无法幸免。","20","HunterSkill_026,1,HunterSkill_028,1","0,0,0","3","140","0","0","elec","12","","","10,10,140,90,0,0,0","50,0,0,0"
"ShortSword_009","煌雷剑Ⅱ","short-sword","带有煌雷龙雷电的单手剑。挥舞时所产生的高压电将熔化一切，连周围的尘埃也无法幸免。","21","HunterSkill_026,1,HunterSkill_028,1","2,1,0","5","170","0","0","elec","15","","","10,10,120,100,60,0,0","50,0,0,0"
"ShortSword_010","煌雷剑Ⅲ","short-sword","带有煌雷龙雷电的单手剑。挥舞时所产生的高压电将熔化一切，连周围的尘埃也无法幸免。","22","HunterSkill_026,2,HunterSkill_028,1","3,2,0","7","200","0","0","elec","17","","","10,10,110,80,80,60,0","50,0,0,0"
"ShortSword_011","煌雷霹雳剑","short-sword","煌雷剑的强化版。每一剑挥出，便有闪电划过空中，宛如在昭示它的存在。","23","HunterSkill_026,2,HunterSkill_028,1","3,2,1","8","220","0","0","elec","20","","","10,10,100,70,70,90,0","50,0,0,0"
"ShortSword_016","单手剑星宿一Ⅰ","short-sword","重叠千刃龙鳞片制成的单手剑。带有许多棘状刃，可深深刺入目标的体内，撕裂其血肉。","109","HunterSkill_217,1","3,2,0","7","190","25","0","","","","","50,70,100,50,80,0,0","0,50,0,0"
"ShortSword_017","叛牙星宿一","short-sword","单手剑星宿一的强化版。手持不朽的革命剑之人，肩负着改变世界的宿命。","110","HunterSkill_217,1","3,2,1","8","210","25","0","","","","","50,70,100,50,50,30,0","50,0,0,0"
"ShortSword_021","生命of检验者Ⅰ","short-sword","以黑蚀龙素材锻造而成的黑剑。据说在睁开的魔眼眼底可以窥探到冥府的入口。","69","HunterSkill_003,3","3,2,0","7","180","20","0","dragon","16","","","50,80,80,60,30,50,0","50,0,0,0"
"ShortSword_022","生命of探索者","short-sword","魔眼拥有真正的力量之时，持有者将堕落为冥府的先驱。生命of检验者的强化型。","70","HunterSkill_003,3","3,2,1","8","210","20","0","dragon","20","","","50,50,90,50,30,80,0","50,0,0,0"
"ShortSword_026","刺花短剑Ⅰ","short-sword","使用刺花蜘蛛素材制作的单手剑，带有麻痹属性。翩然起舞般的连击将猎物一步步逼入绝境。","47","HunterSkill_029,1","0,0,0","1","100","10","0","paralyse","10","","","50,40,40,70,0,0,0","50,0,0,0"
"ShortSword_027","刺花短剑Ⅱ","short-sword","使用刺花蜘蛛素材制作的单手剑，带有麻痹属性。翩然起舞般的连击将猎物一步步逼入绝境。","48","HunterSkill_029,1,HunterSkill_056,1","0,0,0","3","120","10","0","paralyse","12","","","70,40,30,110,0,0,0","50,0,0,0"
"ShortSword_028","刺花短剑Ⅲ","short-sword","使用刺花蜘蛛素材制作的单手剑，带有麻痹属性。翩然起舞般的连击将猎物一步步逼入绝境。","49","HunterSkill_029,1,HunterSkill_056,1","2,1,0","5","150","15","0","paralyse","15","","","70,40,30,100,60,0,0","50,0,0,0"
"ShortSword_029","刺花短剑Ⅳ","short-sword","使用刺花蜘蛛素材制作的单手剑，带有麻痹属性。翩然起舞般的连击将猎物一步步逼入绝境。","50","HunterSkill_029,2,HunterSkill_056,1","3,2,0","7","180","15","0","paralyse","17","","","70,40,30,90,60,60,0","50,0,0,0"
"ShortSword_030","毒蛛刺花剑","short-sword","多番强化后的刺花短剑。华丽的舞步令所见之人为之心神动摇，遂被夺去自由，迎来生命的终焉。","51","HunterSkill_029,2,HunterSkill_056,1","3,2,1","8","200","15","0","paralyse","20","","","70,40,30,60,40,110,0","50,0,0,0"
"ShortSword_034","炎尾短匕Ⅰ","short-sword","使用炎尾龙素材制造的单手剑。刀身可更换，不必担心被攻击时的火焰烧焦。","24","HunterSkill_028,1","0,0,0","1","100","5","0","fire","10","","","50,70,40,40,0,0,0","50,0,0,0"
"ShortSword_035","炎尾短匕Ⅱ","short-sword","使用炎尾龙素材制造的单手剑。刀身可更换，不必担心被攻击时的火焰烧焦。","25","HunterSkill_028,2","0,0,0","3","140","5","0","fire","12","","","50,80,50,70,0,0,0","50,0,0,0"
"ShortSword_036","炎尾短匕Ⅲ","short-sword","使用炎尾龙素材制造的单手剑。刀身可更换，不必担心被攻击时的火焰烧焦。","26","HunterSkill_028,2","2,1,0","5","170","5","0","fire","14","","","70,80,70,50,30,0,0","50,0,0,0"
"ShortSword_037","炎尾短匕Ⅳ","short-sword","使用炎尾龙素材制造的单手剑。刀身可更换，不必担心被攻击时的火焰烧焦。","27","HunterSkill_028,3","3,2,0","7","210","5","0","fire","16","","","70,80,70,80,50,0,0","50,0,0,0"
"ShortSword_038","火灶炎尾剑","short-sword","听取使用者的意见进行了改良的炎尾龙短匕。盾与剑连击产生灼热火焰会燃尽一切。","28","HunterSkill_028,3","3,2,1","8","240","5","0","fire","18","","","60,70,70,80,70,0,0","50,0,0,0"
"ShortSword_042","铠龙重剑Ⅰ","short-sword","充斥着愤怒的白刃爆剑。沉重巨大的身影与住在火山的白龙如出一辙。","73","HunterSkill_027,3","2,2,0","6","210","-15","30","blast","19","","","90,70,80,60,0,0,0","30,20,0,0"
"ShortSword_043","泰坦重剑","short-sword","铠龙重剑的强化版。剑击可引发爆炸，厚重的盾牌则有着绝对的防御力。","74","HunterSkill_027,3","3,3,1","8","240","-15","30","blast","25","","","80,70,70,70,60,0,0","50,0,0,0"
"ShortSword_047","青年铁剑Ⅰ","short-sword","年轻工匠在学习时制造的铁剑。还是略显粗糙，但足够实用。愿这些工匠们学有所成！","9","HunterSkill_026,1","0,0,0","2","120","0","0","","","","","20,40,90,50,0,0,0","50,0,0,0"
"ShortSword_048","青年铁剑Ⅱ","short-sword","年轻工匠在学习时制造的铁剑。还是略显粗糙，但足够实用。愿这些工匠们学有所成！","10","HunterSkill_026,2","1,0,0","4","160","0","0","","","","","20,60,90,80,0,0,0","50,0,0,0"
"ShortSword_049","青年铁剑Ⅲ","short-sword","年轻工匠在学习时制造的铁剑。还是略显粗糙，但足够实用。愿这些工匠们学有所成！","11","HunterSkill_026,3","2,1,0","6","190","0","0","","","","","20,70,90,60,60,0,0","50,0,0,0"
"ShortSword_050","成才重铁剑","short-sword","某个年轻工匠所造的粗糙铁剑，稍经加工就产生了惊人的变化。莫非是沉睡的才能显现……？！","12","HunterSkill_026,3","3,2,1","8","220","0","0","","","","","20,60,90,70,50,60,0","50,0,0,0"
"ShortSword_055","冻峰金属杖Ⅰ","short-sword","冻峰龙的冻结单手剑。为发挥素材的寒气而叠合多重剑刃后，形成了特殊的形状。","13","HunterSkill_026,3","3,2,0","7","190","0","0","ice","32","","","40,40,30,100,110,30,0","50,0,0,0"
"ShortSword_056","断崖金属杖","short-sword","强化之后的冻峰金属杖。超低温的刀刃能不断夺走猎物的体温，没有任何生物能抵挡随之而来的极寒。","14","HunterSkill_026,3","3,2,1","8","210","0","0","ice","35","","","40,40,20,80,120,50,0","50,0,0,0"
"ShortSword_063","白炎之刃Ⅰ","short-sword","以护火龙素材制作的单手剑。能带给持有者如熊熊烈火一般绝不屈服的斗志。","6","HunterSkill_004,1,HunterSkill_003,1","1,0,0","4","160","15","0","fire","12","","","50,90,60,50,0,0,0","50,0,0,0"
"ShortSword_064","白炎之刃Ⅱ","short-sword","以护火龙素材制作的单手剑。能带给持有者如熊熊烈火一般绝不屈服的斗志。","7","HunterSkill_004,1,HunterSkill_003,1","2,1,0","6","180","15","0","fire","17","","","50,100,50,50,50,0,0","20,30,0,0"
"ShortSword_065","熔白之刃","short-sword","强化后的白炎之刃。在皓白之力的涌流中，可以感受到高贵的王者之魂。","8","HunterSkill_004,1,HunterSkill_003,1","3,2,1","8","210","15","0","fire","20","","","50,130,50,50,40,30,0","50,0,0,0"
"ShortSword_071","炙热锐剑Ⅰ","short-sword","火龙的单手剑。剑身蕴含火龙的炎之力，总是散发着淡淡的红光。","67","HunterSkill_002,3","2,1,0","6","180","10","0","fire","21","","","100,70,40,30,60,0,0","50,0,0,0"
"ShortSword_072","日冕短剑","short-sword","升华为精湛利刃的炙热锐剑强化版。激发了素材的全部潜力，进一步提高了火焰的威力。","68","HunterSkill_002,3","3,2,1","8","200","10","0","fire","25","","","100,70,50,40,40,50,0","50,0,0,0"
"ShortSword_076","公主细剑Ⅰ","short-sword","用雌火龙素材加工而成的剑，是毒系单手剑系列的最新型号。性能极为稳定。","64","HunterSkill_056,2,HunterSkill_141,1","2,1,0","5","160","15","0","poison","12","","","50,70,40,90,50,0,0","50,0,0,0"
"ShortSword_077","公主细剑Ⅱ","short-sword","用雌火龙素材加工而成的剑，是毒系单手剑系列的最新型号。性能极为稳定。","65","HunterSkill_056,3,HunterSkill_141,1","3,2,0","7","190","15","0","poison","15","","","40,80,40,110,30,50,0","50,0,0,0"
"ShortSword_078","女王细剑","short-sword","败于女王剑下之人将跪地叩首，痛悟自己的愚昧。公主细剑的强化形态。","66","HunterSkill_056,3,HunterSkill_141,1","3,2,1","8","210","15","0","poison","18","","","40,80,30,100,30,70,0","50,0,0,0"
"ShortSword_081","影蜘蛛盾剑Ⅰ","short-sword","用影蜘蛛的爪精心削制而成的单手剑。其薄刃强韧得令人难以置信，可轻松斩开猎物。","52","HunterSkill_026,2","0,0,0","3","120","10","0","sleep","12","","","70,40,30,110,0,0,0","50,0,0,0"
"ShortSword_082","影蜘蛛盾剑Ⅱ","short-sword","用影蜘蛛的爪精心削制而成的单手剑。其薄刃强韧得令人难以置信，可轻松斩开猎物。","53","HunterSkill_026,2","2,1,0","5","150","15","0","sleep","15","","","70,40,30,100,60,0,0","50,0,0,0"
"ShortSword_083","影蜘蛛盾剑Ⅲ","short-sword","用影蜘蛛的爪精心削制而成的单手剑。其薄刃强韧得令人难以置信，可轻松斩开猎物。","54","HunterSkill_026,3","3,2,0","7","180","15","0","sleep","17","","","70,40,30,90,60,60,0","50,0,0,0"
"ShortSword_084","影蜘蛛之剑","short-sword","影蜘蛛盾剑的强化版。剑刃极为柔韧，可滑入飞龙甲壳的缝隙之间，削开血肉。","55","HunterSkill_026,3","3,2,1","8","200","15","0","sleep","20","","","70,40,30,60,40,110,0","50,0,0,0"
"ShortSword_089","沙海剑Ⅰ","short-sword","使用沙海龙素材制作的单手剑。剑身外缘的坚硬刀刃会在攻击时将触碰到的部分切削殆尽。","15","HunterSkill_028,1","0,0,0","2","110","10","0","water","10","","","30,30,90,50,0,0,0","50,0,0,0"
"ShortSword_090","沙海剑Ⅱ","short-sword","使用沙海龙素材制作的单手剑。剑身外缘的坚硬刀刃会在攻击时将触碰到的部分切削殆尽。","16","HunterSkill_028,2","1,0,0","4","150","10","0","water","12","","","40,30,100,80,0,0,0","50,0,0,0"
"ShortSword_091","沙海剑Ⅲ","short-sword","使用沙海龙素材制作的单手剑。剑身外缘的坚硬刀刃会在攻击时将触碰到的部分切削殆尽。","17","HunterSkill_028,2","2,1,0","5","160","10","0","water","15","","","30,30,110,90,40,0,0","50,0,0,0"
"ShortSword_092","沙海剑Ⅳ","short-sword","使用沙海龙素材制作的单手剑。剑身外缘的坚硬刀刃会在攻击时将触碰到的部分切削殆尽。","18","HunterSkill_028,3","3,2,0","7","190","10","0","water","17","","","30,30,110,90,70,20,0","50,0,0,0"
"ShortSword_093","切斩沙海剑","short-sword","增强了硬度的沙海剑强化版。对横渡沙海的战士来说，剑与盾的性能决定着他们的生死。","19","HunterSkill_028,3","3,2,1","8","210","10","0","water","20","","","30,30,100,80,70,40,0","50,0,0,0"
"ShortSword_097","骨制反曲刀Ⅰ","short-sword","用骨打造而成的廉价单手剑。构造简单，但性能稳定，推荐给新手使用。","39","HunterSkill_033,1","0,0,0","1","110","0","0","","","","","50,70,80,0,0,0,0","40,10,0,0"
"ShortSword_098","骨制反曲刀Ⅱ","short-sword","用骨打造而成的廉价单手剑。构造简单，但性能稳定，推荐给新手使用。","40","HunterSkill_033,1,HunterSkill_000,1","0,0,0","2","130","0","0","","","","","50,40,110,0,0,0,0","20,30,0,0"
"ShortSword_099","骨制反曲刀Ⅲ","short-sword","用骨打造而成的廉价单手剑。构造简单，但性能稳定，推荐给新手使用。","41","HunterSkill_033,2,HunterSkill_000,1","1,0,0","4","170","0","0","","","","","50,60,100,40,0,0,0","50,0,0,0"
"ShortSword_100","骨制反曲刀Ⅳ","short-sword","用骨打造而成的廉价单手剑。构造简单，但性能稳定，推荐给新手使用。","42","HunterSkill_033,3,HunterSkill_000,1","2,1,0","6","200","0","0","","","","","50,60,80,110,0,0,0","50,0,0,0"
"ShortSword_101","领袖反曲刀","short-sword","骨制反曲刀的强化版。可承受更长时间的战斗。另一个特点是素材容易获取。","43","HunterSkill_033,3,HunterSkill_000,1","3,2,1","8","230","0","0","","","","","50,60,60,70,110,0,0","50,0,0,0"
"ShortSword_105","护雷白刃Ⅰ","short-sword","使用护雷颚龙素材制作的单手剑。唯有能以理性抑制蛮勇之力者方可使用。","62","HunterSkill_003,3","2,1,0","6","180","15","0","elec","21","","","40,100,100,60,0,0,0","10,40,0,0"
"ShortSword_106","狂暴护雷刃","short-sword","护雷白刃的强化版，具备强大到足以扭曲常理的力量。如果沉溺于这份力量，将会自取灭亡。","63","HunterSkill_003,3","3,2,1","8","210","15","0","elec","25","","","40,90,120,40,60,0,0","0,50,0,0"
"ShortSword_110","剧毒毁灭Ⅰ","short-sword","使用了从毒怪鸟身上采集的毒素生成器官，剑身带有毒液的特殊单手剑。","59","HunterSkill_030,2,HunterSkill_029,1","2,1,0","5","180","0","0","poison","16","","","90,50,90,70,0,0,0","50,0,0,0"
"ShortSword_111","剧毒毁灭Ⅱ","short-sword","使用了从毒怪鸟身上采集的毒素生成器官，剑身带有毒液的特殊单手剑。","60","HunterSkill_030,2,HunterSkill_029,2","2,1,0","6","200","0","0","poison","19","","","90,50,60,60,40,0,0","50,0,0,0"
"ShortSword_112","致命剧毒剑","short-sword","剧毒毁灭的强化版。通过精选素材使剑身上的毒液更为猛烈，给猎物带去可怕的痛苦。","61","HunterSkill_030,3,HunterSkill_029,2","3,3,1","8","230","0","0","poison","25","","","90,50,90,60,60,0,0","50,0,0,0"
"ShortSword_115","赫炎护剑Ⅰ","short-sword","蕴含赫猿兽之力的单手剑。为避免灼热火焰伤到持有者，采用了剑柄和手甲合而为一的设计。","44","HunterSkill_028,2","0,0,0","3","130","10","0","blast","12","","","50,60,70,70,0,0,0","50,0,0,0"
"ShortSword_116","赫炎护剑Ⅱ","short-sword","蕴含赫猿兽之力的单手剑。为避免灼热火焰伤到持有者，采用了剑柄和手甲合而为一的设计。","45","HunterSkill_028,3","2,1,0","6","180","10","0","blast","15","","","50,60,90,40,60,0,0","50,0,0,0"
"ShortSword_117","赫炎护剑·苏频陀","short-sword","得授真名的赫炎护剑。释放的高温使空气都为之扭曲，灼烧着大地劈砍出一条新的道路。","46","HunterSkill_028,3","3,2,1","8","210","10","0","blast","18","","","50,60,50,90,40,60,0","50,0,0,0"
"ShortSword_123","雪白双刃弯刀Ⅰ","short-sword","使用雪狮子王素材制作的单手剑。缠绕着薄薄一层寒霜的刀刃被特别设计成便于拔刀的形状。","71","HunterSkill_029,2,HunterSkill_028,1","2,1,0","6","200","-10","0","ice","14","","","50,30,90,80,50,0,0","50,0,0,0"
"ShortSword_124","狮子双刃弯刀","short-sword","雪白双刃弯刀的强化版。唯有对武器抱有敬意之人，方能自如地操控它的寒气。","72","HunterSkill_029,2,HunterSkill_028,1","3,2,1","8","230","-10","0","ice","18","","","50,30,90,80,50,50,0","50,0,0,0"
"ShortSword_128","缠蛙狼牙棒Ⅰ","short-sword","使用缠蛙的坚硬部位素材制作的棍棒型单手剑。因攻守兼备且易于使用而广受好评。","29","HunterSkill_026,1","0,0,0","1","110","0","15","","","","","50,10,110,30,0,0,0","50,0,0,0"
"ShortSword_129","缠蛙狼牙棒Ⅱ","short-sword","使用缠蛙的坚硬部位素材制作的棍棒型单手剑。因攻守兼备且易于使用而广受好评。","30","HunterSkill_026,2","0,0,0","3","150","0","15","","","","","80,10,120,40,0,0,0","50,0,0,0"
"ShortSword_130","缠蛙狼牙棒Ⅲ","short-sword","使用缠蛙的坚硬部位素材制作的棍棒型单手剑。因攻守兼备且易于使用而广受好评。","31","HunterSkill_026,2","2,1,0","5","180","0","15","","","","","70,20,110,80,20,0,0","50,0,0,0"
"ShortSword_131","缠蛙狼牙棒Ⅳ","short-sword","使用缠蛙的坚硬部位素材制作的棍棒型单手剑。因攻守兼备且易于使用而广受好评。","32","HunterSkill_026,2,HunterSkill_027,1","3,2,0","7","210","0","15","","","","","60,10,110,110,60,0,0","50,0,0,0"
"ShortSword_136","虚无之剑Ⅰ","short-sword","使用暗器蛸素材制作的单手剑。形状十分特别，据说在很久以前深受刺客青睐。","56","HunterSkill_026,2","1,0,0","4","160","0","0","water","12","","","20,110,40,80,0,0,0","50,0,0,0"
"ShortSword_137","虚无之剑Ⅱ","short-sword","使用暗器蛸素材制作的单手剑。形状十分特别，据说在很久以前深受刺客青睐。","57","HunterSkill_026,3","2,1,0","6","190","0","0","water","15","","","20,110,50,60,60,0,0","50,0,0,0"
"ShortSword_138","科黛之暗弯刀","short-sword","散发不祥气息的强化版虚无之剑。察觉到它从背后传来的气息时，早已无力回天。","58","HunterSkill_026,3","3,2,1","8","220","0","0","water","18","","","20,110,50,50,40,80,0","50,0,0,0"
"ShortSword_144","护锁刃剑Ⅰ","short-sword","以护锁刃龙素材制作的单手剑。举起此剑时，心跳加速，全身都充盈着力量。","34","HunterSkill_026,2","1,1,0","4","170","-10","0","dragon","12","","","100,30,80,40,0,0,0","50,0,0,0"
"ShortSword_145","护锁刃剑Ⅱ","short-sword","以护锁刃龙素材制作的单手剑。举起此剑时，心跳加速，全身都充盈着力量。","35","HunterSkill_026,2","2,2,0","6","210","-10","0","dragon","15","","","100,60,80,60,0,0,0","10,40,0,0"
"ShortSword_146","护锁刃剑·亚瑟","short-sword","强化后的护锁刃剑。哪怕只有孤身一人，也将架起盾牌高举宝剑，对胜利笃信无疑。","36","HunterSkill_026,2","3,3,1","8","240","-10","0","dragon","18","","","100,70,50,70,60,0,0","10,40,0,0"
"ShortSword_152","锁刃剑Ⅰ","short-sword","使用锁刃龙素材制作的单手剑。据说此剑与盾曾为古代骑士所用，骑士以举世无双的强大实力统率国家。","37","HunterSkill_026,3","3,2,0","7","200","0","0","dragon","22","","","50,70,80,70,40,40,0","50,0,0,0"
"ShortSword_165","机械剑Ⅰ","short-sword","由发现的武器碎片组成的古代单手剑。有着一旦侦测到危险就会展开剑与盾的未知构造。","100","","2,2,2","6","170","5","0","","","","","80,40,60,80,40,0,0","20,30,0,0"
"ShortSword_166","机械剑Ⅱ","short-sword","由发现的武器碎片组成的古代单手剑。有着一旦侦测到危险就会展开剑与盾的未知构造。","101","","2,2,2","7","180","5","0","","","","","80,40,60,80,70,20,0","50,0,0,0"
"ShortSword_167","真实之凿","short-sword","有着潜藏性能的太古单手剑。武器上镌刻的花纹仅会对修复者揭露隐藏的真相。","102","","3,3,3","8","190","5","0","","","","","80,40,60,80,70,20,0","50,0,0,0"
"ShortSword_168","白炽单手剑米迦勒Ⅰ","short-sword","由白炽龙素材锻造，冠以高洁胜利之名的单手剑。万里挑一的利刃是黄泉彼岸的引路人。","103","HunterSkill_204,1","3,2,0","7","210","5","0","dragon","10","","","90,40,90,40,50,40,0","50,0,0,0"
"ShortSword_169","炽光单手剑米迦勒","short-sword","米迦勒自天上传下意志——渴求胜利的跪拜者啊，当叫汝高举利刃，直取冥府。","104","HunterSkill_204,1","3,2,1","8","220","5","0","dragon","15","","","90,40,90,40,30,60,0","50,0,0,0"
"ShortSword_177","期冀之剑","short-sword","通过实地调查而改良的希望之剑。此剑为紧握希望而生。","5","HunterSkill_046,2,HunterSkill_001,2","3,2,1","8","210","0","0","","","","","50,60,50,60,40,90,0","50,0,0,0"
"ShortSword_178","缠蛙强劈棒","short-sword","以更锋利、更坚固为目标制作的缠蛙狼牙棒强化版。被它全力击中的下场只有粉身碎骨。","33","HunterSkill_026,3,HunterSkill_027,1","3,2,1","8","230","0","15","","","","","60,10,100,90,90,0,0","0,50,0,0"
"ShortSword_179","锁刃剑·亚瑟","short-sword","锁刃剑的强化版。具备强大力量，被誉为圣剑。据传还会自己选择主人。","38","HunterSkill_026,3","3,2,1","8","220","0","0","dragon","25","","","50,50,80,60,50,60,0","50,0,0,0"
"ShortSword_180","狐扇【飞花实可叹】Ⅰ","short-sword","拥有忠诚家臣的武士留下的风雅折扇。映照飞花的折扇扬起清风，吹散脆弱的生命。","106","HunterSkill_202,2,HunterSkill_003,1","2,1,0","6","180","15","0","water","18","","","80,60,40,40,60,20,0","50,0,0,0"
"ShortSword_181","鲜红彩扇之薄重","short-sword","狐扇【飞花实可叹】强化型。生命凋零，委于风中。雅扇扬起花风，无人可以幸免。","107","HunterSkill_202,3,HunterSkill_003,1","3,2,1","8","210","15","0","water","23","","","80,60,40,40,60,70,0","50,0,0,0"
"ShortSword_182","矿工十字镐","short-sword","以镐代剑，以矿脉为盾，这把单手剑体现了将一生奉献在采掘上的矿工之魂。","114","HunterSkill_229,1","3,2,1","7","170","0","0","","","","","20,40,70,100,80,40,0","50,0,0,0"
"ShortSword_183","鹤嘴剑猛挖","short-sword","对矿脉异乎寻常的执着，催生出的强化版矿工十字镐。即使身处狩猎之中，也要有一颗挖掘的心。","115","HunterSkill_229,1","3,3,1","8","180","0","0","","","","","10,30,60,90,90,70,0","50,0,0,0"
"ShortSword_184","欧米茄之剑","short-sword","此单手剑的造型模仿了某个自律型兵器生成的武器。使出的斩击能够荡平眼前的威胁。","116","HunterSkill_234,1,HunterSkill_027,3","3,2,0","7","200","10","25","","","","","100,30,70,30,80,40,0","50,0,0,0"
"ShortSword_185","海龙剑Ⅰ","short-sword","带有象征着海龙之力的雷属性单手剑。奔流的雷电将由内而外折磨猎物。","112","HunterSkill_214,1,HunterSkill_028,2","3,2,0","7","200","0","0","elec","25","","","70,50,40,100,40,50,0","50,0,0,0"
"ShortSword_186","高等海龙剑","short-sword","海龙剑的强化版，剑中含有狂怒的海龙般的力量。挥舞时的汹涌电流会吞噬猎物。","113","HunterSkill_214,1,HunterSkill_028,2","3,2,1","8","220","0","0","elec","30","","","60,40,30,80,60,80,0","50,0,0,0"
"ShortSword_187","欧米茄之剑·真","short-sword","历经无数次战斗实现进化的欧米茄之剑。多道斩击迅捷如影，使一切灰飞烟灭。","117","HunterSkill_234,1,HunterSkill_027,3","3,2,1","8","220","10","25","","","","","100,20,60,20,80,70,0","50,0,0,0"
"ShortSword_188","猫？拳","short-sword","喜欢恶作剧的兽人族爱用的盗窃工具。也有人喜欢上面的肉球，特意从兽人族那里购买。","118","HunterSkill_238,1","3,2,0","7","220","10","0","paralyse","10","","","50,30,70,100,100,0,0","50,0,0,0"
"ShortSword_189","喵喵棒","short-sword","猫？拳的强化版～喵♪喵喵喵♪～　　　　　——摘自首领语录","119","HunterSkill_238,1","3,2,1","8","240","10","0","paralyse","14","","","40,20,60,100,130,0,0","50,0,0,0"
"ShortSword_190","破灭祷词之凿","short-sword","吞噬隐藏性能的异形之足音。将践踏殆尽的慈悲刻于盾上，迈向绝望的真实。","120","","3,3,3","8","200","-10","0","","","","","140,40,40,80,30,20,0","50,0,0,0"
"ShortSword_191","破灭祷词之凿","short-sword","吞噬隐藏性能的异形之足音。将践踏殆尽的慈悲刻于盾上，迈向绝望的真实。","121","","3,3,3","8","180","15","0","","","","","140,40,40,50,70,10,0","50,0,0,0"
"ShortSword_192","破灭祷词之凿","short-sword","吞噬隐藏性能的异形之足音。将践踏殆尽的慈悲刻于盾上，迈向绝望的真实。","122","","3,3,3","8","190","0","0","","","","","140,40,40,80,30,20,0","50,0,0,0"
"SlashAxe_000","希望之斧Ⅰ","slash-axe","为调查东部地区而特别制作的斩斧。剑或斧，压缩或解放，使用者必须具备临机应变的技巧。","0","","0,0,0","1","90","0","0","","","","","50,50,40,60,0,0,0","50,0,0,0"
"SlashAxe_001","希望之斧Ⅱ","slash-axe","为调查东部地区而特别制作的斩斧。剑或斧，压缩或解放，使用者必须具备临机应变的技巧。","1","HunterSkill_046,1","0,0,0","1","100","0","0","","","","","40,50,40,70,0,0,0","50,0,0,0"
"SlashAxe_002","希望之斧Ⅲ","slash-axe","为调查东部地区而特别制作的斩斧。剑或斧，压缩或解放，使用者必须具备临机应变的技巧。","2","HunterSkill_046,1,HunterSkill_001,1","0,0,0","3","130","0","0","","","","","50,60,50,90,0,0,0","50,0,0,0"
"SlashAxe_003","希望之斧Ⅳ","slash-axe","为调查东部地区而特别制作的斩斧。剑或斧，压缩或解放，使用者必须具备临机应变的技巧。","3","HunterSkill_046,2,HunterSkill_001,1","2,1,0","5","160","0","0","","","","","50,60,60,70,60,0,0","50,0,0,0"
"SlashAxe_004","希望之斧Ⅴ","slash-axe","为调查东部地区而特别制作的斩斧。剑或斧，压缩或解放，使用者必须具备临机应变的技巧。","4","HunterSkill_046,2,HunterSkill_001,1","3,2,0","7","190","0","0","","","","","50,60,50,80,50,60,0","50,0,0,0"
"SlashAxe_005","骨制斩斧Ⅰ","slash-axe","在沙漠地区开发的最新武器。可衍生出各种不同形态的武器。骨制斩斧的标准款式。","20","HunterSkill_022,1","0,0,0","1","110","0","0","","","","","50,70,80,0,0,0,0","40,10,0,0"
"SlashAxe_006","骨制斩斧Ⅱ","slash-axe","在沙漠地区开发的最新武器。可衍生出各种不同形态的武器。骨制斩斧的标准款式。","21","HunterSkill_022,1,HunterSkill_000,1","0,0,0","2","130","0","0","","","","","50,40,110,0,0,0,0","20,30,0,0"
"SlashAxe_007","骨制斩斧Ⅲ","slash-axe","在沙漠地区开发的最新武器。可衍生出各种不同形态的武器。骨制斩斧的标准款式。","22","HunterSkill_022,2,HunterSkill_000,1","1,0,0","4","170","0","0","","","","","50,60,100,40,0,0,0","50,0,0,0"
"SlashAxe_008","骨制斩斧Ⅳ","slash-axe","在沙漠地区开发的最新武器。可衍生出各种不同形态的武器。骨制斩斧的标准款式。","23","HunterSkill_022,3,HunterSkill_000,1","2,1,0","6","200","0","0","","","","","50,60,80,110,0,0,0","50,0,0,0"
"SlashAxe_009","粉身碎骨","slash-axe","历时数年的技术研究，令此骨制斩斧的性能获得大幅度提升。兼有剑的锋利度与斧的威力。","24","HunterSkill_022,3,HunterSkill_000,1","3,2,1","8","230","0","0","","","","","50,60,60,70,110,0,0","50,0,0,0"
"SlashAxe_010","钢铁迅斧Ⅰ","slash-axe","带有曲线刀刃的初学者用斩斧。无论是剑还是斧，都可以丝滑地切开目标。","9","HunterSkill_047,1","0,0,0","2","120","0","0","","","","","20,40,90,50,0,0,0","50,0,0,0"
"SlashAxe_011","钢铁迅斧Ⅱ","slash-axe","带有曲线刀刃的初学者用斩斧。无论是剑还是斧，都可以丝滑地切开目标。","10","HunterSkill_047,2","1,0,0","4","160","0","0","","","","","20,60,90,80,0,0,0","50,0,0,0"
"SlashAxe_012","钢铁迅斧Ⅲ","slash-axe","带有曲线刀刃的初学者用斩斧。无论是剑还是斧，都可以丝滑地切开目标。","11","HunterSkill_047,3","2,1,0","6","190","0","0","","","","","20,70,90,60,60,0,0","50,0,0,0"
"SlashAxe_013","铬钢迅斧","slash-axe","利用稀有钢铁进一步强化的钢铁迅斧。通过优化设计，加快了剑与斧之间的变形速度。","12","HunterSkill_047,3","3,2,1","8","220","0","0","","","","","20,60,90,70,50,60,0","50,0,0,0"
"SlashAxe_014","刺花斩斧Ⅰ","slash-axe","使用刺花蜘蛛素材制作的斩斧。花瓣上满溢欲滴的麻痹毒会无情夺去猎物的自由。","47","HunterSkill_029,1","0,0,0","1","100","10","0","paralyse","10","","","50,40,40,70,0,0,0","50,0,0,0"
"SlashAxe_015","刺花斩斧Ⅱ","slash-axe","使用刺花蜘蛛素材制作的斩斧。花瓣上满溢欲滴的麻痹毒会无情夺去猎物的自由。","48","HunterSkill_029,1,HunterSkill_056,1","0,0,0","3","120","10","0","paralyse","12","","","70,40,30,110,0,0,0","50,0,0,0"
"SlashAxe_016","刺花斩斧Ⅲ","slash-axe","使用刺花蜘蛛素材制作的斩斧。花瓣上满溢欲滴的麻痹毒会无情夺去猎物的自由。","49","HunterSkill_029,1,HunterSkill_056,1","2,1,0","5","150","15","0","paralyse","15","","","70,40,30,100,60,0,0","50,0,0,0"
"SlashAxe_017","刺花斩斧Ⅳ","slash-axe","使用刺花蜘蛛素材制作的斩斧。花瓣上满溢欲滴的麻痹毒会无情夺去猎物的自由。","50","HunterSkill_029,2,HunterSkill_056,1","3,2,0","7","180","15","0","paralyse","17","","","70,40,30,90,60,60,0","50,0,0,0"
"SlashAxe_018","毒蛛刺花斩斧","slash-axe","加入新素材重新锻造而成的刺花斩斧改良版。染成红色的斩斧挥舞起来的姿态宛若舞者。","51","HunterSkill_029,2,HunterSkill_056,1","3,2,1","8","200","15","0","paralyse","20","","","70,40,30,60,40,110,0","50,0,0,0"
"SlashAxe_019","桃毛斩斧Ⅰ","slash-axe","使用桃毛兽王的坚硬素材来提升整体强度的斩斧。至于素材上散发出的气味，还请多多包涵。","28","HunterSkill_030,1,HunterSkill_029,1","0,0,0","2","120","5","0","","","","","50,60,50,40,0,0,0","50,0,0,0"
"SlashAxe_020","桃毛斩斧Ⅱ","slash-axe","使用桃毛兽王的坚硬素材来提升整体强度的斩斧。至于素材上散发出的气味，还请多多包涵。","29","HunterSkill_030,2,HunterSkill_029,1","2,1,0","5","170","5","0","","","","","70,80,60,60,30,0,0","50,0,0,0"
"SlashAxe_021","桃毛百战斩斧","slash-axe","桃毛斩斧的强化形态。历经了数之不尽的战斗后，强度和气味依然没有变弱。","30","HunterSkill_030,2,HunterSkill_029,2","3,2,1","8","220","5","0","","","","","60,70,60,60,50,50,0","50,0,0,0"
"SlashAxe_022","辟暴斧Ⅰ","slash-axe","体现辟兽狂暴本性的斩斧。斧刃可以砍得很深，将猎物连骨带肉一并粉碎。","35","HunterSkill_023,1","0,0,0","2","140","-5","20","","","","","20,90,90,0,0,0,0","20,30,0,0"
"SlashAxe_023","辟暴斧Ⅱ","slash-axe","体现辟兽狂暴本性的斩斧。斧刃可以砍得很深，将猎物连骨带肉一并粉碎。","36","HunterSkill_023,2","1,0,0","4","180","-5","20","","","","","40,80,90,40,0,0,0","50,0,0,0"
"SlashAxe_024","辟暴斧Ⅲ","slash-axe","体现辟兽狂暴本性的斩斧。斧刃可以砍得很深，将猎物连骨带肉一并粉碎。","37","HunterSkill_023,3","2,1,0","6","210","-5","20","","","","","50,80,90,50,30,0,0","50,0,0,0"
"SlashAxe_025","波涛斩斧Ⅰ","slash-axe","使用波衣龙素材制作的斩斧。挥舞时形成的气流扭曲水面，掀起大浪将猎物吞没。","31","HunterSkill_023,2","0,0,0","3","160","-15","0","water","15","","","50,70,90,40,0,0,0","50,0,0,0"
"SlashAxe_026","波涛斩斧Ⅱ","slash-axe","使用波衣龙素材制作的斩斧。挥舞时形成的气流扭曲水面，掀起大浪将猎物吞没。","32","HunterSkill_023,2","2,1,0","5","190","-15","0","water","19","","","60,70,110,60,0,0,0","50,0,0,0"
"SlashAxe_027","波涛斩斧Ⅲ","slash-axe","使用波衣龙素材制作的斩斧。挥舞时形成的气流扭曲水面，掀起大浪将猎物吞没。","33","HunterSkill_023,3","3,2,0","7","220","-15","0","water","22","","","60,70,120,70,30,0,0","50,0,0,0"
"SlashAxe_028","狂澜波涛斩斧","slash-axe","波涛斩斧的强化版，宛如层峦叠浪般释放连击。在它的狂澜面前，任何人都将无从抵抗。","34","HunterSkill_023,3","3,2,1","8","240","-15","0","water","25","","","60,60,100,70,60,0,0","10,40,0,0"
"SlashAxe_029","风戟斩斧Ⅰ","slash-axe","用风铗龙的钳爪拼合而成的斩斧。主刃的尖端加上呈新月状的副刃，无论是突刺还是横扫都所向披靡。","13","HunterSkill_022,2,HunterSkill_055,1","0,0,0","3","140","0","0","ice","12","","","50,60,70,70,0,0,0","50,0,0,0"
"SlashAxe_030","风戟斩斧Ⅱ","slash-axe","用风铗龙的钳爪拼合而成的斩斧。主刃的尖端加上呈新月状的副刃，无论是突刺还是横扫都所向披靡。","14","HunterSkill_022,2,HunterSkill_055,1","2,1,0","5","170","0","0","ice","15","","","50,50,70,90,40,0,0","50,0,0,0"
"SlashAxe_031","风戟斩斧Ⅲ","slash-axe","用风铗龙的钳爪拼合而成的斩斧。主刃的尖端加上呈新月状的副刃，无论是突刺还是横扫都所向披靡。","15","HunterSkill_022,3,HunterSkill_055,1","3,2,0","7","200","0","0","ice","17","","","50,50,50,30,130,40,0","50,0,0,0"
"SlashAxe_032","裂蚀风戟斩斧","slash-axe","能够产生狂风的强化版风戟斩斧。传说曾经有一位以刚勇闻名的武将凭借它终生无一败绩。","16","HunterSkill_022,3,HunterSkill_055,1","3,2,1","8","220","0","0","ice","20","","","50,50,50,30,110,60,0","50,0,0,0"
"SlashAxe_033","狱焰斩斧Ⅰ","slash-axe","继承了狱焰蛸力量的斩斧。漆黑怪物留下的利刃，将赐予猎物被黑暗溶蚀的绝望噩梦。","25","HunterSkill_047,2","1,0,0","4","170","-15","0","fire","12","","","100,20,70,60,0,0,0","50,0,0,0"
"SlashAxe_034","狱焰斩斧Ⅱ","slash-axe","继承了狱焰蛸力量的斩斧。漆黑怪物留下的利刃，将赐予猎物被黑暗溶蚀的绝望噩梦。","26","HunterSkill_047,3","3,2,0","7","200","-15","0","fire","17","","","100,20,90,70,70,0,0","50,0,0,0"
"SlashAxe_035","恶蛸狱焰斩斧","slash-axe","降下绝望的强化版狱焰斩斧。由漆黑怪异所诞生的镰刀裹挟着混沌，收割生命。","27","HunterSkill_047,3","3,2,1","8","220","-15","0","fire","20","","","100,20,90,50,50,40,0","50,0,0,0"
"SlashAxe_036","护辟暴斧Ⅰ","slash-axe","以护辟兽素材制作的斩斧。面对拦路之辈无需留情，以暴怒将其埋葬于大地！","44","HunterSkill_022,2","1,0,0","4","180","-15","0","","","","","20,70,120,40,0,0,0","50,0,0,0"
"SlashAxe_037","护辟暴斧Ⅱ","slash-axe","以护辟兽素材制作的斩斧。面对拦路之辈无需留情，以暴怒将其埋葬于大地！","45","HunterSkill_022,2","2,2,0","6","220","-15","0","","","","","40,90,110,60,0,0,0","50,0,0,0"
"SlashAxe_038","狂暴护辟暴斧","slash-axe","强化后的护辟暴斧。手持此武器之人将成为狂暴的化身，被破坏的冲动所支配。","46","HunterSkill_022,2","3,3,1","8","250","-15","0","","","","","40,60,100,90,60,0,0","10,40,0,0"
"SlashAxe_039","白炎斩斧Ⅰ","slash-axe","以护火龙的素材制作的斩斧。能带给持有者如熊熊烈火一般绝不屈服的斗志。","6","HunterSkill_004,1,HunterSkill_003,1","1,0,0","4","160","15","0","fire","14","","","50,90,60,50,0,0,0","50,0,0,0"
"SlashAxe_040","白炎斩斧Ⅱ","slash-axe","以护火龙的素材制作的斩斧。能带给持有者如熊熊烈火一般绝不屈服的斗志。","7","HunterSkill_004,1,HunterSkill_003,1","2,1,0","6","180","15","0","fire","17","","","50,100,50,50,50,0,0","20,30,0,0"
"SlashAxe_041","皓洁白炎斩斧","slash-axe","强化后的白炎斩斧。在皓白之力的涌流中，可以感受到高贵的王者之魂。","8","HunterSkill_004,1,HunterSkill_003,1","3,2,1","8","210","15","0","fire","20","","","50,130,50,50,40,30,0","50,0,0,0"
"SlashAxe_042","虚无斩斧Ⅰ","slash-axe","使用暗器蛸素材制作的斩斧。细长的设计有效降低摩擦力，悄无声息地连同骨肉一斩两断。","17","HunterSkill_023,2","1,0,0","4","160","0","0","water","12","","","20,110,40,80,0,0,0","50,0,0,0"
"SlashAxe_043","虚无斩斧Ⅱ","slash-axe","使用暗器蛸素材制作的斩斧。细长的设计有效降低摩擦力，悄无声息地连同骨肉一斩两断。","18","HunterSkill_023,3","2,1,0","6","190","0","0","water","15","","","20,110,50,60,60,0,0","50,0,0,0"
"SlashAxe_044","布鲁图斯之暗斧","slash-axe","虚无斩斧无情而残酷的强化版。它将赐予谦逊低头者以救赎，并让露出獠牙者得到他们应得的报应。","19","HunterSkill_023,3","3,2,1","8","210","0","0","water","18","","","20,110,50,50,40,80,0","50,0,0,0"
"SlashAxe_045","护锁刃斩斧Ⅰ","slash-axe","以护锁刃龙素材制作的斩斧。握住它的那一刻，手柄处传来不可思议的力量，驱逐一切恐惧。","39","HunterSkill_022,2","1,1,0","4","170","-10","0","dragon","12","","","100,30,80,40,0,0,0","50,0,0,0"
"SlashAxe_046","护锁刃斩斧Ⅱ","slash-axe","以护锁刃龙素材制作的斩斧。握住它的那一刻，手柄处传来不可思议的力量，驱逐一切恐惧。","40","HunterSkill_022,2","2,2,0","6","210","-10","0","dragon","15","","","100,60,80,60,0,0,0","10,40,0,0"
"SlashAxe_047","护锁刃斩斧·珀西瓦里","slash-axe","强化后的护锁刃斩斧。弱者奋力伸手后所获、直指强者咽喉的不屈之刃。","41","HunterSkill_022,2","3,3,1","8","230","-10","0","dragon","18","","","100,70,50,70,60,0,0","10,40,0,0"
"SlashAxe_050","怪鸟火斧Ⅰ","slash-axe","将怪鸟奇特的喙进行彻底的研磨加工后，制作而成的斩斧。锋利度是其最大卖点。","52","HunterSkill_023,2","2,1,0","5","180","0","0","fire","26","","","90,100,50,60,0,0,0","20,30,0,0"
"SlashAxe_051","怪鸟火斧Ⅱ","slash-axe","将怪鸟奇特的喙进行彻底的研磨加工后，制作而成的斩斧。锋利度是其最大卖点。","53","HunterSkill_023,3","3,2,0","7","210","0","0","fire","32","","","100,110,30,70,40,0,0","20,30,0,0"
"SlashAxe_052","怪鸟撕裂火斧","slash-axe","怪鸟火斧的强化形态。犹如凶猛的怪鸟一般，能将万物撕碎烧毁。","54","HunterSkill_023,3","3,2,1","8","220","0","0","fire","35","","","100,120,20,60,50,0,0","0,50,0,0"
"SlashAxe_053","龙姬斩斧Ⅰ","slash-axe","雌火龙的斩斧，献给战场上端庄威严的公主。其纯白无瑕的身姿，即便浑身浴血依然美丽动人。","57","HunterSkill_056,2,HunterSkill_141,1","2,1,0","5","160","15","0","poison","12","","","50,70,40,90,50,0,0","50,0,0,0"
"SlashAxe_054","龙姬斩斧Ⅱ","slash-axe","雌火龙的斩斧，献给战场上端庄威严的公主。其纯白无瑕的身姿，即便浑身浴血依然美丽动人。","58","HunterSkill_056,3,HunterSkill_141,1","3,2,0","7","190","15","0","poison","15","","","40,80,40,110,30,50,0","50,0,0,0"
"SlashAxe_055","破盾者","slash-axe","龙姬斩斧的强化型。公主驰骋于战场的侧脸，在鲜血旋风的衬托下更显光彩。","59","HunterSkill_056,3,HunterSkill_141,1","3,2,1","8","210","15","0","poison","18","","","40,80,30,100,30,70,0","50,0,0,0"
"SlashAxe_056","护雷白斧Ⅰ","slash-axe","使用护雷颚龙素材制作的斩斧。唯有能以理性抑制蛮勇之力者方可使用。","55","HunterSkill_003,3","2,1,0","6","180","15","0","elec","21","","","40,100,100,60,0,0,0","10,40,0,0"
"SlashAxe_057","强击护雷斩斧","slash-axe","护雷白斧的强化版，具备强大到足以扭曲常理的力量。如果沉溺于这份力量，将会自取灭亡。","56","HunterSkill_003,3","3,2,1","8","210","15","0","elec","25","","","40,90,120,40,60,0,0","0,50,0,0"
"SlashAxe_058","斩斧毕宿五Ⅰ","slash-axe","体现千刃龙凶性的斩斧。斩斧挥出的轨迹宛若一条金色的光带。","109","HunterSkill_217,1","3,2,0","7","190","25","0","","","","","50,70,100,50,80,0,0","0,50,0,0"
"SlashAxe_059","叛伐斧毕宿五","slash-axe","斩斧毕宿五的强化版，是一把无穷无尽的斩斧。永不湮灭的意志将升起崭新的革命狼烟。","110","HunterSkill_217,1","3,2,1","8","210","25","0","","","","","50,70,100,50,50,30,0","50,0,0,0"
"SlashAxe_060","喷射烈炎斩斧Ⅰ","slash-axe","以火龙素材锻造而成的斩斧。能利用素材会生火的特性展开攻击。","60","HunterSkill_002,3","2,1,0","6","180","10","0","fire","21","","","100,70,40,30,60,0,0","50,0,0,0"
"SlashAxe_061","吞噬烈炎斩斧","slash-axe","熊熊燃烧的刀身，正是霸主的证明。持有喷射烈炎斩斧强化型的人，将成为炼狱之王。","61","HunterSkill_002,3","3,2,1","8","200","10","0","fire","25","","","100,70,50,40,40,50,0","50,0,0,0"
"SlashAxe_062","意志of轮廓Ⅰ","slash-axe","据说是收割生命之人很喜欢用的黑蚀龙之斩斧。缠绕着黑暗的迅速一击，甚至连光都能斩断。","62","HunterSkill_003,3","3,2,0","7","180","20","0","dragon","16","","","50,80,80,60,30,50,0","50,0,0,0"
"SlashAxe_063","意志of心灵","slash-axe","强化型的意志of轮廓是堕落之人的烙印。那把斧头会使出将生者带到黄泉的一击。","63","HunterSkill_003,3","3,2,1","8","200","20","0","dragon","20","","","50,50,90,50,30,80,0","50,0,0,0"
"SlashAxe_064","锁刃斩斧Ⅰ","slash-axe","使用锁刃龙素材制作的斩斧。据说此斩斧曾为古代骑士所用，以空前之怪力向君王毛遂自荐。","42","HunterSkill_022,3","3,2,0","7","200","0","0","dragon","22","","","50,50,50,80,80,40,0","50,0,0,0"
"SlashAxe_065","机械锯斧Ⅰ","slash-axe","由发现的武器碎片组成的古代斩斧。大小连立的锋刃诉说着往昔猎物的强大。","100","","2,2,2","6","170","5","0","","","","","80,40,60,80,40,0,0","20,30,0,0"
"SlashAxe_066","机械锯斧Ⅱ","slash-axe","由发现的武器碎片组成的古代斩斧。大小连立的锋刃诉说着往昔猎物的强大。","101","","2,2,2","7","180","5","0","","","","","80,40,60,80,70,20,0","50,0,0,0"
"SlashAxe_067","典雅锯刃","slash-axe","有着潜藏性能的太古斩斧。经过复原后的身姿值得被赞颂为开天辟地的神兵利器。","102","","3,3,3","8","190","5","0","","","","","80,40,60,80,70,20,0","50,0,0,0"
"SlashAxe_068","期冀斩斧","slash-axe","通过实地调查而改良的希望之斧。希望之路绝非一帆风顺。","5","HunterSkill_046,2,HunterSkill_001,2","3,2,1","8","210","0","0","","","","","50,60,50,60,40,90,0","50,0,0,0"
"SlashAxe_069","北风熊灵辟暴斧","slash-axe","在战斗中不断获得强化的辟暴斧。被战意侵袭的心智驱动着利刃，招来永无止境的争斗。","38","HunterSkill_023,3","3,2,1","8","230","-5","20","","","","","50,100,100,50,50,0,0","0,50,0,0"
"SlashAxe_070","锁刃斩斧·珀西瓦里","slash-axe","锁刃斩斧的强化版。传说身负神力的骑士曾以此斧击碎龙骨，以此剑将龙躯一刀两断。","43","HunterSkill_022,3","3,2,1","8","220","0","0","dragon","25","","","50,50,50,70,70,60,0","50,0,0,0"
"SlashAxe_071","白炽斩斧马哈塞亚Ⅰ","slash-axe","由白炽龙素材锻造，冠以纯真慈悲之名的斩斧。漆黑利刃无声出击，令万物回归寂静。","103","HunterSkill_204,1","3,2,0","7","210","5","0","dragon","10","","","90,40,90,40,50,40,0","50,0,0,0"
"SlashAxe_072","炽光斩斧马哈塞亚","slash-axe","马哈塞亚自天上传下意志——渴求慈悲的叹息者啊，便叫这颤动的光辉之翼赐予世间安宁。","104","HunterSkill_204,1","3,2,1","8","220","5","0","dragon","15","","","90,40,90,40,30,60,0","50,0,0,0"
"SlashAxe_074","狐斩斧【子规啼离恨】Ⅰ","slash-axe","活跃于乱世的美丽公主留下的优美斩斧。不规则的摩擦声响彻黑夜，身魂将分隔两地。","106","HunterSkill_202,2,HunterSkill_003,1","2,1,0","6","180","15","0","water","18","","","80,60,40,40,60,20,0","50,0,0,0"
"SlashAxe_075","淌雨流斧之雕字","slash-axe","狐斩斧【子规啼离恨】强化型。分离的恸哭沉寂于夜，拂晓的灯光迎来优美的斩斧。","107","HunterSkill_202,3,HunterSkill_003,1","3,2,1","8","210","15","0","water","23","","","80,60,40,40,60,70,0","50,0,0,0"
"SlashAxe_078","雷光战斧Ⅰ","slash-axe","利用海龙的力量，容纳雷霆之力的狩猎斧。每一记斩击都会绽放出苍蓝色光芒。","112","HunterSkill_214,1,HunterSkill_023,2","3,2,0","7","200","0","0","elec","25","","","70,50,40,100,40,50,0","50,0,0,0"
"SlashAxe_079","高压雷光战斧","slash-axe","雷光战斧的强化形态。采用最新技术将容纳的电流的压力推高到极限。","113","HunterSkill_214,1,HunterSkill_023,2","3,2,1","8","220","0","0","elec","30","","","60,40,30,80,60,80,0","50,0,0,0"
"SlashAxe_081","邪念征服锯刃","slash-axe","吞噬隐藏性能的异形之宠辱。苛虐的苦痛终将觉醒，化为永远吞噬天地的畸变。","114","","3,3,3","8","200","-10","0","","","","","140,40,40,80,30,20,0","50,0,0,0"
"SlashAxe_082","邪念征服锯刃","slash-axe","吞噬隐藏性能的异形之宠辱。苛虐的苦痛终将觉醒，化为永远吞噬天地的畸变。","115","","3,3,3","8","180","15","0","","","","","140,40,40,50,70,10,0","50,0,0,0"
"SlashAxe_083","邪念征服锯刃","slash-axe","吞噬隐藏性能的异形之宠辱。苛虐的苦痛终将觉醒，化为永远吞噬天地的畸变。","116","","3,3,3","8","190","0","0","","","","","140,40,40,80,30,20,0","50,0,0,0"
"Tachi_000","希望之刀Ⅰ","tachi","为调查东部地区而特别制作的太刀。可将练气包覆在刀刃上，使出各式各样的斩击。","0","","0,0,0","1","90","0","0","","","","","50,60,40,50,0,0,0","50,0,0,0"
"Tachi_001","希望之刀Ⅱ","tachi","为调查东部地区而特别制作的太刀。可将练气包覆在刀刃上，使出各式各样的斩击。","1","HunterSkill_046,1","0,0,0","1","100","0","0","","","","","40,50,50,60,0,0,0","50,0,0,0"
"Tachi_002","希望之刀Ⅲ","tachi","为调查东部地区而特别制作的太刀。可将练气包覆在刀刃上，使出各式各样的斩击。","2","HunterSkill_046,1,HunterSkill_001,1","0,0,0","3","130","0","0","","","","","50,60,60,80,0,0,0","50,0,0,0"
"Tachi_003","希望之刀Ⅳ","tachi","为调查东部地区而特别制作的太刀。可将练气包覆在刀刃上，使出各式各样的斩击。","3","HunterSkill_046,2,HunterSkill_001,1","2,1,0","5","160","0","0","","","","","50,60,70,70,50,0,0","50,0,0,0"
"Tachi_004","希望之刀Ⅴ","tachi","为调查东部地区而特别制作的太刀。可将练气包覆在刀刃上，使出各式各样的斩击。","4","HunterSkill_046,2,HunterSkill_001,1","3,2,0","7","190","0","0","","","","","50,60,60,80,50,50,0","50,0,0,0"
"Tachi_008","煌雷刀Ⅰ","tachi","带有煌雷龙雷电的太刀。精细打磨而成的刀刃导电性能优异，能用带电的一闪令猎物瞬间倒地。","26","HunterSkill_022,1,HunterSkill_030,1","0,0,0","3","140","0","0","elec","15","","","10,10,150,80,0,0,0","50,0,0,0"
"Tachi_009","煌雷刀Ⅱ","tachi","带有煌雷龙雷电的太刀。精细打磨而成的刀刃导电性能优异，能用带电的一闪令猎物瞬间倒地。","27","HunterSkill_022,1,HunterSkill_030,1","2,1,0","5","170","0","0","elec","19","","","10,10,130,100,50,0,0","50,0,0,0"
"Tachi_010","煌雷刀Ⅲ","tachi","带有煌雷龙雷电的太刀。精细打磨而成的刀刃导电性能优异，能用带电的一闪令猎物瞬间倒地。","28","HunterSkill_022,2,HunterSkill_030,1","3,2,0","7","200","0","0","elec","22","","","10,10,120,80,80,50,0","50,0,0,0"
"Tachi_011","煌雷霹雳刀","tachi","经过强化的煌雷刀。只需轻轻一挥即可招来雷暴如瀑，劈山碎石。","29","HunterSkill_022,2,HunterSkill_030,1","3,2,1","8","220","0","0","elec","25","","","10,10,110,70,70,80,0","50,0,0,0"
"Tachi_016","太刀参宿五Ⅰ","tachi","用千刃龙的刃重叠制成的太刀。金光闪闪的刀刃无论经过多少次打磨，都不会受损。","109","HunterSkill_217,1","3,2,0","7","190","25","0","","","","","50,70,100,60,70,0,0","0,50,0,0"
"Tachi_017","叛刃参宿五","tachi","绝不腐朽的千刃。太刀参宿五的强化形态，是一把斩尽世间万物的革命之刀。","110","HunterSkill_217,1","3,2,1","8","210","25","0","","","","","50,70,100,50,60,20,0","50,0,0,0"
"Tachi_021","钢铁of真实Ⅰ","tachi","为持有者带来恸哭诅咒的黑蚀龙妖刀。泛着微光的魔眼，会将对视之人引向黄泉。","65","HunterSkill_003,3","3,2,0","7","180","20","0","dragon","27","","","50,70,80,70,40,40,0","50,0,0,0"
"Tachi_022","钢铁of律法","tachi","唤出无尽折磨的地狱，是强化型的钢铁of真实。被砍伤者会尝到永远持续的剧痛。","66","HunterSkill_003,3","3,2,1","8","210","20","0","dragon","30","","","50,50,80,60,40,70,0","50,0,0,0"
"Tachi_026","波涛刀Ⅰ","tachi","使用波衣龙素材制作的太刀。刀鞘吸收的水分使得刀身始终保持湿润，反射的光芒散发妖艳的光辉。","35","HunterSkill_023,2","0,0,0","3","160","-15","0","water","20","","","50,70,100,30,0,0,0","50,0,0,0"
"Tachi_027","波涛刀Ⅱ","tachi","使用波衣龙素材制作的太刀。刀鞘吸收的水分使得刀身始终保持湿润，反射的光芒散发妖艳的光辉。","36","HunterSkill_023,2","2,1,0","5","190","-15","0","water","26","","","60,70,120,50,0,0,0","50,0,0,0"
"Tachi_028","波涛刀Ⅲ","tachi","使用波衣龙素材制作的太刀。刀鞘吸收的水分使得刀身始终保持湿润，反射的光芒散发妖艳的光辉。","37","HunterSkill_023,3","3,2,0","7","220","-15","0","water","32","","","60,70,120,80,20,0,0","50,0,0,0"
"Tachi_029","狂澜波涛刀","tachi","凛冽之气更盛的强化版波涛刀。为面对不断袭来的巨浪依然逆流而上的勇士劈开新的道路。","38","HunterSkill_023,3","3,2,1","8","240","-15","0","water","35","","","60,60,100,80,50,0,0","10,40,0,0"
"Tachi_034","风钩刀Ⅰ","tachi","使用风铗龙素材打造的太刀。向内弯曲的刀身会画出独一无二的轨迹击倒对手。","17","HunterSkill_022,2,HunterSkill_055,1","0,0,0","3","140","0","0","ice","18","","","50,60,80,60,0,0,0","50,0,0,0"
"Tachi_035","风钩刀Ⅱ","tachi","使用风铗龙素材打造的太刀。向内弯曲的刀身会画出独一无二的轨迹击倒对手。","18","HunterSkill_022,2,HunterSkill_055,1","2,1,0","5","170","0","0","ice","23","","","50,50,70,100,30,0,0","50,0,0,0"
"Tachi_036","风钩刀Ⅲ","tachi","使用风铗龙素材打造的太刀。向内弯曲的刀身会画出独一无二的轨迹击倒对手。","19","HunterSkill_022,3,HunterSkill_055,1","3,2,0","7","200","0","0","ice","27","","","50,50,50,30,140,30,0","50,0,0,0"
"Tachi_037","切蚀风铗刀","tachi","风铗刀的强化版，据传曾是乱世豪杰的佩刀。释放的连击带有强风，碾压对手。","20","HunterSkill_022,3,HunterSkill_055,1","3,2,1","8","220","0","0","ice","30","","","50,50,50,30,120,50,0","50,0,0,0"
"Tachi_042","炎尾锉Ⅰ","tachi","刀身使用炎尾龙鳞铸造的太刀。通过拔刀将刀鞘口射出的油点燃，以带火之刃斩向猎物。","21","HunterSkill_030,1","0,0,0","1","100","5","0","fire","10","","","50,70,50,30,0,0,0","50,0,0,0"
"Tachi_043","炎尾锉Ⅱ","tachi","刀身使用炎尾龙鳞铸造的太刀。通过拔刀将刀鞘口射出的油点燃，以带火之刃斩向猎物。","22","HunterSkill_030,2","0,0,0","3","140","5","0","fire","12","","","50,80,60,60,0,0,0","50,0,0,0"
"Tachi_044","炎尾锉Ⅲ","tachi","刀身使用炎尾龙鳞铸造的太刀。通过拔刀将刀鞘口射出的油点燃，以带火之刃斩向猎物。","23","HunterSkill_030,2","2,1,0","5","170","5","0","fire","15","","","70,80,80,50,20,0,0","50,0,0,0"
"Tachi_045","炎尾锉Ⅳ","tachi","刀身使用炎尾龙鳞铸造的太刀。通过拔刀将刀鞘口射出的油点燃，以带火之刃斩向猎物。","24","HunterSkill_030,3","3,2,0","7","210","5","0","fire","17","","","70,80,80,80,40,0,0","50,0,0,0"
"Tachi_046","火石炎尾锉","tachi","刀身经过进一步锤炼的强化版炎尾锉。熊熊燃烧的刀刃发出斩击，可将攻击范围的一切都统统切断。","25","HunterSkill_030,3","3,2,1","8","230","5","0","fire","20","","","60,70,80,80,60,0,0","50,0,0,0"
"Tachi_050","铁刀Ⅰ","tachi","东方传入的加工技术制成的剑。仔细地加工过的刀刃既强韧且耐用，但须注意保养。","9","HunterSkill_029,1","0,0,0","2","120","0","0","","","","","30,40,90,40,0,0,0","50,0,0,0"
"Tachi_051","铁刀Ⅱ","tachi","东方传入的加工技术制成的剑。仔细地加工过的刀刃既强韧且耐用，但须注意保养。","10","HunterSkill_029,2","1,0,0","4","160","0","0","","","","","30,60,90,70,0,0,0","50,0,0,0"
"Tachi_052","铁刀Ⅲ","tachi","东方传入的加工技术制成的剑。仔细地加工过的刀刃既强韧且耐用，但须注意保养。","11","HunterSkill_029,3","2,1,0","6","190","0","0","","","","","30,70,90,60,50,0,0","50,0,0,0"
"Tachi_053","铁锯刀","tachi","通过锯齿状的刀刃提升了攻击力的太刀。由于其独特的切割感，需要熟练的技巧才能驾驭。","12","HunterSkill_029,3","3,2,1","8","220","0","0","","","","","30,60,90,70,50,50,0","50,0,0,0"
"Tachi_058","飞龙刀【白】Ⅰ","tachi","以护火龙素材制作的太刀。能带给持有者如熊熊烈火一般绝不屈服的斗志。","6","HunterSkill_004,1,HunterSkill_003,1","1,0,0","4","160","15","0","fire","21","","","50,100,60,40,0,0,0","50,0,0,0"
"Tachi_059","飞龙刀【白】Ⅱ","tachi","以护火龙素材制作的太刀。能带给持有者如熊熊烈火一般绝不屈服的斗志。","7","HunterSkill_004,1,HunterSkill_003,1","2,1,0","6","180","15","0","fire","26","","","50,120,50,40,40,0,0","20,30,0,0"
"Tachi_060","飞龙刀【百合】","tachi","强化后的飞龙刀【白】。在皓白之力的涌流中，可以感受到高贵的王者之魂。","8","HunterSkill_004,1,HunterSkill_003,1","3,2,1","8","210","15","0","fire","30","","","50,150,50,40,40,20,0","50,0,0,0"
"Tachi_066","飞龙刀【朱】Ⅰ","tachi","使用火龙素材制成，染上晚霞色彩的飞龙刀。朱红且强韧的刀刃会在刀落时，给敌人一场热浪与爆炎的洗礼。","63","HunterSkill_002,3","2,1,0","6","180","10","0","fire","29","","","100,70,50,30,50,0,0","50,0,0,0"
"Tachi_067","飞龙刀【枫】","tachi","破晓色的飞龙刀【朱】强化型。斩击的同时会使周围陷入火海并化作焦土。","64","HunterSkill_002,3","3,2,1","8","200","10","0","fire","35","","","100,70,50,40,50,40,0","50,0,0,0"
"Tachi_071","飞龙刀【翠】Ⅰ","tachi","使用雌火龙的素材制成的深绿色飞龙刀。是一把兼具高锋利度以及高威力的宝刀。","60","HunterSkill_056,2,HunterSkill_141,1","2,1,0","5","160","15","0","poison","14","","","50,70,40,100,40,0,0","50,0,0,0"
"Tachi_072","飞龙刀【翠】Ⅱ","tachi","使用雌火龙的素材制成的深绿色飞龙刀。是一把兼具高锋利度以及高威力的宝刀。","61","HunterSkill_056,3,HunterSkill_141,1","3,2,0","7","190","15","0","poison","17","","","40,80,40,120,30,40,0","50,0,0,0"
"Tachi_073","飞龙刀【葵】","tachi","飞龙刀【翠】改良后的强化版。是一把锋利度和威力都堪称一流的名刀。","62","HunterSkill_056,3,HunterSkill_141,1","3,2,1","8","210","15","0","poison","20","","","40,80,30,110,30,60,0","50,0,0,0"
"Tachi_076","刺花刀Ⅰ","tachi","刺花蜘蛛素材的太刀，刀和鞘的颜色形成鲜明对比。被其斩击的猎物将受到麻痹毒的侵蚀。","51","HunterSkill_029,1","0,0,0","1","100","10","0","paralyse","10","","","50,50,40,60,0,0,0","50,0,0,0"
"Tachi_077","刺花刀Ⅱ","tachi","刺花蜘蛛素材的太刀，刀和鞘的颜色形成鲜明对比。被其斩击的猎物将受到麻痹毒的侵蚀。","52","HunterSkill_029,1,HunterSkill_056,1","0,0,0","3","120","10","0","paralyse","13","","","70,50,30,100,0,0,0","50,0,0,0"
"Tachi_078","刺花刀Ⅲ","tachi","刺花蜘蛛素材的太刀，刀和鞘的颜色形成鲜明对比。被其斩击的猎物将受到麻痹毒的侵蚀。","53","HunterSkill_029,1,HunterSkill_056,1","2,1,0","5","150","15","0","paralyse","18","","","70,50,30,100,50,0,0","50,0,0,0"
"Tachi_079","刺花刀Ⅳ","tachi","刺花蜘蛛素材的太刀，刀和鞘的颜色形成鲜明对比。被其斩击的猎物将受到麻痹毒的侵蚀。","54","HunterSkill_029,2,HunterSkill_056,1","3,2,0","7","180","15","0","paralyse","21","","","70,50,30,90,60,50,0","50,0,0,0"
"Tachi_080","毒蛛刺花刀","tachi","使用优质素材制作的刺花刀强化版。行云流水般的斩击会画出绚丽的红色轨迹。","55","HunterSkill_029,2,HunterSkill_056,1","3,2,1","8","200","15","0","paralyse","25","","","70,50,30,60,40,100,0","50,0,0,0"
"Tachi_084","血泪Ⅰ","tachi","让人联想到影蜘蛛脚的细长太刀。其锋利度之高，能够让猎物在不知不觉中断气。","56","HunterSkill_023,2","0,0,0","3","120","10","0","sleep","13","","","70,50,30,100,0,0,0","50,0,0,0"
"Tachi_085","血泪Ⅱ","tachi","让人联想到影蜘蛛脚的细长太刀。其锋利度之高，能够让猎物在不知不觉中断气。","57","HunterSkill_023,2","2,1,0","5","150","15","0","sleep","18","","","70,50,30,100,50,0,0","50,0,0,0"
"Tachi_086","血泪Ⅲ","tachi","让人联想到影蜘蛛脚的细长太刀。其锋利度之高，能够让猎物在不知不觉中断气。","58","HunterSkill_023,3","3,2,0","7","180","15","0","sleep","22","","","70,50,30,90,60,50,0","50,0,0,0"
"Tachi_087","血之尖叫","tachi","在那以柔韧见长的刀身上增加厚度，以填补刚性的不足。是血泪的强化形态。","59","HunterSkill_023,3","3,2,1","8","200","15","0","sleep","25","","","70,50,30,60,40,100,0","50,0,0,0"
"Tachi_092","骨制弯刀Ⅰ","tachi","以骨素材切削而成的太刀。通过切除多余的部分实现了轻量化，能够使出迅捷的连击。","30","HunterSkill_022,1","0,0,0","1","110","0","0","","","","","50,80,70,0,0,0,0","40,10,0,0"
"Tachi_093","骨制弯刀Ⅱ","tachi","以骨素材切削而成的太刀。通过切除多余的部分实现了轻量化，能够使出迅捷的连击。","31","HunterSkill_022,1,HunterSkill_000,1","0,0,0","2","130","0","0","","","","","50,50,100,0,0,0,0","20,30,0,0"
"Tachi_094","骨制弯刀Ⅲ","tachi","以骨素材切削而成的太刀。通过切除多余的部分实现了轻量化，能够使出迅捷的连击。","32","HunterSkill_022,2,HunterSkill_000,1","1,0,0","4","170","0","0","","","","","50,70,100,30,0,0,0","50,0,0,0"
"Tachi_095","骨制弯刀Ⅳ","tachi","以骨素材切削而成的太刀。通过切除多余的部分实现了轻量化，能够使出迅捷的连击。","33","HunterSkill_022,3,HunterSkill_000,1","2,1,0","6","200","0","0","","","","","50,70,80,100,0,0,0","50,0,0,0"
"Tachi_096","硬骨弯刀","tachi","通过仔细研磨而获得更高锋利度的骨制弯刀强化版。千万不要小瞧骨质的刀刃。","34","HunterSkill_022,3,HunterSkill_000,1","3,2,1","8","230","0","0","","","","","50,60,70,70,100,0,0","50,0,0,0"
"Tachi_100","护雷白刀Ⅰ","tachi","使用护雷颚龙素材制作的太刀。唯有能以理性抑制蛮勇之力者方可使用。","67","HunterSkill_003,3","2,1,0","6","180","20","0","elec","29","","","40,100,110,50,0,0,0","10,40,0,0"
"Tachi_101","狂暴护雷牙刀","tachi","护雷白刀的强化版，具备强大到足以扭曲常理的力量。如果沉溺于这份力量，将会自取灭亡。","68","HunterSkill_003,3","3,2,1","8","210","20","0","elec","35","","","40,90,120,50,50,0,0","0,50,0,0"
"Tachi_105","沼喷锯Ⅰ","tachi","使用沼喷龙素材制作的锯型太刀。刀刃渗出的毒液可在攻击的同时投毒。","13","HunterSkill_023,2","0,0,0","3","140","0","0","poison","15","","","50,60,100,40,0,0,0","50,0,0,0"
"Tachi_106","沼喷锯Ⅱ","tachi","使用沼喷龙素材制作的锯型太刀。刀刃渗出的毒液可在攻击的同时投毒。","14","HunterSkill_023,2","2,1,0","5","170","0","0","poison","19","","","50,50,100,90,10,0,0","50,0,0,0"
"Tachi_107","沼喷锯Ⅲ","tachi","使用沼喷龙素材制作的锯型太刀。刀刃渗出的毒液可在攻击的同时投毒。","15","HunterSkill_023,3","3,2,0","7","200","0","0","poison","22","","","60,50,100,30,100,10,0","50,0,0,0"
"Tachi_108","沼喷刺尾鲷毒锯","tachi","沼喷锯的强化型，提高了斩断目标部位的效率。猎物的每次挣扎都会引起刀刃震动，注入更高浓度的毒。","16","HunterSkill_023,3","3,2,1","8","220","0","0","poison","25","","","40,50,100,30,100,30,0","50,0,0,0"
"Tachi_113","辟蛮刀Ⅰ","tachi","使用辟兽素材锻造的太刀。据说遇到碍事者便会伴随着低吼自动出鞘。","39","HunterSkill_030,1","0,0,0","2","140","-5","20","","","","","30,90,80,0,0,0,0","20,30,0,0"
"Tachi_114","辟蛮刀Ⅱ","tachi","使用辟兽素材锻造的太刀。据说遇到碍事者便会伴随着低吼自动出鞘。","40","HunterSkill_030,2","1,0,0","4","180","-5","20","","","","","40,90,90,30,0,0,0","50,0,0,0"
"Tachi_115","辟蛮刀Ⅲ","tachi","使用辟兽素材锻造的太刀。据说遇到碍事者便会伴随着低吼自动出鞘。","41","HunterSkill_030,3","2,1,0","6","210","-5","20","","","","","50,80,90,60,20,0,0","50,0,0,0"
"Tachi_121","雪狮焰型刀Ⅰ","tachi","有着波浪形剑身的雪狮子王太刀。寒气在剑鞘中逐渐增强，于拔刀的那一刻如海啸般扑向对手。","69","HunterSkill_029,3","2,1,0","6","200","-10","0","ice","16","","","50,30,100,80,40,0,0","50,0,0,0"
"Tachi_122","狮王焰型刀","tachi","寒气得到强化的雪狮焰型刀。据说其斩击可将火神的烈焰一刀两断，连灵魂都能冻结。","70","HunterSkill_029,3","3,2,1","8","230","-10","0","ice","20","","","50,30,100,80,50,40,0","50,0,0,0"
"Tachi_126","护辟蛮刀Ⅰ","tachi","以护辟兽素材制作的太刀。面对拦路之辈无需留情，以蛮力将其埋葬于大地！","48","HunterSkill_023,2","1,0,0","4","180","-15","0","","","","","30,70,120,30,0,0,0","50,0,0,0"
"Tachi_127","护辟蛮刀Ⅱ","tachi","以护辟兽素材制作的太刀。面对拦路之辈无需留情，以蛮力将其埋葬于大地！","49","HunterSkill_023,3","2,1,0","6","220","-15","0","","","","","50,100,100,50,0,0,0","50,0,0,0"
"Tachi_128","狂暴护辟蛮刀","tachi","强化后的护辟蛮刀。手持此武器之人将成为狂暴的化身，被破坏的冲动所支配。","50","HunterSkill_023,3","3,2,1","8","250","-15","0","","","","","50,70,90,90,50,0,0","20,30,0,0"
"Tachi_134","护锁刃刀Ⅰ","tachi","以护锁刃龙素材制作的太刀。随着一次次与龙对峙，会感觉刀柄与手愈发融为一体。","43","HunterSkill_022,2","1,1,0","4","170","-10","0","dragon","14","","","100,30,90,30,0,0,0","50,0,0,0"
"Tachi_135","护锁刃刀Ⅱ","tachi","以护锁刃龙素材制作的太刀。随着一次次与龙对峙，会感觉刀柄与手愈发融为一体。","44","HunterSkill_022,2","2,2,0","6","210","-10","0","dragon","17","","","100,60,90,50,0,0,0","10,40,0,0"
"Tachi_136","护锁刃刀·兰斯洛特","tachi","强化后的护锁刃刀。永远剑指天下不公，为他人而战之剑。","45","HunterSkill_022,2","3,3,1","8","240","-10","0","dragon","20","","","100,70,50,80,50,0,0","10,40,0,0"
"Tachi_142","锁刃刀Ⅰ","tachi","使用锁刃龙素材制作的太刀。乃古代骑士消灭巨龙时曾用的太刀。","46","HunterSkill_022,3","3,2,0","7","200","0","0","dragon","32","","","50,50,50,80,90,30,0","50,0,0,0"
"Tachi_155","机械军刀Ⅰ","tachi","由发现的武器碎片组成的古代太刀。据说凝聚在核心部分的物质提高了锋利度。","100","","2,2,2","6","170","5","0","","","","","80,40,60,80,40,0,0","20,30,0,0"
"Tachi_156","机械军刀Ⅱ","tachi","由发现的武器碎片组成的古代太刀。据说凝聚在核心部分的物质提高了锋利度。","101","","2,2,2","7","180","5","0","","","","","80,40,60,80,70,20,0","50,0,0,0"
"Tachi_157","次元刀","tachi","有着潜藏性能的太古太刀。当往昔英姿复苏之时，剑刃一闪竟可斩裂次元。","102","","3,3,3","8","190","5","0","","","","","80,40,60,80,70,20,0","50,0,0,0"
"Tachi_158","白炽太刀拉斐尔Ⅰ","tachi","由白炽龙素材锻造，冠以纯粹守护之名的太刀。缠绕刀身之裹尸布，连死神亦要敬而远之。","103","HunterSkill_204,1","3,2,0","7","210","5","0","dragon","15","","","100,40,90,40,50,30,0","50,0,0,0"
"Tachi_159","炽光太刀拉斐尔","tachi","拉斐尔自天上传下意志——渴求守护的匍匐者啊，吾之剑影自当从轮回中将汝庇佑。","104","HunterSkill_204,1","3,2,1","8","220","5","0","dragon","20","","","100,40,90,40,30,50,0","50,0,0,0"
"Tachi_167","期冀之刀","tachi","通过实地调查而改良的希望之刀。千变斩击，万障尽除，开辟希望之路。","5","HunterSkill_046,2,HunterSkill_001,2","3,2,1","8","210","0","0","","","","","50,60,60,60,40,80,0","50,0,0,0"
"Tachi_168","山神辟蛮刀","tachi","强化后的辟蛮刀。因愤怒而颤动的刀刃渴求着鲜血，向万物张开了它的獠牙。","42","HunterSkill_030,3","3,2,1","8","240","-5","20","","","","","50,100,110,50,40,0,0","0,50,0,0"
"Tachi_169","锁刃刀·兰斯洛特","tachi","锁刃刀的强化版。古时追求理想的骑士，曾将拦路的障碍全数斩尽。","47","HunterSkill_022,3","3,2,1","8","220","0","0","dragon","35","","","50,50,50,70,80,50,0","50,0,0,0"
"Tachi_170","狐刀【月照心自明】Ⅰ","tachi","被誉为军神者遗留的雅致之刀。那有如在赞颂拂晓之美的刀刃会斩杀所有阻挡去路之人。","106","HunterSkill_202,2,HunterSkill_003,1","2,1,0","6","180","15","0","water","25","","","80,60,40,40,60,20,0","50,0,0,0"
"Tachi_171","玉绳绝刀之斩振","tachi","狐刀【月照心自明】强化型。断绝的是命脉，斩除的是命运。映在雅致刀身上的只有月痕。","107","HunterSkill_202,3,HunterSkill_003,1","3,2,1","8","210","15","0","water","30","","","80,60,40,40,70,60,0","50,0,0,0"
"Tachi_175","雷刀神雷Ⅰ","tachi","通过从东方舶来的加工技术精心制作的海龙太刀。它的刀身上盘绕着蓝白色的闪电。","112","HunterSkill_214,1,HunterSkill_023,2","3,2,0","7","200","0","0","elec","35","","","70,50,40,100,50,40,0","50,0,0,0"
"Tachi_176","神雷斩破刀","tachi","雷刀神雷在强化之后，周身萦绕着天赐的神雷，释放着可称之“神之咆哮”的电光。","113","HunterSkill_214,1,HunterSkill_023,2","3,2,1","8","220","0","0","elec","40","","","60,40,30,80,70,70,0","50,0,0,0"
"Tachi_180","斩罪武具次元刀","tachi","吞噬隐藏性能的异形之死神。斩断轮回之环，断绝者的哀嚎至今仍未停息。","116","","3,3,3","8","200","-10","0","","","","","140,40,40,80,30,20,0","50,0,0,0"
"Tachi_181","斩罪武具次元刀","tachi","吞噬隐藏性能的异形之死神。斩断轮回之环，断绝者的哀嚎至今仍未停息。","117","","3,3,3","8","180","15","0","","","","","140,40,40,50,70,10,0","50,0,0,0"
"Tachi_182","苍星太刀","tachi","令人联想到苍星光芒的太刀。据说给人们越多的梦想或希望，它就会绽放越强的光芒。","119","HunterSkill_243,1,HunterSkill_003,2","3,2,0","7","190","25","0","water","40","","","30,50,70,60,80,60,0","50,0,0,0"
"Tachi_183","苍星太刀【舞龙】","tachi","苍星太刀因无数梦想与希望而绽放出更为璀璨的光芒。挥刀之姿宛若起舞之龙。","120","HunterSkill_243,1,HunterSkill_003,2","3,2,1","8","210","25","0","water","45","","","30,40,60,60,80,80,0","50,0,0,0"
"Tachi_184","钢铁十字镐","tachi","融入矿工非凡热情的十字镐。据说拿在手上会让人心无旁骛地专心挖煤。分类为太刀。","114","HunterSkill_229,1","3,2,1","7","170","0","0","","","","","20,40,70,100,90,30,0","50,0,0,0"
"Tachi_185","钢铁十字镐【采掘狂】","tachi","经过数千次的挥舞后达成的钢铁十字镐强化形态。将未竟的梦想托付于矿脉之上，今天也要努力挖呀！","115","HunterSkill_229,1","3,3,1","8","180","0","0","","","","","10,30,60,90,100,60,0","50,0,0,0"
"Tachi_188","斩罪武具次元刀","tachi","吞噬隐藏性能的异形之死神。斩断轮回之环，断绝者的哀嚎至今仍未停息。","118","","3,3,3","8","190","0","0","","","","","140,40,40,80,30,20,0","50,0,0,0"
"TwinSword_000","希望双匕Ⅰ","twin-sword","为调查东部地区而特别制作的双剑。只要尚有气力，就能连续使出宛如鬼人一般的斩击。","0","","0,0,0","1","90","0","0","","","","","50,40,40,70,0,0,0","50,0,0,0"
"TwinSword_001","希望双匕Ⅱ","twin-sword","为调查东部地区而特别制作的双剑。只要尚有气力，就能连续使出宛如鬼人一般的斩击。","1","HunterSkill_046,1","0,0,0","1","100","0","0","","","","","40,40,40,80,0,0,0","50,0,0,0"
"TwinSword_002","希望双匕Ⅲ","twin-sword","为调查东部地区而特别制作的双剑。只要尚有气力，就能连续使出宛如鬼人一般的斩击。","2","HunterSkill_046,1,HunterSkill_001,1","0,0,0","3","130","0","0","","","","","50,60,40,100,0,0,0","50,0,0,0"
"TwinSword_003","希望双匕Ⅳ","twin-sword","为调查东部地区而特别制作的双剑。只要尚有气力，就能连续使出宛如鬼人一般的斩击。","3","HunterSkill_046,2,HunterSkill_001,1","2,1,0","5","160","0","0","","","","","50,60,50,70,70,0,0","50,0,0,0"
"TwinSword_004","希望双匕Ⅴ","twin-sword","为调查东部地区而特别制作的双剑。只要尚有气力，就能连续使出宛如鬼人一般的斩击。","4","HunterSkill_046,2,HunterSkill_001,1","3,2,0","7","190","0","0","","","","","50,60,40,70,60,70,0","50,0,0,0"
"TwinSword_005","骨斧Ⅰ","twin-sword","为了发挥骨头的特性，特意只做了简单切削的双剑。坚硬且易用，是新手的好伙伴。","26","HunterSkill_022,1","0,0,0","1","110","0","0","","","","","50,60,90,0,0,0,0","40,10,0,0"
"TwinSword_006","骨斧Ⅱ","twin-sword","为了发挥骨头的特性，特意只做了简单切削的双剑。坚硬且易用，是新手的好伙伴。","27","HunterSkill_022,1,HunterSkill_000,1","0,0,0","2","130","0","0","","","","","50,30,120,0,0,0,0","20,30,0,0"
"TwinSword_007","骨斧Ⅲ","twin-sword","为了发挥骨头的特性，特意只做了简单切削的双剑。坚硬且易用，是新手的好伙伴。","28","HunterSkill_022,2,HunterSkill_000,1","1,0,0","4","170","0","0","","","","","50,50,100,50,0,0,0","50,0,0,0"
"TwinSword_008","骨斧Ⅳ","twin-sword","为了发挥骨头的特性，特意只做了简单切削的双剑。坚硬且易用，是新手的好伙伴。","29","HunterSkill_022,3,HunterSkill_000,1","2,1,0","6","200","0","0","","","","","50,50,80,120,0,0,0","50,0,0,0"
"TwinSword_009","狂野战斧","twin-sword","骨斧的强化版。粗糙丝毫不减，但用坚硬的骨进行了补强，提升了破坏力。","30","HunterSkill_022,3,HunterSkill_000,1","3,2,1","8","230","0","0","","","","","50,50,60,70,120,0,0","50,0,0,0"
"TwinSword_010","双战斧Ⅰ","twin-sword","两手各拿一把单手用的小斧所形成的双剑，用这对斧子砍杀怪物。","12","HunterSkill_023,1","0,0,0","2","120","0","0","","","","","10,40,90,60,0,0,0","50,0,0,0"
"TwinSword_011","双战斧Ⅱ","twin-sword","两手各拿一把单手用的小斧所形成的双剑，用这对斧子砍杀怪物。","13","HunterSkill_023,2","1,0,0","4","160","0","0","","","","","10,60,90,90,0,0,0","50,0,0,0"
"TwinSword_012","双战斧Ⅲ","twin-sword","两手各拿一把单手用的小斧所形成的双剑，用这对斧子砍杀怪物。","14","HunterSkill_023,3","2,1,0","6","190","0","0","","","","","10,70,90,60,70,0,0","50,0,0,0"
"TwinSword_013","双战爪","twin-sword","双战斧的强化形态。这对斧头拥有足以砍倒大树的威力。","15","HunterSkill_023,3","3,2,1","8","220","0","0","","","","","10,60,90,70,50,70,0","50,0,0,0"
"TwinSword_014","炎尾双刃Ⅰ","twin-sword","使用炎尾龙素材加工而成的双剑。剑刃互相摩擦产生火花，在砍击的同时灼伤猎物，可见制作者的匠心。","21","HunterSkill_022,1","0,0,0","1","100","5","0","fire","7","","","50,70,30,50,0,0,0","50,0,0,0"
"TwinSword_015","炎尾双刃Ⅱ","twin-sword","使用炎尾龙素材加工而成的双剑。剑刃互相摩擦产生火花，在砍击的同时灼伤猎物，可见制作者的匠心。","22","HunterSkill_022,2","0,0,0","3","140","5","0","fire","9","","","50,80,40,80,0,0,0","50,0,0,0"
"TwinSword_016","炎尾双刃Ⅲ","twin-sword","使用炎尾龙素材加工而成的双剑。剑刃互相摩擦产生火花，在砍击的同时灼伤猎物，可见制作者的匠心。","23","HunterSkill_022,2","2,1,0","5","170","5","0","fire","11","","","70,80,60,50,40,0,0","50,0,0,0"
"TwinSword_017","炎尾双刃Ⅳ","twin-sword","使用炎尾龙素材加工而成的双剑。剑刃互相摩擦产生火花，在砍击的同时灼伤猎物，可见制作者的匠心。","24","HunterSkill_022,3","3,2,0","7","210","5","0","fire","13","","","70,80,60,80,60,0,0","50,0,0,0"
"TwinSword_018","阳极炎尾双刃","twin-sword","炎尾双刃的强化版。每次挥斩都会生出火焰，不将对手燃成灰烬绝不熄灭。","25","HunterSkill_022,3","3,2,1","8","240","5","0","fire","15","","","60,70,60,80,80,0,0","50,0,0,0"
"TwinSword_019","刺花双镰Ⅰ","twin-sword","最大程度活用了刺花蜘蛛素材形状的双剑。造型便于持有者麻痹猎物，取其性命。","53","HunterSkill_029,1","0,0,0","1","100","10","0","paralyse","6","","","50,30,40,80,0,0,0","50,0,0,0"
"TwinSword_020","刺花双镰Ⅱ","twin-sword","最大程度活用了刺花蜘蛛素材形状的双剑。造型便于持有者麻痹猎物，取其性命。","54","HunterSkill_029,1,HunterSkill_056,1","0,0,0","3","120","10","0","paralyse","8","","","70,30,30,120,0,0,0","50,0,0,0"
"TwinSword_021","刺花双镰Ⅲ","twin-sword","最大程度活用了刺花蜘蛛素材形状的双剑。造型便于持有者麻痹猎物，取其性命。","55","HunterSkill_029,1,HunterSkill_056,1","2,1,0","5","150","15","0","paralyse","11","","","70,30,30,100,70,0,0","50,0,0,0"
"TwinSword_022","刺花双镰Ⅳ","twin-sword","最大程度活用了刺花蜘蛛素材形状的双剑。造型便于持有者麻痹猎物，取其性命。","56","HunterSkill_029,2,HunterSkill_056,1","3,2,0","7","180","15","0","paralyse","13","","","70,30,30,90,60,70,0","50,0,0,0"
"TwinSword_023","毒蛛刺花双镰","twin-sword","被打磨得更加锋利的刺花双镰改良版。兼具美丽与残忍的红色双刃，既迷人又致命。","57","HunterSkill_029,2,HunterSkill_056,1","3,2,1","8","200","15","0","paralyse","15","","","70,30,30,60,40,120,0","50,0,0,0"
"TwinSword_024","粉红双球锤Ⅰ","twin-sword","以高攻击力闻名的桃毛兽王之双剑。在重量加速度的挥舞下，利用离心力，能进行强力的攻击。","35","HunterSkill_030,1,HunterSkill_029,1","0,0,0","2","120","5","0","","","","","50,50,50,50,0,0,0","50,0,0,0"
"TwinSword_025","粉红双球锤Ⅱ","twin-sword","以高攻击力闻名的桃毛兽王之双剑。在重量加速度的挥舞下，利用离心力，能进行强力的攻击。","36","HunterSkill_030,2,HunterSkill_029,1","2,1,0","5","170","5","0","","","","","70,70,60,60,40,0,0","50,0,0,0"
"TwinSword_026","古怪双球锤","twin-sword","粉红双球锤的强化形态。增加的重量及其离心力所产生的一击，能给予强烈的伤害！","37","HunterSkill_030,3,HunterSkill_029,2","3,3,1","8","220","5","0","","","","","60,60,60,60,50,60,0","50,0,0,0"
"TwinSword_027","辟乱刃Ⅰ","twin-sword","使用辟兽的尖牙和利爪制作的双剑。据说挥舞得愈发狂野，其杀伤力也会提升。","41","HunterSkill_023,1","0,0,0","2","140","-5","20","","","","","10,90,100,0,0,0,0","20,30,0,0"
"TwinSword_028","辟乱刃Ⅱ","twin-sword","使用辟兽的尖牙和利爪制作的双剑。据说挥舞得愈发狂野，其杀伤力也会提升。","42","HunterSkill_023,2","1,0,0","4","180","-5","20","","","","","30,90,80,50,0,0,0","50,0,0,0"
"TwinSword_029","辟乱刃Ⅲ","twin-sword","使用辟兽的尖牙和利爪制作的双剑。据说挥舞得愈发狂野，其杀伤力也会提升。","43","HunterSkill_023,2","2,2,0","6","210","-5","20","","","","","50,70,80,60,40,0,0","50,0,0,0"
"TwinSword_030","波涛双棍Ⅰ","twin-sword","使用波衣龙素材制作的双剑。表面描绘的纹样传达出制作者对大自然的敬畏。","31","HunterSkill_023,2","0,0,0","3","160","-15","0","water","10","","","50,70,80,50,0,0,0","50,0,0,0"
"TwinSword_031","波涛双棍Ⅱ","twin-sword","使用波衣龙素材制作的双剑。表面描绘的纹样传达出制作者对大自然的敬畏。","32","HunterSkill_023,2","2,1,0","5","190","-15","0","water","14","","","60,70,100,70,0,0,0","50,0,0,0"
"TwinSword_032","波涛双棍Ⅲ","twin-sword","使用波衣龙素材制作的双剑。表面描绘的纹样传达出制作者对大自然的敬畏。","33","HunterSkill_023,3","3,2,0","7","220","-15","0","water","17","","","60,70,120,60,40,0,0","50,0,0,0"
"TwinSword_033","狂澜波涛双棍","twin-sword","波涛双棍的强化版。双手感受到的重量，正是森林在漫长时光之中孕育的生命之重。","34","HunterSkill_023,3","3,2,1","8","240","-15","0","water","20","","","60,60,100,60,70,0,0","10,40,0,0"
"TwinSword_034","赫炎双刃Ⅰ","twin-sword","蕴含赫猿兽之力的双剑。每次斩退挡路者都会令它积蓄热量，最终引起爆炸。","38","HunterSkill_023,2","0,0,0","3","130","10","0","blast","9","","","50,50,70,80,0,0,0","50,0,0,0"
"TwinSword_035","赫炎双刃Ⅱ","twin-sword","蕴含赫猿兽之力的双剑。每次斩退挡路者都会令它积蓄热量，最终引起爆炸。","39","HunterSkill_023,3","2,1,0","6","180","10","0","blast","12","","","50,50,90,40,70,0,0","50,0,0,0"
"TwinSword_036","赫炎双刃·半托迦","twin-sword","得授真名的赫炎双刃。宛如因愤怒而战栗之鬼，对阻挡前路者降下天罚。","40","HunterSkill_023,3","3,2,1","8","210","10","0","blast","15","","","50,50,50,90,40,70,0","50,0,0,0"
"TwinSword_037","护辟乱刃Ⅰ","twin-sword","以护辟兽素材制作的双剑。面对拦路之辈无需留情，以乱斩将其埋葬于大地！","50","HunterSkill_022,2","1,0,0","4","180","-15","0","","","","","10,70,120,50,0,0,0","50,0,0,0"
"TwinSword_038","护辟乱刃Ⅱ","twin-sword","以护辟兽素材制作的双剑。面对拦路之辈无需留情，以乱斩将其埋葬于大地！","51","HunterSkill_022,2","2,2,0","6","220","-15","0","","","","","40,80,110,70,0,0,0","50,0,0,0"
"TwinSword_039","狂暴护辟乱刃","twin-sword","强化后的护辟乱刃。手持此武器之人将成为狂暴的化身，被破坏的冲动所支配。","52","HunterSkill_022,2","3,3,1","8","250","-15","0","","","","","30,60,100,90,70,0,0","10,40,0,0"
"TwinSword_040","白炎双剑Ⅰ","twin-sword","以护火龙的素材制作的双剑。能带给持有者如熊熊烈火一般绝不屈服的斗志。","6","HunterSkill_004,1,HunterSkill_003,1","1,0,0","4","160","15","0","fire","9","","","50,90,50,60,0,0,0","50,0,0,0"
"TwinSword_041","白炎双剑Ⅱ","twin-sword","以护火龙的素材制作的双剑。能带给持有者如熊熊烈火一般绝不屈服的斗志。","7","HunterSkill_004,1,HunterSkill_003,1","2,1,0","6","180","15","0","fire","12","","","50,100,50,40,60,0,0","20,30,0,0"
"TwinSword_042","护卫白炎双剑","twin-sword","强化后的白炎双剑。在皓白之力形成的涌流中，可以感受到高贵的王者之魂。","8","HunterSkill_004,1,HunterSkill_003,1","3,2,1","8","210","15","0","fire","15","","","50,130,50,50,40,30,0","50,0,0,0"
"TwinSword_043","冻峰金属双剑Ⅰ","twin-sword","冷若寒霜的冻峰龙双剑。是一双能以二片刃和三片刃造成难以愈合裂伤的冷酷武器。","16","HunterSkill_022,3","3,2,0","7","190","0","0","ice","27","","","40,40,20,100,110,40,0","50,0,0,0"
"TwinSword_044","断崖金属双剑","twin-sword","冻峰金属双剑的强化版。由著名工匠亲手锻造而成的纤薄并列刀刃，让人联想起源远流长的冰河。","17","HunterSkill_022,3","3,2,1","8","210","0","0","ice","30","","","40,40,10,80,120,60,0","50,0,0,0"
"TwinSword_047","异界锁镰Ⅰ","twin-sword","使用护凶爪龙素材制作的双剑。是一对将屈服于渴望的野兽本能化为实体的武器。","18","HunterSkill_023,2","1,0,0","4","140","10","0","dragon","14","","","50,50,60,90,0,0,0","50,0,0,0"
"TwinSword_048","异界锁镰Ⅱ","twin-sword","使用护凶爪龙素材制作的双剑。是一对将屈服于渴望的野兽本能化为实体的武器。","19","HunterSkill_023,3","2,1,0","6","170","10","0","dragon","17","","","50,50,50,80,70,0,0","50,0,0,0"
"TwinSword_049","遗却","twin-sword","强化后的异界锁镰。饥渴的凶兽撕裂轮回，将此永不满足的器物残留在人间。","20","HunterSkill_023,3","3,2,1","8","210","10","0","dragon","20","","","50,50,60,80,100,60,0","0,0,0,0"
"TwinSword_050","护锁刃双剑Ⅰ","twin-sword","以护锁刃龙素材制作的双剑。据说每当握住它们时，会有未知的力量流入体内，让人感到无所不能。","45","HunterSkill_022,2","1,1,0","4","170","-10","0","dragon","9","","","100,10,90,50,0,0,0","50,0,0,0"
"TwinSword_051","护锁刃双剑Ⅱ","twin-sword","以护锁刃龙素材制作的双剑。据说每当握住它们时，会有未知的力量流入体内，让人感到无所不能。","46","HunterSkill_022,2","2,2,0","6","210","-10","0","dragon","12","","","100,40,90,70,0,0,0","10,40,0,0"
"TwinSword_052","护锁刃双剑·尤文","twin-sword","强化后的护锁刃双剑。灵魂咆哮，双剑不断捕捉并斩杀猎物，直至筋疲力尽。","47","HunterSkill_022,2","3,3,1","8","240","-10","0","dragon","15","","","100,50,50,80,70,0,0","10,40,0,0"
"TwinSword_055","怪鸟双耳Ⅰ","twin-sword","怪鸟双剑，最吸引人的便是耳朵形状的剑刃，可爱的造型令看见的人无不心中萌动。","58","HunterSkill_023,2","2,1,0","5","180","0","0","fire","18","","","90,90,50,70,0,0,0","20,30,0,0"
"TwinSword_056","怪鸟双耳Ⅱ","twin-sword","怪鸟双剑，最吸引人的便是耳朵形状的剑刃，可爱的造型令看见的人无不心中萌动。","59","HunterSkill_023,3","3,2,0","7","210","0","0","fire","22","","","100,100,30,70,50,0,0","20,30,0,0"
"TwinSword_057","怪鸟双刃","twin-sword","强化版本的怪鸟双耳。那两只鸟耳有着与可爱外表不符的威力。","60","HunterSkill_023,3","3,2,1","8","220","0","0","fire","25","","","100,110,20,60,60,0,0","10,40,0,0"
"TwinSword_058","二重战斧Ⅰ","twin-sword","以毒属性单手剑为基础改造而成的双剑。虽然构思简单直接，但行之有效。","65","HunterSkill_023,2","2,1,0","5","180","0","0","poison","14","","","90,40,90,80,0,0,0","50,0,0,0"
"TwinSword_059","二重战斧Ⅱ","twin-sword","以毒属性单手剑为基础改造而成的双剑。虽然构思简单直接，但行之有效。","66","HunterSkill_023,3","2,1,0","6","200","0","0","poison","17","","","90,50,60,50,50,0,0","50,0,0,0"
"TwinSword_060","终极战斧","twin-sword","二重战斧的强化版。在刀刃表面采用肉眼不可见的特殊加工，增强了毒的效果。","67","HunterSkill_023,3","3,2,1","8","230","0","0","poison","20","","","90,50,90,50,70,0,0","50,0,0,0"
"TwinSword_061","护雷白爪Ⅰ","twin-sword","使用护雷颚龙素材制作的双剑。唯有能以理性抑制蛮勇之力者方可使用。","68","HunterSkill_003,3","2,1,0","6","180","15","0","elec","16","","","40,100,90,70,0,0,0","10,40,0,0"
"TwinSword_062","飓风护雷爪","twin-sword","护雷白爪的强化版。具备强大到足以扭曲常理的力量。如果沉溺于这份力量，也会自取灭亡。","69","HunterSkill_003,3","3,2,1","8","210","15","0","elec","20","","","40,90,120,30,70,0,0","0,50,0,0"
"TwinSword_063","白猿钗Ⅰ","twin-sword","带有极寒之地雪狮子王之寒气的三叉剑。其用法多样，不局限于突刺和斩击。","70","HunterSkill_023,3","2,1,0","6","200","-10","0","ice","11","","","50,30,80,80,60,0,0","50,0,0,0"
"TwinSword_064","白猿钗【王】","twin-sword","强化版白猿钗。据传曾有猴神指挥猿猴军团击败鬼之大军，此钗便是模仿猴神武器所造。","71","HunterSkill_023,3","3,2,1","8","230","-10","0","ice","15","","","50,30,80,80,50,60,0","50,0,0,0"
"TwinSword_065","铠龙兵士Ⅰ","twin-sword","使用铠龙素材制作的爆破属性特化型双剑。它的攻击要诀就是要像拉锯一般来回拖动。","72","HunterSkill_022,3","2,1,0","6","210","-15","30","blast","17","","","80,70,80,70,0,0,0","30,20,0,0"
"TwinSword_066","铠龙勇士","twin-sword","铠龙兵士的强化版。锻造后更为坚固的锯齿刀刃深深地咬进猎物的肉里，撕裂血肉。","73","HunterSkill_022,3","3,2,1","8","240","-15","30","blast","20","","","70,70,70,70,70,0,0","50,0,0,0"
"TwinSword_067","双剑轩辕十二Ⅰ","twin-sword","形似千刃龙之爪的双剑。剑刃如镰刀，撕裂阻碍如刀割草芥，所向披靡。","109","HunterSkill_217,1","3,2,0","7","190","25","0","","","","","50,70,100,50,80,0,0","0,50,0,0"
"TwinSword_068","叛爪轩辕十二","twin-sword","不会衰亡的革命双刃。强化后的双剑轩辕十二，撕裂万物，永无止境。","110","HunterSkill_217,1","3,2,1","8","210","25","0","","","","","50,70,100,50,50,30,0","50,0,0,0"
"TwinSword_069","雌雄双焰刀Ⅰ","twin-sword","因拥有火龙一族的强力火属性，而提高了单发攻击力的双剑。","61","HunterSkill_002,3","2,1,0","6","180","10","0","fire","16","","","100,70,30,30,70,0,0","50,0,0,0"
"TwinSword_070","雌雄双龙剑","twin-sword","强化版的雌雄双焰刀，是统治龙炎之人的证明。御灼炎对剑，焚尽世界。","62","HunterSkill_002,3","3,2,1","8","200","10","0","fire","20","","","100,70,50,40,30,60,0","50,0,0,0"
"TwinSword_071","乌鸦of撕裂者Ⅰ","twin-sword","黑蚀龙素材锻造出的灾厄对剑。受那对妖艳双眼注视之人，将被赐与壮烈的死亡。","63","HunterSkill_003,3","3,2,0","7","180","20","0","dragon","12","","","50,70,80,50,40,60,0","50,0,0,0"
"TwinSword_072","乌鸦of悬挂者","twin-sword","招来灾祸的乌鸦of撕裂者强化版。盈满绝望的双眼注视着，被染上灾难色彩的世界。","64","HunterSkill_003,3","3,2,1","8","200","20","0","dragon","15","","","50,50,80,40,40,90,0","50,0,0,0"
"TwinSword_073","锁刃双剑Ⅰ","twin-sword","使用锁刃龙素材制作的双剑。据说此剑曾为古代骑士所用，骑士有着如狮子一般凶猛的斗魂。","48","HunterSkill_022,3","3,2,0","7","200","0","0","dragon","16","","","50,50,50,80,70,50,0","50,0,0,0"
"TwinSword_074","公会骑士军刀Ⅰ","twin-sword","公会骑士中也只有身负使命者才能使用的秘剑。锋利度已达到神之领域。","9","HunterSkill_022,2","1,0,0","4","130","10","0","water","14","","","50,50,50,70,30,0,0","50,0,0,0"
"TwinSword_075","公会骑士军刀Ⅱ","twin-sword","公会骑士中也只有身负使命者才能使用的秘剑。锋利度已达到神之领域。","10","HunterSkill_022,3","3,2,0","6","160","10","0","water","17","","","50,50,50,60,90,0,0","50,0,0,0"
"TwinSword_076","大师军刀","twin-sword","公会骑士军刀的强化版。若想持有必须得到国王的许可，是国宝级的圣剑。","11","HunterSkill_022,3","3,2,1","8","200","10","0","water","20","","","50,50,50,80,50,70,0","50,0,0,0"
"TwinSword_077","期冀双匕","twin-sword","在实地调查过程中改良的希望双匕。为赢得希望，必先有舍弃防御的觉悟。","5","HunterSkill_046,2,HunterSkill_001,2","3,2,1","8","210","0","0","","","","","50,60,40,60,40,100,0","50,0,0,0"
"TwinSword_078","机械双刃Ⅰ","twin-sword","由发现的武器碎片组成的古代双剑。虽然有分离装置，但据说其最初是一环圆形剑刃。","100","","2,2,2","6","170","5","0","","","","","80,40,60,80,40,0,0","20,30,0,0"
"TwinSword_079","机械双刃Ⅱ","twin-sword","由发现的武器碎片组成的古代双剑。虽然有分离装置，但据说其最初是一环圆形剑刃。","101","","2,2,2","7","180","5","0","","","","","80,40,60,80,70,20,0","50,0,0,0"
"TwinSword_080","破镜双刃","twin-sword","有着潜藏性能的太古双剑。当此剑重圆之时，其利刃将横扫一切。","102","","3,3,3","8","190","5","0","","","","","80,40,60,80,70,20,0","50,0,0,0"
"TwinSword_081","阎波梵辟乱刃","twin-sword","屠戮无数，被血肉染红的辟乱刃。它的贪婪永远蠢蠢欲动，甚至妄图吞噬持剑者。","44","HunterSkill_023,2","3,3,1","8","240","-5","20","","","","","50,100,90,50,60,0,0","0,50,0,0"
"TwinSword_082","锁刃双剑·尤文","twin-sword","锁刃双剑的强化版。当武器的主人化作鬼人时，这对双剑也会与主人的灵魂发生共鸣，改变姿态。","49","HunterSkill_022,3","3,2,1","8","220","0","0","dragon","20","","","50,50,50,70,60,70,0","50,0,0,0"
"TwinSword_083","白炽双剑耶利亚Ⅰ","twin-sword","由白炽龙素材锻造，冠以纯洁羁绊之名的双剑。双刃相缠，永不分离。","103","HunterSkill_204,1","3,2,0","7","210","5","0","dragon","10","","","90,40,90,30,50,50,0","50,0,0,0"
"TwinSword_084","炽光双剑耶利亚","twin-sword","耶利亚自天上传下意志——渴求羁绊的束缚者啊，纠缠的白刃将承诺汝永恒。","104","HunterSkill_204,1","3,2,1","8","220","5","0","dragon","14","","","90,40,90,30,30,70,0","50,0,0,0"
"TwinSword_086","狐双刃【浮世梦如空】Ⅰ","twin-sword","统率天下之士遗留的风雅双刃。双身之刃在晨曦下闪耀，授与主君荣华。","106","HunterSkill_202,2,HunterSkill_003,1","2,1,0","6","180","15","0","water","13","","","80,60,40,40,50,30,0","50,0,0,0"
"TwinSword_087","磨刀研刃之切耶","twin-sword","狐双刃【浮世梦如空】强化型。风雅双刃劈斩拓开的荣华路上，从未落下一丝污秽。","107","HunterSkill_202,3,HunterSkill_003,1","3,2,1","8","210","15","0","water","19","","","80,60,40,40,50,80,0","50,0,0,0"
"TwinSword_088","美味双剑","twin-sword","一流的猎人同样也是一流的厨师。喷香诱人烤熟的肉正是熟能生巧的杰作。","114","HunterSkill_231,1","3,2,0","7","200","0","0","fire","12","","","150,50,20,70,60,0,0","50,0,0,0"
"TwinSword_089","全熟双剑","twin-sword","美味双剑经过熟成，味道与锋利度得到了强化。尽情享受这野性十足的鲜美滋味。","115","HunterSkill_231,1","3,2,1","8","220","0","0","fire","15","","","150,40,20,50,90,0,0","50,0,0,0"
"TwinSword_090","双海龙剑Ⅰ","twin-sword","有着摄人心魄的天青色的海龙双刃。它发出的雷击让剑身更加熠熠生辉。","112","HunterSkill_214,1,HunterSkill_023,2","3,2,0","7","200","0","0","elec","20","","","70,50,40,90,40,60,0","50,0,0,0"
"TwinSword_091","雷双剑双海龙","twin-sword","周身缠绕着汹涌刚猛雷电的强化版双海龙剑。乃是名震天海的雷之双剑。","113","HunterSkill_214,1,HunterSkill_023,2","3,2,1","8","220","0","0","elec","25","","","60,40,30,70,60,90,0","50,0,0,0"
"TwinSword_093","永别破镜之钥","twin-sword","吞噬隐藏性能的异形之爪痕。真正的圆环已不复来临，被撕裂的灵魂不断加深罪孽。","116","","3,3,3","8","200","-10","0","","","","","140,40,40,80,30,20,0","50,0,0,0"
"TwinSword_094","永别破镜之钥","twin-sword","吞噬隐藏性能的异形之爪痕。真正的圆环已不复来临，被撕裂的灵魂不断加深罪孽。","117","","3,3,3","8","180","15","0","","","","","140,40,40,50,70,10,0","50,0,0,0"
"TwinSword_095","永别破镜之钥","twin-sword","吞噬隐藏性能的异形之爪痕。真正的圆环已不复来临，被撕裂的灵魂不断加深罪孽。","118","","3,3,3","8","190","0","0","","","","","140,40,40,80,30,20,0","50,0,0,0"
"Whistle_000","希望号角Ⅰ","whistle","为调查东部地区而特别制作的狩猎笛。能通过演奏获得各种各样的效果，是一件独一无二的武器。","0","","0,0,0","1","90","0","0","","","","","50,60,50,40,0,0,0","50,0,0,0"
"Whistle_001","希望号角Ⅱ","whistle","为调查东部地区而特别制作的狩猎笛。能通过演奏获得各种各样的效果，是一件独一无二的武器。","1","HunterSkill_046,1","0,0,0","1","100","0","0","","","","","40,50,60,50,0,0,0","50,0,0,0"
"Whistle_002","希望号角Ⅲ","whistle","为调查东部地区而特别制作的狩猎笛。能通过演奏获得各种各样的效果，是一件独一无二的武器。","2","HunterSkill_046,1,HunterSkill_001,1","0,0,0","3","130","0","0","","","","","50,60,70,70,0,0,0","50,0,0,0"
"Whistle_003","希望号角Ⅳ","whistle","为调查东部地区而特别制作的狩猎笛。能通过演奏获得各种各样的效果，是一件独一无二的武器。","3","HunterSkill_046,2,HunterSkill_001,1","2,1,0","5","160","0","0","","","","","50,60,80,70,40,0,0","50,0,0,0"
"Whistle_004","希望号角Ⅴ","whistle","为调查东部地区而特别制作的狩猎笛。能通过演奏获得各种各样的效果，是一件独一无二的武器。","4","HunterSkill_046,2,HunterSkill_001,1","3,2,0","7","190","0","0","","","","","50,60,70,80,50,40,0","50,0,0,0"
"Whistle_005","骨号角Ⅰ","whistle","针对新手猎人设计的骨素材狩猎笛。因其性能稳定，有很多支持者。","35","HunterSkill_033,1","0,0,0","1","110","0","0","","","","","50,90,60,0,0,0,0","40,10,0,0"
"Whistle_006","骨号角Ⅱ","whistle","针对新手猎人设计的骨素材狩猎笛。因其性能稳定，有很多支持者。","36","HunterSkill_033,1,HunterSkill_000,1","0,0,0","2","130","0","0","","","","","50,60,90,0,0,0,0","20,30,0,0"
"Whistle_007","骨号角Ⅲ","whistle","针对新手猎人设计的骨素材狩猎笛。因其性能稳定，有很多支持者。","37","HunterSkill_033,2,HunterSkill_000,1","1,0,0","4","170","0","0","","","","","50,80,100,20,0,0,0","50,0,0,0"
"Whistle_008","骨号角Ⅳ","whistle","针对新手猎人设计的骨素材狩猎笛。因其性能稳定，有很多支持者。","38","HunterSkill_033,3,HunterSkill_000,1","2,1,0","6","190","0","0","","","","","50,80,80,90,0,0,0","50,0,0,0"
"Whistle_009","硬骨号角","whistle","骨号角的强化版。提高骨制笛特有破坏力的同时，也更便于使用。","39","HunterSkill_033,3,HunterSkill_000,1","3,2,1","8","220","0","0","","","","","50,70,70,70,90,0,0","50,0,0,0"
"Whistle_010","金属风笛Ⅰ","whistle","以金属为基础的巨笛。优美轻快的音色给予聆听的人勇气。","9","HunterSkill_029,1,HunterSkill_034,1","0,0,0","2","120","0","0","","","","","40,40,90,30,0,0,0","50,0,0,0"
"Whistle_011","金属风笛Ⅱ","whistle","以金属为基础的巨笛。优美轻快的音色给予聆听的人勇气。","10","HunterSkill_029,2,HunterSkill_034,1","1,0,0","4","160","0","0","","","","","40,60,90,60,0,0,0","50,0,0,0"
"Whistle_012","金属风笛Ⅲ","whistle","以金属为基础的巨笛。优美轻快的音色给予聆听的人勇气。","11","HunterSkill_029,3,HunterSkill_034,1","2,1,0","6","180","0","0","","","","","40,70,90,60,40,0,0","50,0,0,0"
"Whistle_013","巨大风笛","whistle","使用稀有矿石从而提升了威力的狩猎笛。演奏的音色更加浑厚，能使猎人之魂熊熊燃烧。","12","HunterSkill_029,3,HunterSkill_034,1","3,2,1","8","210","0","0","","","","","40,60,90,70,50,40,0","50,0,0,0"
"Whistle_014","邦哥战鼓Ⅰ","whistle","桃毛兽王的鼓笛能吹奏出欢快节奏。热闹的音色不禁让人有种身处在酒吧的错觉。","52","HunterSkill_034,1","0,0,0","2","110","5","0","","","","","50,80,50,20,0,0,0","50,0,0,0"
"Whistle_015","邦哥战鼓Ⅱ","whistle","桃毛兽王的鼓笛能吹奏出欢快节奏。热闹的音色不禁让人有种身处在酒吧的错觉。","53","HunterSkill_034,1,HunterSkill_046,1","2,1,1","5","160","5","0","","","","","70,100,60,60,10,0,0","50,0,0,0"
"Whistle_016","康加战鼓","whistle","邦哥战鼓的强化形态。欢快节奏永不停歇，瞬间终止对手的心跳。","54","HunterSkill_034,2,HunterSkill_046,1","3,3,1","8","210","5","0","","","","","60,90,60,60,50,30,0","50,0,0,0"
"Whistle_017","沙海笛Ⅰ","whistle","使用沙海龙素材制作的狩猎笛。钟型部分旋转时会与内部的爪摩擦，从而发出声音。","21","HunterSkill_032,1","0,0,0","2","110","10","0","water","16","","","50,30,90,30,0,0,0","50,0,0,0"
"Whistle_018","沙海笛Ⅱ","whistle","使用沙海龙素材制作的狩猎笛。钟型部分旋转时会与内部的爪摩擦，从而发出声音。","22","HunterSkill_032,2","1,0,0","4","150","10","0","water","20","","","60,30,100,60,0,0,0","50,0,0,0"
"Whistle_019","沙海笛Ⅲ","whistle","使用沙海龙素材制作的狩猎笛。钟型部分旋转时会与内部的爪摩擦，从而发出声音。","23","HunterSkill_032,2","2,1,0","5","160","10","0","water","23","","","50,30,110,90,20,0,0","50,0,0,0"
"Whistle_020","沙海笛Ⅳ","whistle","使用沙海龙素材制作的狩猎笛。钟型部分旋转时会与内部的爪摩擦，从而发出声音。","24","HunterSkill_032,3","3,2,0","7","190","10","0","water","27","","","40,30,110,90,70,10,0","50,0,0,0"
"Whistle_021","奏鸣沙海笛","whistle","强化版的沙海笛，能演奏出强劲有力的音色。无垠沙海中回响起其音色时，沙中的生物都会惊慌失措。","25","HunterSkill_032,3","3,2,1","8","210","10","0","water","30","","","40,30,100,90,70,20,0","50,0,0,0"
"Whistle_022","辟轰笛Ⅰ","whistle","能发出低沉巨响的辟兽鼓笛。旋律彰显其残虐的本性，释放威压震慑周遭。","40","HunterSkill_032,1","0,0,0","2","140","-5","20","","","","","40,90,70,0,0,0,0","20,30,0,0"
"Whistle_023","辟轰笛Ⅱ","whistle","能发出低沉巨响的辟兽鼓笛。旋律彰显其残虐的本性，释放威压震慑周遭。","41","HunterSkill_032,1,HunterSkill_034,1","1,0,0","4","180","-5","20","","","","","50,90,90,20,0,0,0","50,0,0,0"
"Whistle_024","辟轰笛Ⅲ","whistle","能发出低沉巨响的辟兽鼓笛。旋律彰显其残虐的本性，释放威压震慑周遭。","42","HunterSkill_032,2,HunterSkill_034,1","2,1,0","6","210","-5","20","","","","","60,90,90,50,10,0,0","50,0,0,0"
"Whistle_025","煌雷鼓Ⅰ","whistle","带有煌雷龙雷电的狩猎笛。惊雷之声昭示着君主已然驾临，令闻者无不因恐惧而战栗不已。","26","HunterSkill_033,2,HunterSkill_034,1","0,0,0","3","140","0","0","elec","18","","","10,10,160,70,0,0,0","50,0,0,0"
"Whistle_026","煌雷鼓Ⅱ","whistle","带有煌雷龙雷电的狩猎笛。惊雷之声昭示着君主已然驾临，令闻者无不因恐惧而战栗不已。","27","HunterSkill_033,2,HunterSkill_034,1","2,1,0","5","170","0","0","elec","23","","","10,10,140,100,40,0,0","50,0,0,0"
"Whistle_027","煌雷鼓Ⅲ","whistle","带有煌雷龙雷电的狩猎笛。惊雷之声昭示着君主已然驾临，令闻者无不因恐惧而战栗不已。","28","HunterSkill_033,3,HunterSkill_034,1","3,2,0","7","200","0","0","elec","27","","","10,10,130,80,80,40,0","50,0,0,0"
"Whistle_028","煌雷霹雳鼓","whistle","强化版煌雷鼓。雷鸣响彻天地，宣示着王者撼动世界的力量与威光。","29","HunterSkill_033,3,HunterSkill_034,1","3,2,1","8","220","0","0","elec","30","","","10,10,120,70,70,70,0","50,0,0,0"
"Whistle_029","赫炎笛Ⅰ","whistle","蕴含赫猿兽之力的狩猎笛。炽热的旋律响彻云霄，令闻者纷纷斗志勃发。","15","HunterSkill_032,2","0,0,0","3","130","10","0","blast","14","","","50,80,70,50,0,0,0","50,0,0,0"
"Whistle_030","赫炎笛Ⅱ","whistle","蕴含赫猿兽之力的狩猎笛。炽热的旋律响彻云霄，令闻者纷纷斗志勃发。","16","HunterSkill_032,3","2,1,0","6","180","10","0","blast","19","","","50,80,90,40,40,0,0","50,0,0,0"
"Whistle_031","赫炎笛·戍博迦","whistle","得授真名的赫炎笛。鸣奏的旋律能令千万人振奋而起，而演奏者则不需一字一句。","17","HunterSkill_032,3","3,2,1","8","210","10","0","blast","25","","","50,80,50,90,40,40,0","50,0,0,0"
"Whistle_032","护辟轰笛Ⅰ","whistle","以护辟兽素材制作的狩猎笛。面对拦路之辈无需留情，以轰鸣将其埋葬于大地！","49","HunterSkill_033,2,HunterSkill_034,1","1,0,0","4","180","-15","0","","","","","40,70,120,20,0,0,0","50,0,0,0"
"Whistle_033","护辟轰笛Ⅱ","whistle","以护辟兽素材制作的狩猎笛。面对拦路之辈无需留情，以轰鸣将其埋葬于大地！","50","HunterSkill_033,3,HunterSkill_034,1","2,1,0","6","220","-15","0","","","","","60,90,110,40,0,0,0","50,0,0,0"
"Whistle_034","狂暴护辟轰笛","whistle","强化后的护辟轰笛。手持此武器之人将化为狂暴的化身，被破坏的冲动所支配。","51","HunterSkill_033,3,HunterSkill_034,1","3,2,1","8","250","-15","0","","","","","60,80,100,70,40,0,0","10,40,0,0"
"Whistle_035","白炎翅笛Ⅰ","whistle","以护火龙素材制作的狩猎笛。能带给持有者如熊熊烈火一般绝不屈服的斗志。","6","HunterSkill_004,1,HunterSkill_003,1","1,0,0","4","160","15","0","fire","21","","","50,100,70,30,0,0,0","50,0,0,0"
"Whistle_036","白炎翅笛Ⅱ","whistle","以护火龙素材制作的狩猎笛。能带给持有者如熊熊烈火一般绝不屈服的斗志。","7","HunterSkill_004,1,HunterSkill_003,1","2,1,0","6","170","15","0","fire","26","","","50,120,50,50,30,0,0","20,30,0,0"
"Whistle_037","鼓舞白炎翅笛","whistle","强化后的白炎翅笛。在皓白之力的涌流中，可以感受到高贵的王者之魂。","8","HunterSkill_004,1,HunterSkill_003,1","3,2,1","8","200","15","0","fire","30","","","50,150,50,40,40,20,0","50,0,0,0"
"Whistle_038","冻峰金属风琴Ⅰ","whistle","冷峻庄严的冻峰龙狩猎笛。规律排列的素材催生寒气，奏响庄严的音色。","13","HunterSkill_032,3","3,2,0","7","190","0","0","ice","47","","","40,40,50,100,110,10,0","50,0,0,0"
"Whistle_039","断崖金属风琴","whistle","精心锻造后的强化版冻峰金属风琴。音色中承载了能冻结大气的寒气，使永久的寒冬之声响彻山岭。","14","HunterSkill_032,3","3,2,1","8","210","0","0","ice","50","","","40,40,40,80,120,30,0","50,0,0,0"
"Whistle_042","虚无之弦Ⅰ","whistle","使用暗器蛸素材制作的狩猎笛。它是能奏响美丽音色的弦乐器，但绝不仅是单纯的乐器。","18","HunterSkill_033,2,HunterSkill_034,1","1,0,0","4","160","0","0","water","16","","","20,110,60,60,0,0,0","50,0,0,0"
"Whistle_043","虚无之弦Ⅱ","whistle","使用暗器蛸素材制作的狩猎笛。它是能奏响美丽音色的弦乐器，但绝不仅是单纯的乐器。","19","HunterSkill_033,3,HunterSkill_034,1","2,1,0","6","190","0","0","water","21","","","20,110,70,60,40,0,0","50,0,0,0"
"Whistle_044","荆轲之暗琴","whistle","隐秘了真实面貌的强化版虚无之弦。据说它在弹奏美妙的琴曲后，会瞬间吞噬入迷的听众……","20","HunterSkill_033,3,HunterSkill_034,1","3,2,1","8","220","0","0","water","25","","","20,110,50,50,60,60,0","50,0,0,0"
"Whistle_045","护锁刃笛Ⅰ","whistle","以护锁刃龙素材制作的狩猎笛。据说听闻此笛之声就会获得解放感与坚定不移的意志。","44","HunterSkill_034,2","1,1,0","4","170","-10","0","dragon","16","","","100,40,90,20,0,0,0","50,0,0,0"
"Whistle_046","护锁刃笛Ⅱ","whistle","以护锁刃龙素材制作的狩猎笛。据说听闻此笛之声就会获得解放感与坚定不移的意志。","45","HunterSkill_034,2","2,2,0","6","200","-10","0","dragon","21","","","100,70,90,40,0,0,0","10,40,0,0"
"Whistle_047","护锁刃笛·加拉哈德","whistle","强化版的护锁刃笛。宣告末日之音在深渊回响，化作被囚禁灵魂的挽歌。","46","HunterSkill_034,2","3,3,1","8","230","-10","0","dragon","25","","","100,80,50,80,40,0,0","10,40,0,0"
"Whistle_050","怪鸟之歌Ⅰ","whistle","怪鸟的狩猎笛，以怪异的歌声震彻原野。见识隐藏在怪鸟体内的力量吧。","55","HunterSkill_033,2,HunterSkill_034,1","2,1,0","5","190","0","0","fire","41","","","100,100,60,40,0,0,0","20,30,0,0"
"Whistle_051","怪鸟之歌Ⅱ","whistle","怪鸟的狩猎笛，以怪异的歌声震彻原野。见识隐藏在怪鸟体内的力量吧。","56","HunterSkill_033,3,HunterSkill_034,1","3,2,0","7","220","0","0","fire","47","","","100,120,40,70,20,0,0","20,30,0,0"
"Whistle_052","怪鸟天籁","whistle","于山野间散布奇声怪火，众所注目的怪鸟之歌强化型，在此呈现。","57","HunterSkill_033,3,HunterSkill_034,1","3,2,1","8","230","0","0","fire","50","","","110,120,30,60,30,0,0","0,50,0,0"
"Whistle_053","毒笛狂想曲Ⅰ","whistle","敲响大喙威吓猎物的毒怪鸟狩猎笛。笛上的眼睛将见证猎物的死期。","60","HunterSkill_029,2,HunterSkill_034,1","2,1,0","5","180","0","0","poison","31","","","90,50,110,50,0,0,0","50,0,0,0"
"Whistle_054","毒笛狂想曲Ⅱ","whistle","敲响大喙威吓猎物的毒怪鸟狩猎笛。笛上的眼睛将见证猎物的死期。","61","HunterSkill_029,3,HunterSkill_034,1","2,1,0","6","200","0","0","poison","34","","","90,50,80,60,20,0,0","50,0,0,0"
"Whistle_055","毒笛狂想曲【狂奏】","whistle","强化版的毒笛狂想曲，它将演奏中毒者的终焉，空洞的眸眼会引诱猎物坠入死亡的深渊。","62","HunterSkill_029,3,HunterSkill_034,1","3,2,1","8","230","0","0","poison","40","","","90,50,110,60,40,0,0","50,0,0,0"
"Whistle_056","女武神战铃Ⅰ","whistle","雌火龙素材制造的狩猎笛。既是笛子也是铃铛，工房的匠心之作。","63","HunterSkill_056,2,HunterSkill_141,1","2,1,0","5","150","15","0","poison","19","","","50,70,40,110,30,0,0","50,0,0,0"
"Whistle_057","女武神战铃Ⅱ","whistle","雌火龙素材制造的狩猎笛。既是笛子也是铃铛，工房的匠心之作。","64","HunterSkill_056,3,HunterSkill_141,1","3,2,0","7","180","15","0","poison","22","","","40,80,40,120,40,30,0","50,0,0,0"
"Whistle_058","女王之笛","whistle","强化形态的女武神战铃。女王优美的歌声，让人感受到生命的萌芽。","65","HunterSkill_056,3,HunterSkill_141,1","3,2,1","8","200","15","0","poison","25","","","40,80,30,120,30,50,0","50,0,0,0"
"Whistle_059","护雷白号Ⅰ","whistle","使用护雷颚龙素材制作的狩猎笛。唯有能以理性抑制蛮勇之力者方可使用。","58","HunterSkill_003,3","2,1,0","6","180","15","0","elec","34","","","40,100,120,40,0,0,0","10,40,0,0"
"Whistle_060","呼号护雷笛","whistle","护雷白号的强化版，具备强大到足以扭曲常理的力量。如果沉溺于这份力量，将会自取灭亡。","59","HunterSkill_003,3","3,2,1","8","210","15","0","elec","40","","","40,90,120,60,40,0,0","0,50,0,0"
"Whistle_061","狩猎笛参宿七Ⅰ","whistle","使用千刃龙的利爪制成的狩猎笛。此笛奏出的音色会化为金色利刃，使对手发狂。","109","HunterSkill_217,1","3,2,0","7","190","25","0","","","","","50,70,100,60,70,0,0","0,50,0,0"
"Whistle_062","叛笛参宿七","whistle","吾等革命的意志永垂不朽。狩猎笛参宿七完成强化之时，便是革命的开始。","110","HunterSkill_217,1","3,2,1","8","210","25","0","","","","","50,70,100,50,60,20,0","50,0,0,0"
"Whistle_063","烈焰展翼Ⅰ","whistle","以火龙骨为基础，加上翼膜与甲壳制造出的狩猎笛。通过翼膜的振动来奏响乐曲。","66","HunterSkill_002,3","2,1,0","6","180","10","0","fire","34","","","100,70,50,40,40,0,0","50,0,0,0"
"Whistle_064","火龙笛壮志","whistle","王才堪为胜者，唯胜者可称王。烈焰展翼经过锤炼的音色将唤来胜利，化作登向王座的指引。","67","HunterSkill_002,3","3,2,1","8","200","10","0","fire","40","","","100,70,50,40,60,30,0","50,0,0,0"
"Whistle_065","音色of哭号Ⅰ","whistle","由黑蚀龙素材打造的魔笛。据说一旦响起，毁灭之音便会将周围都化为焦土。","68","HunterSkill_003,3","3,2,0","7","170","20","0","dragon","27","","","50,70,80,70,50,30,0","50,0,0,0"
"Whistle_066","音色of悲痛","whistle","强化型的音色of哭号奏响的是毁灭之音。那音色会将世界化作一片虚无，既无绝望也无希望。","69","HunterSkill_003,3","3,2,1","8","200","20","0","dragon","30","","","50,50,80,60,50,60,0","50,0,0,0"
"Whistle_067","锁刃笛Ⅰ","whistle","使用锁刃龙素材制作的狩猎笛。乃古时某位骑士在遍历无数试炼之后，蒙上天赐予的笛子。","47","HunterSkill_032,2,HunterSkill_034,2","3,2,0","7","190","0","0","dragon","37","","","50,50,50,80,100,20,0","50,0,0,0"
"Whistle_068","音速号角Ⅰ","whistle","巨蜂的狩猎笛。似乎依稀能听见那些被变成昆虫的女王们，发出令人悲伤的歌声。","30","HunterSkill_017,1","0,0,0","1","90","0","0","paralyse","15","","","50,60,90,0,0,0,0","10,40,0,0"
"Whistle_069","音速号角Ⅱ","whistle","巨蜂的狩猎笛。似乎依稀能听见那些被变成昆虫的女王们，发出令人悲伤的歌声。","31","HunterSkill_017,2,HunterSkill_046,1","0,0,0","3","120","0","0","paralyse","21","","","50,90,90,20,0,0,0","50,0,0,0"
"Whistle_070","音速号角Ⅲ","whistle","巨蜂的狩猎笛。似乎依稀能听见那些被变成昆虫的女王们，发出令人悲伤的歌声。","32","HunterSkill_017,2,HunterSkill_046,1","2,1,0","5","150","0","0","paralyse","31","","","50,80,80,90,0,0,0","50,0,0,0"
"Whistle_071","音速号角Ⅳ","whistle","巨蜂的狩猎笛。似乎依稀能听见那些被变成昆虫的女王们，发出令人悲伤的歌声。","33","HunterSkill_017,3,HunterSkill_046,1","3,2,0","7","180","0","0","paralyse","37","","","50,70,90,90,50,0,0","30,20,0,0"
"Whistle_072","皇家琉璃铃","whistle","此笛封印着某位女王偷听到的神曲。据说女王们因此受罚，被变成昆虫。","34","HunterSkill_017,3,HunterSkill_046,2","3,2,1","8","200","0","0","paralyse","40","","","50,50,80,80,90,0,0","0,50,0,0"
"Whistle_073","机械之音Ⅰ","whistle","由发现的武器碎片组成的古代音响机器。用于增幅演奏音量的复杂机构非常引人注目。","100","","2,2,2","6","170","5","0","","","","","80,40,60,80,40,0,0","20,30,0,0"
"Whistle_074","机械之音Ⅱ","whistle","由发现的武器碎片组成的古代音响机器。用于增幅演奏音量的复杂机构非常引人注目。","101","","2,2,2","7","180","5","0","","","","","80,40,60,80,70,20,0","50,0,0,0"
"Whistle_075","太古音响","whistle","有着潜藏性能的太古音响机器。每一次修复都使其愈发宏亮，宛如在吟唱远古文明的终结。","102","","3,3,3","8","190","5","0","","","","","80,40,60,80,70,20,0","50,0,0,0"
"Whistle_076","期冀号角","whistle","通过实地调查而改良的希望号角。据说闻其音色者皆生勇气与希望。","5","HunterSkill_046,2,HunterSkill_001,2","3,2,1","8","210","0","0","","","","","50,60,70,60,40,70,0","50,0,0,0"
"Whistle_077","熊之母神辟轰笛","whistle","辟轰笛的强化版。其演奏声已然是咆哮。只一声便可令闻者惊惧交加，缩成一团。","43","HunterSkill_032,2,HunterSkill_034,1","3,2,1","8","240","-5","20","","","","","50,100,120,50,30,0,0","0,50,0,0"
"Whistle_078","锁刃笛·加拉哈德","whistle","锁刃笛的强化版。一生只为他人奋战不息的骑士，死后被人们奉为圣人，成为了传说。","48","HunterSkill_032,2,HunterSkill_034,2","3,2,1","8","210","0","0","dragon","40","","","50,50,50,70,90,40,0","50,0,0,0"
"Whistle_079","白炽笛加百列Ⅰ","whistle","由白炽龙素材锻造，冠以崇高审判之名的狩猎笛。复活之音响彻天际。","103","HunterSkill_204,1","3,2,0","7","210","5","0","dragon","20","","","100,40,100,40,50,20,0","50,0,0,0"
"Whistle_080","炽光笛加百列","whistle","加百列自天上传下意志——渴求审判的追随者啊，便叫这自鸣的旋律宣告此世的终焉。","104","HunterSkill_204,1","3,2,1","8","220","5","0","dragon","25","","","100,40,100,40,30,40,0","50,0,0,0"
"Whistle_082","狐铃【无言亦无声】Ⅰ","whistle","知名军师遗留的风雅铃铛。银铃之音静静响起，黄泉之门随即敞开。","106","HunterSkill_202,2,HunterSkill_003,1","2,1,0","6","180","15","0","water","30","","","80,60,40,40,70,10,0","50,0,0,0"
"Whistle_083","雷鸣音铃之乙鸣","whistle","狐铃【无言亦无声】强化型。从远处传来的优雅铃声，净化御灵，引至天涯。","107","HunterSkill_202,3,HunterSkill_003,1","3,2,1","8","210","15","0","water","35","","","80,60,40,40,80,50,0","50,0,0,0"
"Whistle_086","海龙角笛Ⅰ","whistle","模仿海龙身躯制成的狩猎笛。响彻四海的雷霆轰鸣和闪电，在大海上掀起风暴。","112","HunterSkill_214,1,HunterSkill_032,2","3,2,0","7","210","0","0","elec","40","","","70,50,40,100,40,50,0","50,0,0,0"
"Whistle_087","雷笛雷电角","whistle","经过精心强化的海龙角笛，化为了狂暴的海中凶煞的化身。狂野的巨雷响彻寰宇。","113","HunterSkill_214,1,HunterSkill_032,2","3,2,1","8","230","0","0","elec","45","","","60,40,30,80,60,80,0","50,0,0,0"
"Whistle_089","暗黑舞姬音响","whistle","吞噬隐藏性能的异形之旋律。诉说悲惨结局的终曲未曾来临，笼中之歌永无休止。","114","","3,3,3","8","200","-10","0","","","","","140,40,40,80,30,20,0","50,0,0,0"
"Whistle_090","暗黑舞姬音响","whistle","吞噬隐藏性能的异形之旋律。诉说悲惨结局的终曲未曾来临，笼中之歌永无休止。","115","","3,3,3","8","180","15","0","","","","","140,40,40,50,70,10,0","50,0,0,0"
"Whistle_091","暗黑舞姬音响","whistle","吞噬隐藏性能的异形之旋律。诉说悲惨结局的终曲未曾来临，笼中之歌永无休止。","116","","3,3,3","8","190","0","0","","","","","140,40,40,80,30,20,0","50,0,0,0"